release_date,period,firm,economist,estimate
2018-02-02,Jan-18,4CAST-RGE,David H Sloan,150
2018-02-02,Jan-18,Acciones y Valores,,171
2018-02-02,Jan-18,Action Economics LLC,Michael R Englund,200
2018-02-02,Jan-18,Ameriprise Financial Inc,Russell T Price,194
2018-02-02,Jan-18,BBVA,Nathaniel Karp,220
2018-02-02,Jan-18,BMO Capital Markets,Douglas Porter,205
2018-02-02,Jan-18,BNP Paribas SA,,230
2018-02-02,Jan-18,Banc of America Securities,Mickey D Levy,180
2018-02-02,Jan-18,Bank of The West,Scott A Anderson,180
2018-02-02,Jan-18,Banorte,Casillas/Paredes,182
2018-02-02,Jan-18,Bantleon Bank AG,Andreas Busch,190
2018-02-02,Jan-18,Barclays Capital Inc.,Jonathan Millar,175
2018-02-02,Jan-18,Bayerische Landesbank,Christiane Von Berg,175
2018-02-02,Jan-18,Berliner Sparkasse,Uwe Duerkop,150
2018-02-02,Jan-18,Bloomberg Economics,,195
2018-02-02,Jan-18,CIBC World Markets,Avery Shenfeld,205
2018-02-02,Jan-18,Capital Economics Ltd,,200
2018-02-02,Jan-18,Citigroup Inc,,165
2018-02-02,Jan-18,Comerica Inc,Robert A Dye,180
2018-02-02,Jan-18,Commerzbank AG,Weidensteiner/Balz,160
2018-02-02,Jan-18,Credit Agricole CIB,Michael P Carey,180
2018-02-02,Jan-18,Credit Suisse Securities (USA) LLC,James Sweeney,165
2018-02-02,Jan-18,Cti Capital Securities Inc,Stephan Buu,212
2018-02-02,Jan-18,Daiwa Capital Mkts,Michael Moran,170
2018-02-02,Jan-18,Danske Bank A/S,Mikael Olai Milhoj,200
2018-02-02,Jan-18,DekaBank,Bahr/Besch/Luetje,170
2018-02-02,Jan-18,Desjardins Financial Group,Jean/Genereux,185
2018-02-02,Jan-18,Deutsche Bank Securities Inc,Brett Ryan,210
2018-02-02,Jan-18,FTN Financial,Low/Morelock,180
2018-02-02,Jan-18,Fact & Opinion Economics,Robert Brusca,160
2018-02-02,Jan-18,Fathom Financial Consulting,Brian Davidson,230
2018-02-02,Jan-18,First Trust Portfolios LP,Stein/Wesbury,180
2018-02-02,Jan-18,Goldman Sachs & Co LLC,,205
2018-02-02,Jan-18,HSBC Securities (USA) Inc,Ryan Wang,170
2018-02-02,Jan-18,Helaba,Patrick Franke,200
2018-02-02,Jan-18,Hugh Johnson Advisors LLC,Hugh A Johnson,230
2018-02-02,Jan-18,ING Financial Markets LLC,James Knightley,170
2018-02-02,Jan-18,Infinity Asset Management,Jason Freitas Vieira,184
2018-02-02,Jan-18,Intesa Sanpaolo Spa,Sergio Capaldi,180
2018-02-02,Jan-18,Intl Strategy & Investment,Stan Shipley,150
2018-02-02,Jan-18,Investec,Shaw/Clarke,165
2018-02-02,Jan-18,Itau Asset Management SA/Brazil,,190
2018-02-02,Jan-18,JP Morgan Securities LLC,Michael E Feroli,200
2018-02-02,Jan-18,JPMorgan Asset Management Inc,David P Kelly,221
2018-02-02,Jan-18,Jefferies LLC,Ward McCarthy,200
2018-02-02,Jan-18,Landesbank BW,Dirk Chlench,190
2018-02-02,Jan-18,Lloyds Bank PLC,Rhys Herbert,185
2018-02-02,Jan-18,MUFG Union Bank NA,Chris Rupkey,140
2018-02-02,Jan-18,Maria Fiorini Ramirez Inc,Joshua Shapiro,205
2018-02-02,Jan-18,Market Securities LLP,Christophe Barraud,185
2018-02-02,Jan-18,Merrill Lynch,Michelle Meyer,180
2018-02-02,Jan-18,Moody's Analytics Inc,Ryan Sweet,205
2018-02-02,Jan-18,Morgan Stanley Group Inc,,195
2018-02-02,Jan-18,National Bank of Canada Financial Inc,Marion/Paquet,160
2018-02-02,Jan-18,Nationwide Insurance,David William Berson,165
2018-02-02,Jan-18,Natixis,Thomas Julien,155
2018-02-02,Jan-18,Natwest Markets,Kevin Cummins,165
2018-02-02,Jan-18,Nomura Securities International Inc,Lewis S Alexander,205
2018-02-02,Jan-18,Nord / LB,Bernd Krampen,180
2018-02-02,Jan-18,Oxford Economics USA Inc,,174
2018-02-02,Jan-18,PNC Finl Services Group INC,Augustine Faucher,160
2018-02-02,Jan-18,Pantheon Macroeconomics Ltd,Ian C Shepherdson,190
2018-02-02,Jan-18,Pinebridge Investments LLC,Markus Schomer,155
2018-02-02,Jan-18,Prestige Economics LLC,Jason M Schenker,175
2018-02-02,Jan-18,RBC Capital Markets LLC,Tom Porcelli,175
2018-02-02,Jan-18,Raiffeisenbank International,Joerg Angele,159
2018-02-02,Jan-18,Raymond James Financial Inc,Scott J Brown,155
2018-02-02,Jan-18,Regions Financial Corp,Richard F Moody,192
2018-02-02,Jan-18,Santander US CM (ex-Amherst Pierpont),Stephen L Stanley,170
2018-02-02,Jan-18,Scotiabank,Derek Holt,200
2018-02-02,Jan-18,Societe Generale,Omair Sharif,190
2018-02-02,Jan-18,Southbay Research,Andrew Zatlin,245
2018-02-02,Jan-18,Standard Chartered Bank,Mike Moran,200
2018-02-02,Jan-18,Stifel Nicolaus & Co Inc,Lindsey Piegza,170
2018-02-02,Jan-18,TD Securities (USA) LLC,Michael S Hanson,175
2018-02-02,Jan-18,UBS Securities LLC,Samuel Coffin,177
2018-02-02,Jan-18,UniCredit Research,Harm Bandholz,170
2018-02-02,Jan-18,University College Dublin,Colm Fitzgerald,181
2018-02-02,Jan-18,University of Maryland,Peter G Morici,200
2018-02-02,Jan-18,Vining Sparks IBG LP,Craig Dismuke,220
2018-02-02,Jan-18,Wells Fargo Securities LLC,Jay H Bryson,175
2018-02-02,Jan-18,Westpac Banking Corp,,170
2018-02-02,Jan-18,Wrightson ICAP LLC,Crandall/Jordan,165
2018-03-09,Feb-18,4cast Ltd,David H Sloan,205
2018-03-09,Feb-18,Acciones y Valores,,195
2018-03-09,Feb-18,Action Economics LLC,Michael R Englund,210
2018-03-09,Feb-18,Ameriprise Financial Inc,Russell T Price,185
2018-03-09,Feb-18,BBVA Research,Nathaniel Karp,200
2018-03-09,Feb-18,BMO Nesbitt Burns Inc,Douglas Porter,200
2018-03-09,Feb-18,BNP Paribas SA,,225
2018-03-09,Feb-18,Banco Mercantil Del Norte SA,Casillas/Paredes,221
2018-03-09,Feb-18,Bank of The West,Scott A Anderson,215
2018-03-09,Feb-18,Bantleon Bank AG,Andreas Busch,185
2018-03-09,Feb-18,Barclays Capital Inc.,Jonathan Millar,200
2018-03-09,Feb-18,Bayerische Landesbank,Christiane Von Berg,195
2018-03-09,Feb-18,Berliner Sparkasse,Uwe Duerkop,180
2018-03-09,Feb-18,Bloomberg Economics,,225
2018-03-09,Feb-18,Canadian Imperial Bank of Commerce,Avery Shenfeld,220
2018-03-09,Feb-18,Capital Economics Ltd,,250
2018-03-09,Feb-18,Citigroup Inc,,185
2018-03-09,Feb-18,Commerzbank AG,Weidensteiner/Balz,220
2018-03-09,Feb-18,Credit Agricole CIB,Michael P Carey,210
2018-03-09,Feb-18,Credit Suisse Securities (USA) LLC,James Sweeney,205
2018-03-09,Feb-18,Cti Capital Securities Inc,Stephan Buu,217
2018-03-09,Feb-18,Daiwa Capital Mkts,Michael Moran,185
2018-03-09,Feb-18,Dekabank Deutsche Girozentrale,Bahr/Besch/Luetje,210
2018-03-09,Feb-18,Desjardins Financial Group,Jean/Genereux,210
2018-03-09,Feb-18,Deutsche Bank Securities Inc,Brett Ryan,185
2018-03-09,Feb-18,Evercore ISI,Stan Shipley,180
2018-03-09,Feb-18,FTN Financial,Low/Morelock,185
2018-03-09,Feb-18,Fact & Opinion Economics,Robert Brusca,175
2018-03-09,Feb-18,Fathom Finl Consulting,Brian Davidson,230
2018-03-09,Feb-18,First Trust Portfolios LP,Stein/Wesbury,225
2018-03-09,Feb-18,Goldman Sachs & Co LLC,,210
2018-03-09,Feb-18,HSBC Securities (USA) Inc,Ryan Wang,185
2018-03-09,Feb-18,Helaba Frankfurt,Patrick Franke,230
2018-03-09,Feb-18,Hugh Johnson Advisors LLC,Hugh A Johnson,237
2018-03-09,Feb-18,ING Financial Markets LLC,James Knightley,180
2018-03-09,Feb-18,Infinity Asset Management,Jason Freitas Vieira,225
2018-03-09,Feb-18,Intesa Sanpaolo Spa,Sergio Capaldi,200
2018-03-09,Feb-18,Itau Asset Management SA/Brazil,,215
2018-03-09,Feb-18,JP Morgan Securities LLC,Michael E Feroli,225
2018-03-09,Feb-18,JPMorgan Asset Management Inc,David P Kelly,252
2018-03-09,Feb-18,Jefferies LLC,Ward McCarthy,210
2018-03-09,Feb-18,Landesbank Baden-Wuerttemberg,Dirk Chlench,300
2018-03-09,Feb-18,Lloyds Bank PLC,Rhys Herbert,200
2018-03-09,Feb-18,MUFG Union Bank NA,Chris Rupkey,200
2018-03-09,Feb-18,Maria Fiorini Ramirez Inc,Joshua Shapiro,230
2018-03-09,Feb-18,Market Securities LLP,Christophe Barraud,215
2018-03-09,Feb-18,Merrill Lynch,Michelle Meyer,160
2018-03-09,Feb-18,Moody's Analytics Inc,Ryan Sweet,230
2018-03-09,Feb-18,Morgan Stanley Group Inc,,210
2018-03-09,Feb-18,National Bank of Canada Financial Inc,Marion/Paquet,220
2018-03-09,Feb-18,Nationwide Insurance,David William Berson,180
2018-03-09,Feb-18,Natixis North America LLC,Thomas Julien,190
2018-03-09,Feb-18,Natwest Markets,Kevin Cummins,210
2018-03-09,Feb-18,Nomura Securities International Inc,Lewis S Alexander,210
2018-03-09,Feb-18,Nord / LB,Bernd Krampen,200
2018-03-09,Feb-18,Oxford Economics USA Inc,,198
2018-03-09,Feb-18,PNC Finl Services Group INC,Augustine Faucher,225
2018-03-09,Feb-18,Pantheon Macroeconomics Ltd,Ian C Shepherdson,225
2018-03-09,Feb-18,Paragon Research Ltd,Colm Fitzgerald,188
2018-03-09,Feb-18,Pinebridge Investments LLC,Markus Schomer,185
2018-03-09,Feb-18,Prestige Economics LLC,Jason M Schenker,185
2018-03-09,Feb-18,RBC Capital Markets LLC,Tom Porcelli,190
2018-03-09,Feb-18,Raiffeisen Research,Joerg Angele,237
2018-03-09,Feb-18,Raymond James Financial Inc,Scott J Brown,175
2018-03-09,Feb-18,Regions Financial Corp,Richard F Moody,227
2018-03-09,Feb-18,Santander US CM (ex-Amherst Pierpont),Stephen L Stanley,190
2018-03-09,Feb-18,Scotiabank,Derek Holt,200
2018-03-09,Feb-18,Societe Generale,Omair Sharif,180
2018-03-09,Feb-18,Southbay Research,Andrew Zatlin,252
2018-03-09,Feb-18,Standard Chartered Bank,Mike Moran,205
2018-03-09,Feb-18,Stifel Nicolaus & Co Inc,Lindsey Piegza,180
2018-03-09,Feb-18,TD Securities (USA) LLC,Michael S Hanson,175
2018-03-09,Feb-18,UBS Securities LLC,Samuel Coffin,199
2018-03-09,Feb-18,UniCredit Bank AG,Harm Bandholz,180
2018-03-09,Feb-18,University of Maryland,Peter G Morici,200
2018-03-09,Feb-18,Wells Fargo Securities LLC,Jay H Bryson,210
2018-03-09,Feb-18,Westpac Banking Corp,,230
2018-03-09,Feb-18,Wrightson ICAP LLC,Crandall/Jordan,175
2018-04-06,Mar-18,4cast Ltd,David H Sloan,150
2018-04-06,Mar-18,Acciones y Valores,,225
2018-04-06,Mar-18,Action Economics LLC,Michael R Englund,225
2018-04-06,Mar-18,Ameriprise Financial Inc,Russell T Price,190
2018-04-06,Mar-18,BBVA Research,Nathaniel Karp,210
2018-04-06,Mar-18,BMO Nesbitt Burns Inc,Douglas Porter,200
2018-04-06,Mar-18,BNP Paribas SA,,170
2018-04-06,Mar-18,Banco Mercantil Del Norte SA,Casillas/Paredes,189
2018-04-06,Mar-18,Bank of The West,Scott A Anderson,245
2018-04-06,Mar-18,Bantleon Bank AG,Andreas Busch,220
2018-04-06,Mar-18,Barclays Capital Inc.,Jonathan Millar,200
2018-04-06,Mar-18,Bayerische Landesbank,Christiane Von Berg,180
2018-04-06,Mar-18,Berliner Sparkasse,Uwe Duerkop,180
2018-04-06,Mar-18,Bloomberg Economics,,210
2018-04-06,Mar-18,Canadian Imperial Bank of Commerce,Avery Shenfeld,164
2018-04-06,Mar-18,Capital Economics Ltd,,250
2018-04-06,Mar-18,Citigroup Inc,,180
2018-04-06,Mar-18,Comerica Inc,Robert A Dye,175
2018-04-06,Mar-18,Commerzbank AG,Weidensteiner/Balz,180
2018-04-06,Mar-18,Credit Agricole CIB,Michael P Carey,190
2018-04-06,Mar-18,Credit Suisse Securities (USA) LLC,James Sweeney,225
2018-04-06,Mar-18,Cti Capital Securities Inc,Stephan Buu,238
2018-04-06,Mar-18,Daiwa Capital Mkts,Michael Moran,150
2018-04-06,Mar-18,Dekabank Deutsche Girozentrale,Bahr/Besch/Luetje,170
2018-04-06,Mar-18,Desjardins Financial Group,Jean/Genereux,170
2018-04-06,Mar-18,Deutsche Bank Securities Inc,Brett Ryan,200
2018-04-06,Mar-18,Evercore ISI,Stan Shipley,175
2018-04-06,Mar-18,Fact & Opinion Economics,Robert Brusca,100
2018-04-06,Mar-18,Fathom Finl Consulting,Brian Davidson,220
2018-04-06,Mar-18,First Trust Portfolios LP,Stein/Wesbury,155
2018-04-06,Mar-18,Goldman Sachs & Co LLC,,200
2018-04-06,Mar-18,HSBC Securities (USA) Inc,Ryan Wang,170
2018-04-06,Mar-18,Helaba Frankfurt,Patrick Franke,200
2018-04-06,Mar-18,Hugh Johnson Advisors LLC,Hugh A Johnson,247
2018-04-06,Mar-18,ING Financial Markets LLC,James Knightley,180
2018-04-06,Mar-18,Intesa Sanpaolo Spa,Sergio Capaldi,230
2018-04-06,Mar-18,Investec Bank PLC,Shaw/Clarke,255
2018-04-06,Mar-18,Itau Asset Management SA/Brazil,,202
2018-04-06,Mar-18,JP Morgan Securities LLC,Michael E Feroli,200
2018-04-06,Mar-18,JPMorgan Asset Management Inc,David P Kelly,210
2018-04-06,Mar-18,Jefferies LLC,Ward McCarthy,170
2018-04-06,Mar-18,Landesbank Baden-Wuerttemberg,Dirk Chlench,220
2018-04-06,Mar-18,Lloyds Bank PLC,Rhys Herbert,190
2018-04-06,Mar-18,MUFG Union Bank NA,Chris Rupkey,190
2018-04-06,Mar-18,Maria Fiorini Ramirez Inc,Joshua Shapiro,220
2018-04-06,Mar-18,Market Securities LLP,Christophe Barraud,180
2018-04-06,Mar-18,Merrill Lynch,Michelle Meyer,195
2018-04-06,Mar-18,Moody's Analytics Inc,Ryan Sweet,155
2018-04-06,Mar-18,Morgan Stanley Group Inc,,180
2018-04-06,Mar-18,National Bank of Canada Financial Inc,Marion/Paquet,195
2018-04-06,Mar-18,Nationwide Insurance,David William Berson,185
2018-04-06,Mar-18,Natixis North America LLC,Thomas Julien,200
2018-04-06,Mar-18,Natwest Markets,Kevin Cummins,130
2018-04-06,Mar-18,Nomura Securities International Inc,Lewis S Alexander,140
2018-04-06,Mar-18,Oxford Economics USA Inc,,165
2018-04-06,Mar-18,PNC Finl Services Group INC,Augustine Faucher,160
2018-04-06,Mar-18,Pantheon Macroeconomics Ltd,Ian C Shepherdson,125
2018-04-06,Mar-18,Pinebridge Investments LLC,Markus Schomer,175
2018-04-06,Mar-18,Prestige Economics LLC,Jason M Schenker,165
2018-04-06,Mar-18,RBC Capital Markets LLC,Tom Porcelli,185
2018-04-06,Mar-18,Raiffeisen Research,Joerg Angele,200
2018-04-06,Mar-18,Raymond James Financial Inc,Scott J Brown,170
2018-04-06,Mar-18,Regions Financial Corp,Richard F Moody,152
2018-04-06,Mar-18,Santander US CM (ex-Amherst Pierpont),Stephen L Stanley,210
2018-04-06,Mar-18,Scotiabank,Derek Holt,200
2018-04-06,Mar-18,Societe Generale,Omair Sharif,225
2018-04-06,Mar-18,Southbay Research,Andrew Zatlin,116
2018-04-06,Mar-18,Stifel Nicolaus & Co Inc,Lindsey Piegza,180
2018-04-06,Mar-18,TD Securities (USA) LLC,Michael S Hanson,170
2018-04-06,Mar-18,UBS Securities LLC,Samuel Coffin,212
2018-04-06,Mar-18,UniCredit Bank AG,Harm Bandholz,165
2018-04-06,Mar-18,Vining Sparks IBG LP,Craig Dismuke,150
2018-04-06,Mar-18,Wells Fargo Securities LLC,Jay H Bryson,175
2018-04-06,Mar-18,Westpac Banking Corp,,170
2018-04-06,Mar-18,Wrightson ICAP LLC,Crandall/Jordan,185
2018-05-04,Apr-18,Acciones y Valores,,160
2018-05-04,Apr-18,Action Economics LLC,Michael R Englund,210
2018-05-04,Apr-18,Ameriprise Financial Inc,Russell T Price,185
2018-05-04,Apr-18,BBVA Research,Nathaniel Karp,200
2018-05-04,Apr-18,BMO Nesbitt Burns Inc,Douglas Porter,190
2018-05-04,Apr-18,BNP Paribas SA,,200
2018-05-04,Apr-18,Banco Mercantil Del Norte SA,Casillas/Paredes,197
2018-05-04,Apr-18,Bank of The West,Scott A Anderson,185
2018-05-04,Apr-18,Bantleon Bank AG,Andreas Busch,190
2018-05-04,Apr-18,Barclays Capital Inc.,Jonathan Millar,175
2018-05-04,Apr-18,Bayerische Landesbank,Christiane Von Berg,195
2018-05-04,Apr-18,Berliner Sparkasse,Uwe Duerkop,180
2018-05-04,Apr-18,Bloomberg Economics,,215
2018-05-04,Apr-18,Canadian Imperial Bank of Commerce,Avery Shenfeld,177
2018-05-04,Apr-18,Capital Economics Ltd,,175
2018-05-04,Apr-18,Citigroup Inc,,168
2018-05-04,Apr-18,Comerica Inc,Robert A Dye,190
2018-05-04,Apr-18,Commerzbank AG,Weidensteiner/Balz,180
2018-05-04,Apr-18,Credit Agricole CIB,Michael P Carey,195
2018-05-04,Apr-18,Credit Suisse Securities (USA) LLC,James Sweeney,175
2018-05-04,Apr-18,Cti Capital Securities Inc,Stephan Buu,198
2018-05-04,Apr-18,Daiwa Capital Mkts,Michael Moran,180
2018-05-04,Apr-18,Danske Bank A/S,Mikael Olai Milhoj,200
2018-05-04,Apr-18,Dekabank Deutsche Girozentrale,Bahr/Besch/Luetje,210
2018-05-04,Apr-18,Desjardins Financial Group,Jean/Genereux,225
2018-05-04,Apr-18,Deutsche Bank Securities Inc,Brett Ryan,185
2018-05-04,Apr-18,Evercore ISI,Stan Shipley,175
2018-05-04,Apr-18,FTN Financial,Low/Morelock,225
2018-05-04,Apr-18,Fact & Opinion Economics,Robert Brusca,175
2018-05-04,Apr-18,Fathom Finl Consulting,Brian Davidson,220
2018-05-04,Apr-18,First Trust Portfolios LP,Stein/Wesbury,191
2018-05-04,Apr-18,Goldman Sachs & Co LLC,,180
2018-05-04,Apr-18,HSBC Securities (USA) Inc,Ryan Wang,185
2018-05-04,Apr-18,Helaba Frankfurt,Patrick Franke,200
2018-05-04,Apr-18,Hugh Johnson Advisors LLC,Hugh A Johnson,229
2018-05-04,Apr-18,ING Financial Markets LLC,James Knightley,200
2018-05-04,Apr-18,Intesa Sanpaolo Spa,Sergio Capaldi,190
2018-05-04,Apr-18,Investec Bank PLC,Shaw/Clarke,200
2018-05-04,Apr-18,Itau Asset Management SA/Brazil,,215
2018-05-04,Apr-18,Itau Unibanco SA,,210
2018-05-04,Apr-18,JP Morgan Securities LLC,Michael E Feroli,175
2018-05-04,Apr-18,JPMorgan Asset Management Inc,David P Kelly,228
2018-05-04,Apr-18,Jefferies LLC,Ward McCarthy,185
2018-05-04,Apr-18,Landesbank Baden-Wuerttemberg,Dirk Chlench,220
2018-05-04,Apr-18,Lloyds Bank PLC,Rhys Herbert,200
2018-05-04,Apr-18,Loop Capital Markets LLC,Chris Mier,200
2018-05-04,Apr-18,MUFG Union Bank NA,Chris Rupkey,200
2018-05-04,Apr-18,Maria Fiorini Ramirez Inc,Joshua Shapiro,200
2018-05-04,Apr-18,Market Securities LLP,Christophe Barraud,185
2018-05-04,Apr-18,Merrill Lynch,Michelle Meyer,210
2018-05-04,Apr-18,Moody's Analytics Inc,Ryan Sweet,170
2018-05-04,Apr-18,Morgan Stanley Group Inc,,145
2018-05-04,Apr-18,National Bank of Canada Financial Inc,Marion/Paquet,160
2018-05-04,Apr-18,Nationwide Insurance,David William Berson,180
2018-05-04,Apr-18,Natixis North America LLC,Thomas Julien,175
2018-05-04,Apr-18,Natwest Markets,Kevin Cummins,205
2018-05-04,Apr-18,Nomura Securities International Inc,Lewis S Alexander,220
2018-05-04,Apr-18,Nord / LB,Bernd Krampen,170
2018-05-04,Apr-18,Oxford Economics USA Inc,,192
2018-05-04,Apr-18,PNC Finl Services Group INC,Augustine Faucher,175
2018-05-04,Apr-18,Pantheon Macroeconomics Ltd,Ian C Shepherdson,200
2018-05-04,Apr-18,Paragon Research Ltd,Colm Fitzgerald,239
2018-05-04,Apr-18,Pinebridge Investments LLC,Markus Schomer,185
2018-05-04,Apr-18,Prestige Economics LLC,Jason M Schenker,180
2018-05-04,Apr-18,RBC Capital Markets LLC,Tom Porcelli,255
2018-05-04,Apr-18,Raiffeisen Research,Joerg Angele,209
2018-05-04,Apr-18,Raymond James Financial Inc,Scott J Brown,185
2018-05-04,Apr-18,Regions Financial Corp,Richard F Moody,202
2018-05-04,Apr-18,Santander US CM (ex-Amherst Pierpont),Stephen L Stanley,225
2018-05-04,Apr-18,Scotiabank,Derek Holt,210
2018-05-04,Apr-18,Societe Generale,Omair Sharif,190
2018-05-04,Apr-18,Southbay Research,Andrew Zatlin,215
2018-05-04,Apr-18,Standard Chartered Bank,Mike Moran,185
2018-05-04,Apr-18,Stifel Nicolaus & Co Inc,Lindsey Piegza,170
2018-05-04,Apr-18,TD Securities (USA) LLC,Michael S Hanson,210
2018-05-04,Apr-18,UBS Securities LLC,Samuel Coffin,194
2018-05-04,Apr-18,UniCredit Bank AG,Harm Bandholz,180
2018-05-04,Apr-18,Vining Sparks IBG LP,Craig Dismuke,230
2018-05-04,Apr-18,Wells Fargo Securities LLC,Jay H Bryson,185
2018-05-04,Apr-18,Wrightson ICAP LLC,Crandall/Jordan,195
2018-06-01,May-18,ABN Amro Bank NV,Bruin/Cabezas,200
2018-06-01,May-18,Acciones y Valores,,170
2018-06-01,May-18,Action Economics LLC,Michael R Englund,195
2018-06-01,May-18,Ameriprise Financial Inc,Russell T Price,185
2018-06-01,May-18,BBVA Research,Nathaniel Karp,175
2018-06-01,May-18,BMO Nesbitt Burns Inc,Douglas Porter,180
2018-06-01,May-18,BNP Paribas SA,,165
2018-06-01,May-18,Banco Mercantil Del Norte SA,Casillas/Paredes,196
2018-06-01,May-18,Bank of The West,Scott A Anderson,169
2018-06-01,May-18,Bantleon Bank AG,Andreas Busch,200
2018-06-01,May-18,Barclays Capital Inc.,Jonathan Millar,200
2018-06-01,May-18,Bayerische Landesbank,Christiane Von Berg,200
2018-06-01,May-18,Bloomberg Economics,,200
2018-06-01,May-18,Canadian Imperial Bank of Commerce,Avery Shenfeld,198
2018-06-01,May-18,Capital Economics Ltd,,190
2018-06-01,May-18,Citigroup Inc,,200
2018-06-01,May-18,Comerica Inc,Robert A Dye,195
2018-06-01,May-18,Commerzbank AG,Weidensteiner/Balz,210
2018-06-01,May-18,Credit Agricole CIB,Michael P Carey,185
2018-06-01,May-18,Credit Suisse Securities (USA) LLC,James Sweeney,170
2018-06-01,May-18,Cti Capital Securities Inc,Stephan Buu,198
2018-06-01,May-18,DZ Bank AG,,200
2018-06-01,May-18,Daiwa Capital Mkts,Michael Moran,185
2018-06-01,May-18,Danske Bank A/S,Mikael Olai Milhoj,190
2018-06-01,May-18,Dekabank Deutsche Girozentrale,Besch/Luetje,180
2018-06-01,May-18,Desjardins Financial Group,Jean/Genereux,190
2018-06-01,May-18,Deutsche Bank Securities Inc,Brett Ryan,180
2018-06-01,May-18,Evercore ISI,Stan Shipley,190
2018-06-01,May-18,FTN Financial,Low/Morelock,200
2018-06-01,May-18,Fact & Opinion Economics,Robert Brusca,150
2018-06-01,May-18,First Trust Portfolios LP,Stein/Wesbury,183
2018-06-01,May-18,Goldman Sachs & Co LLC,,205
2018-06-01,May-18,HSBC Securities (USA) Inc,Ryan Wang,185
2018-06-01,May-18,Helaba Frankfurt,Patrick Franke,200
2018-06-01,May-18,Hugh Johnson Advisors LLC,Hugh A Johnson,182
2018-06-01,May-18,ING Financial Markets LLC,James Knightley,170
2018-06-01,May-18,Intesa Sanpaolo Spa,Sergio Capaldi,210
2018-06-01,May-18,Investec Bank PLC,Shaw/Clarke,190
2018-06-01,May-18,Itau Asset Management SA/Brazil,,180
2018-06-01,May-18,Itau Unibanco SA,,210
2018-06-01,May-18,JP Morgan Securities LLC,Michael E Feroli,250
2018-06-01,May-18,JPMorgan Asset Management Inc,David P Kelly,190
2018-06-01,May-18,Jefferies LLC,Ward McCarthy,205
2018-06-01,May-18,Landesbank Baden-Wuerttemberg,Dirk Chlench,180
2018-06-01,May-18,Lloyds Bank PLC,Rhys Herbert,205
2018-06-01,May-18,MUFG Union Bank NA,Chris Rupkey,200
2018-06-01,May-18,Maria Fiorini Ramirez Inc,Joshua Shapiro,195
2018-06-01,May-18,Market Securities LLP,Christophe Barraud,197
2018-06-01,May-18,Merrill Lynch,Michelle Meyer,220
2018-06-01,May-18,Mizuho Securities USA LLC,Steven R Ricchiuto,175
2018-06-01,May-18,Moody's Analytics Inc,Ryan Sweet,170
2018-06-01,May-18,Morgan Stanley Group Inc,,200
2018-06-01,May-18,National Bank of Canada Financial Inc,Marion/Paquet,170
2018-06-01,May-18,Nationwide Insurance,David William Berson,190
2018-06-01,May-18,Natixis North America LLC,Thomas Julien,185
2018-06-01,May-18,Natwest Markets,Kevin Cummins,180
2018-06-01,May-18,Nomura Securities International Inc,Lewis S Alexander,205
2018-06-01,May-18,Nord / LB,Bernd Krampen,190
2018-06-01,May-18,Oxford Economics USA Inc,,174
2018-06-01,May-18,PNC Finl Services Group INC,Augustine Faucher,195
2018-06-01,May-18,Pantheon Macroeconomics Ltd,Ian C Shepherdson,180
2018-06-01,May-18,Pinebridge Investments LLC,Markus Schomer,175
2018-06-01,May-18,RBC Capital Markets LLC,Tom Porcelli,215
2018-06-01,May-18,Raiffeisen Research,Joerg Angele,237
2018-06-01,May-18,Raymond James Financial Inc,Scott J Brown,160
2018-06-01,May-18,Regions Financial Corp,Richard F Moody,218
2018-06-01,May-18,Santander US CM (ex-Amherst Pierpont),Stephen L Stanley,220
2018-06-01,May-18,Scotiabank,Derek Holt,200
2018-06-01,May-18,Societe Generale,Omair Sharif,185
2018-06-01,May-18,Southbay Research,Andrew Zatlin,176
2018-06-01,May-18,Stifel Nicolaus & Co Inc,Lindsey Piegza,180
2018-06-01,May-18,TD Securities (USA) LLC,Michael S Hanson,200
2018-06-01,May-18,UBS Securities LLC,Samuel Coffin,217
2018-06-01,May-18,UniCredit Bank AG,Harm Bandholz,180
2018-06-01,May-18,Wells Fargo Securities LLC,Jay H Bryson,180
2018-06-01,May-18,Westpac Banking Corp,,180
2018-06-01,May-18,Wrightson ICAP LLC,Crandall/Jordan,175
2018-07-06,Jun-18,4cast Ltd,David H Sloan,210
2018-07-06,Jun-18,Acciones y Valores,,202
2018-07-06,Jun-18,Action Economics LLC,Michael R Englund,200
2018-07-06,Jun-18,Ameriprise Financial Inc,Russell T Price,180
2018-07-06,Jun-18,BMO Nesbitt Burns Inc,Douglas Porter,180
2018-07-06,Jun-18,BNP Paribas SA,,200
2018-07-06,Jun-18,Banco Mercantil Del Norte SA,Casillas/Paredes,195
2018-07-06,Jun-18,Bank of The West,Scott A Anderson,195
2018-07-06,Jun-18,Bantleon Bank AG,Andreas Busch,190
2018-07-06,Jun-18,Barclays Capital Inc.,Jonathan Millar,200
2018-07-06,Jun-18,Bayerische Landesbank,Christiane Von Berg,194
2018-07-06,Jun-18,Berliner Sparkasse,Uwe Duerkop,181
2018-07-06,Jun-18,Bloomberg Economics,,220
2018-07-06,Jun-18,Canadian Imperial Bank of Commerce,Avery Shenfeld,206
2018-07-06,Jun-18,Capital Economics Ltd,,180
2018-07-06,Jun-18,Citigroup Inc,,195
2018-07-06,Jun-18,Comerica Inc,Robert A Dye,190
2018-07-06,Jun-18,Commerzbank AG,Weidensteiner/Balz,185
2018-07-06,Jun-18,Credit Suisse Securities (USA) LLC,James Sweeney,180
2018-07-06,Jun-18,Cti Capital Securities Inc,Stephan Buu,230
2018-07-06,Jun-18,DZ Bank AG,,210
2018-07-06,Jun-18,Daiwa Capital Mkts,Michael Moran,190
2018-07-06,Jun-18,Danske Bank A/S,Mikael Olai Milhoj,190
2018-07-06,Jun-18,Dekabank Deutsche Girozentrale,Besch/Luetje,190
2018-07-06,Jun-18,Desjardins Financial Group,Jean/Genereux,225
2018-07-06,Jun-18,Deutsche Bank Securities Inc,Brett Ryan,190
2018-07-06,Jun-18,Evercore ISI,Stan Shipley,195
2018-07-06,Jun-18,FTN Financial,Low/Morelock,185
2018-07-06,Jun-18,Fact & Opinion Economics,Robert Brusca,170
2018-07-06,Jun-18,First Trust Portfolios LP,Stein/Wesbury,185
2018-07-06,Jun-18,Goldman Sachs & Co LLC,,200
2018-07-06,Jun-18,HSBC Securities (USA) Inc,Ryan Wang,200
2018-07-06,Jun-18,Helaba Frankfurt,Patrick Franke,200
2018-07-06,Jun-18,Hugh Johnson Advisors LLC,Hugh A Johnson,190
2018-07-06,Jun-18,ING Financial Markets LLC,James Knightley,210
2018-07-06,Jun-18,Intesa Sanpaolo Spa,Sergio Capaldi,200
2018-07-06,Jun-18,Investec Bank PLC,Shaw/Clarke,185
2018-07-06,Jun-18,Itau Asset Management SA/Brazil,,190
2018-07-06,Jun-18,Itau Unibanco SA,,200
2018-07-06,Jun-18,JP Morgan Securities LLC,Michael E Feroli,180
2018-07-06,Jun-18,JPMorgan Asset Management Inc,David P Kelly,215
2018-07-06,Jun-18,Jefferies LLC,Ward McCarthy,205
2018-07-06,Jun-18,Kennesaw State University,Mikhail I Melnik,135
2018-07-06,Jun-18,Landesbank Baden-Wuerttemberg,Dirk Chlench,230
2018-07-06,Jun-18,Lloyds Bank PLC,Rhys Herbert,200
2018-07-06,Jun-18,MUFG Union Bank NA,Chris Rupkey,190
2018-07-06,Jun-18,Maria Fiorini Ramirez Inc,Joshua Shapiro,195
2018-07-06,Jun-18,Market Securities LLP,Christophe Barraud,200
2018-07-06,Jun-18,Merrill Lynch,Michelle Meyer,205
2018-07-06,Jun-18,Moody's Analytics Inc,Ryan Sweet,200
2018-07-06,Jun-18,Morgan Stanley Group Inc,,202
2018-07-06,Jun-18,National Bank of Canada Financial Inc,Marion/Paquet,190
2018-07-06,Jun-18,Natixis North America LLC,Thomas Julien,180
2018-07-06,Jun-18,Natwest Markets,Kevin Cummins,195
2018-07-06,Jun-18,Nomura Securities International Inc,Lewis S Alexander,210
2018-07-06,Jun-18,Nord / LB,Bernd Krampen,200
2018-07-06,Jun-18,Oxford Economics USA Inc,,204
2018-07-06,Jun-18,PNC Finl Services Group INC,Augustine Faucher,210
2018-07-06,Jun-18,Pantheon Macroeconomics Ltd,Ian C Shepherdson,170
2018-07-06,Jun-18,Paragon Research Ltd,Colm Fitzgerald,192
2018-07-06,Jun-18,Pinebridge Investments LLC,Markus Schomer,175
2018-07-06,Jun-18,RBC Capital Markets LLC,Tom Porcelli,180
2018-07-06,Jun-18,Raiffeisen Research,Joerg Angele,222
2018-07-06,Jun-18,Raymond James Financial Inc,Scott J Brown,170
2018-07-06,Jun-18,Regions Financial Corp,Richard F Moody,193
2018-07-06,Jun-18,Santander US CM (ex-Amherst Pierpont),Stephen L Stanley,210
2018-07-06,Jun-18,Scotiabank,Derek Holt,200
2018-07-06,Jun-18,Societe Generale,Omair Sharif,205
2018-07-06,Jun-18,Southbay Research,Andrew Zatlin,242
2018-07-06,Jun-18,Standard Chartered Bank,Mike Moran,195
2018-07-06,Jun-18,Stifel Nicolaus & Co Inc,Lindsey Piegza,190
2018-07-06,Jun-18,TD Securities (USA) LLC,Michael S Hanson,180
2018-07-06,Jun-18,UBS Securities LLC,Samuel Coffin,212
2018-07-06,Jun-18,UniCredit Bank AG,Harm Bandholz,175
2018-07-06,Jun-18,Vining Sparks IBG LP,Craig Dismuke,160
2018-07-06,Jun-18,Wells Fargo Securities LLC,Jay H Bryson,185
2018-07-06,Jun-18,Westpac Banking Corp,,205
2018-07-06,Jun-18,Wrightson ICAP LLC,Crandall/Jordan,185
2018-08-03,Jul-18,4cast Ltd,David H Sloan,205
2018-08-03,Jul-18,Acciones y Valores,,215
2018-08-03,Jul-18,Action Economics LLC,Michael R Englund,210
2018-08-03,Jul-18,Ameriprise Financial Inc,Russell T Price,190
2018-08-03,Jul-18,BBVA Research,Nathaniel Karp,190
2018-08-03,Jul-18,BMO Nesbitt Burns Inc,Douglas Porter,190
2018-08-03,Jul-18,BNP Paribas SA,,180
2018-08-03,Jul-18,Banco Bradesco SA,Fernando Honorato,185
2018-08-03,Jul-18,Banco Mercantil Del Norte SA,Casillas/Paredes,195
2018-08-03,Jul-18,Bank of The West,Scott A Anderson,195
2018-08-03,Jul-18,Bantleon Bank AG,Andreas Busch,190
2018-08-03,Jul-18,Barclays Capital Inc.,Jonathan Millar,175
2018-08-03,Jul-18,Bayerische Landesbank,Christiane Von Berg,180
2018-08-03,Jul-18,Berliner Sparkasse,Uwe Duerkop,180
2018-08-03,Jul-18,Bloomberg Economics,,220
2018-08-03,Jul-18,Canadian Imperial Bank of Commerce,Avery Shenfeld,182
2018-08-03,Jul-18,Capital Economics Ltd,,220
2018-08-03,Jul-18,Casa de Bolsa Banorte SA de CV,Katia Goya,195
2018-08-03,Jul-18,Citigroup Inc,,190
2018-08-03,Jul-18,Comerica Inc,Robert A Dye,190
2018-08-03,Jul-18,Commerzbank AG,Weidensteiner/Balz,200
2018-08-03,Jul-18,Credit Suisse Securities (USA) LLC,James Sweeney,185
2018-08-03,Jul-18,Cti Capital Securities Inc,Stephan Buu,205
2018-08-03,Jul-18,Daiwa Capital Mkts,Michael Moran,190
2018-08-03,Jul-18,Dekabank Deutsche Girozentrale,Besch/Luetje,200
2018-08-03,Jul-18,Desjardins Financial Group,Jean/Genereux,185
2018-08-03,Jul-18,Deutsche Bank Securities Inc,Brett Ryan,180
2018-08-03,Jul-18,Evercore ISI,Stan Shipley,165
2018-08-03,Jul-18,FTN Financial,Low/Morelock,200
2018-08-03,Jul-18,Fact & Opinion Economics,Robert Brusca,190
2018-08-03,Jul-18,First Trust Portfolios LP,Stein/Wesbury,186
2018-08-03,Jul-18,Goldman Sachs & Co LLC,,205
2018-08-03,Jul-18,HSBC Securities (USA) Inc,Ryan Wang,195
2018-08-03,Jul-18,Helaba Frankfurt,Patrick Franke,200
2018-08-03,Jul-18,Hugh Johnson Advisors LLC,Hugh A Johnson,212
2018-08-03,Jul-18,ING Financial Markets LLC,James Knightley,190
2018-08-03,Jul-18,Intesa Sanpaolo Spa,Sergio Capaldi,195
2018-08-03,Jul-18,Investec Bank PLC,Shaw/Clarke,195
2018-08-03,Jul-18,Itau Asset Management SA/Brazil,,190
2018-08-03,Jul-18,Itau Unibanco SA,,195
2018-08-03,Jul-18,JP Morgan Securities LLC,Michael E Feroli,200
2018-08-03,Jul-18,JPMorgan Asset Management Inc,David P Kelly,200
2018-08-03,Jul-18,Jefferies LLC,Ward McCarthy,215
2018-08-03,Jul-18,Lloyds Bank PLC,Rhys Herbert,200
2018-08-03,Jul-18,MUFG Union Bank NA,Chris Rupkey,200
2018-08-03,Jul-18,Maria Fiorini Ramirez Inc,Joshua Shapiro,185
2018-08-03,Jul-18,Market Securities LLP,Christophe Barraud,191
2018-08-03,Jul-18,Merrill Lynch,Michelle Meyer,225
2018-08-03,Jul-18,Mizuho Securities USA LLC,Steven R Ricchiuto,200
2018-08-03,Jul-18,Moody's Analytics Inc,Ryan Sweet,200
2018-08-03,Jul-18,Morgan Stanley Group Inc,,199
2018-08-03,Jul-18,National Bank of Canada Financial Inc,Marion/Paquet,180
2018-08-03,Jul-18,Nationwide Insurance,David William Berson,185
2018-08-03,Jul-18,Natixis North America LLC,Thomas Julien,190
2018-08-03,Jul-18,Natwest Markets,Kevin Cummins,185
2018-08-03,Jul-18,Nomura Securities International Inc,Lewis S Alexander,195
2018-08-03,Jul-18,Oxford Economics USA Inc,,185
2018-08-03,Jul-18,PNC Finl Services Group INC,Augustine Faucher,180
2018-08-03,Jul-18,Pantheon Macroeconomics Ltd,Ian C Shepherdson,210
2018-08-03,Jul-18,Paragon Research Ltd,Colm Fitzgerald,161
2018-08-03,Jul-18,Pinebridge Investments LLC,Markus Schomer,175
2018-08-03,Jul-18,RBC Capital Markets LLC,Tom Porcelli,200
2018-08-03,Jul-18,Raiffeisen Research,Joerg Angele,193
2018-08-03,Jul-18,Raymond James Financial Inc,Scott J Brown,170
2018-08-03,Jul-18,Regions Financial Corp,Richard F Moody,188
2018-08-03,Jul-18,Santander US CM (ex-Amherst Pierpont),Stephen L Stanley,190
2018-08-03,Jul-18,Scotiabank,Derek Holt,200
2018-08-03,Jul-18,Societe Generale,Omair Sharif,210
2018-08-03,Jul-18,Southbay Research,Andrew Zatlin,257
2018-08-03,Jul-18,Stifel Nicolaus & Co Inc,Lindsey Piegza,180
2018-08-03,Jul-18,TD Securities (USA) LLC,Michael S Hanson,175
2018-08-03,Jul-18,UBS Securities LLC,Samuel Coffin,207
2018-08-03,Jul-18,UniCredit Bank AG,Harm Bandholz,180
2018-08-03,Jul-18,Vining Sparks IBG LP,Craig Dismuke,230
2018-08-03,Jul-18,Wells Fargo Securities LLC,Jay H Bryson,198
2018-08-03,Jul-18,Westpac Banking Corp,,180
2018-08-03,Jul-18,Wrightson ICAP LLC,Crandall/Jordan,200
2018-09-07,Aug-18,4cast Ltd,David H Sloan,180
2018-09-07,Aug-18,ABN Amro Bank NV,Bill Diviney,210
2018-09-07,Aug-18,Action Economics LLC,Michael R Englund,210
2018-09-07,Aug-18,Ameriprise Financial Inc,Russell T Price,190
2018-09-07,Aug-18,BBVA Research,Nathaniel Karp,205
2018-09-07,Aug-18,BMO Nesbitt Burns Inc,Douglas Porter,190
2018-09-07,Aug-18,BNP Paribas SA,,205
2018-09-07,Aug-18,Bank of The West,Scott A Anderson,187
2018-09-07,Aug-18,Bantleon Bank AG,Andreas Busch,195
2018-09-07,Aug-18,Barclays Capital Inc.,Jonathan Millar,200
2018-09-07,Aug-18,Bayerische Landesbank,Christiane Von Berg,190
2018-09-07,Aug-18,Berliner Sparkasse,Uwe Duerkop,180
2018-09-07,Aug-18,Bloomberg Economics,,180
2018-09-07,Aug-18,Canadian Imperial Bank of Commerce,Avery Shenfeld,214
2018-09-07,Aug-18,Capital Economics Ltd,,180
2018-09-07,Aug-18,Citigroup Inc,,200
2018-09-07,Aug-18,Comerica Inc,Robert A Dye,205
2018-09-07,Aug-18,Commerzbank AG,Weidensteiner/Balz,160
2018-09-07,Aug-18,Credit Suisse Securities (USA) LLC,James Sweeney,195
2018-09-07,Aug-18,Cti Capital Securities Inc,Stephan Buu,179
2018-09-07,Aug-18,Dai-Ichi Life Research Institute Inc,Seiji Katsurahata,187
2018-09-07,Aug-18,Daiwa Capital Mkts,Michael Moran,200
2018-09-07,Aug-18,Dekabank Deutsche Girozentrale,Besch/Luetje,180
2018-09-07,Aug-18,Desjardins Financial Group,Jean/Genereux,185
2018-09-07,Aug-18,Deutsche Bank Securities Inc,Brett Ryan,185
2018-09-07,Aug-18,Evercore ISI,Stan Shipley,175
2018-09-07,Aug-18,FTN Financial,Christopher Low,220
2018-09-07,Aug-18,Fact & Opinion Economics,Robert Brusca,170
2018-09-07,Aug-18,First Trust Portfolios LP,Stein/Wesbury,166
2018-09-07,Aug-18,Goldman Sachs & Co LLC,,175
2018-09-07,Aug-18,HSBC Securities (USA) Inc,Ryan Wang,205
2018-09-07,Aug-18,Helaba Frankfurt,Patrick Franke,225
2018-09-07,Aug-18,Hugh Johnson Advisors LLC,Hugh A Johnson,192
2018-09-07,Aug-18,ING Financial Markets LLC,James Knightley,210
2018-09-07,Aug-18,Intesa Sanpaolo Spa,Sergio Capaldi,190
2018-09-07,Aug-18,Investec Bank PLC,Shaw/Clarke,160
2018-09-07,Aug-18,Itau Asset Management SA/Brazil,,190
2018-09-07,Aug-18,Itau Unibanco SA,,210
2018-09-07,Aug-18,JP Morgan Securities LLC,Michael E Feroli,225
2018-09-07,Aug-18,JPMorgan Asset Management Inc,David P Kelly,210
2018-09-07,Aug-18,Jefferies LLC,Ward McCarthy,170
2018-09-07,Aug-18,Landesbank Baden-Wuerttemberg,Dirk Chlench,210
2018-09-07,Aug-18,Lloyds Bank PLC,Rhys Herbert,205
2018-09-07,Aug-18,MUFG Union Bank NA,Chris Rupkey,200
2018-09-07,Aug-18,Maria Fiorini Ramirez Inc,Joshua Shapiro,180
2018-09-07,Aug-18,Market Securities LLP,Christophe Barraud,186
2018-09-07,Aug-18,Merrill Lynch,Michelle Meyer,205
2018-09-07,Aug-18,Moody's Analytics Inc,Ryan Sweet,165
2018-09-07,Aug-18,Morgan Stanley Group Inc,,194
2018-09-07,Aug-18,National Bank of Canada Financial Inc,Marion/Paquet,175
2018-09-07,Aug-18,Nationwide Insurance,David William Berson,175
2018-09-07,Aug-18,Natixis North America LLC,Thomas Julien,200
2018-09-07,Aug-18,Natwest Markets,Kevin Cummins,200
2018-09-07,Aug-18,Nomura Securities International Inc,Lewis S Alexander,220
2018-09-07,Aug-18,Nord / LB,Bernd Krampen,175
2018-09-07,Aug-18,Norinchukin Research Inst Co Ltd,Yoshifumi Sako,200
2018-09-07,Aug-18,Oxford Economics USA Inc,,177
2018-09-07,Aug-18,PNC Finl Services Group INC,Augustine Faucher,200
2018-09-07,Aug-18,Pantheon Macroeconomics Ltd,Ian C Shepherdson,170
2018-09-07,Aug-18,Paragon Research Ltd,Colm Fitzgerald,220
2018-09-07,Aug-18,Pinebridge Investments LLC,Markus Schomer,175
2018-09-07,Aug-18,RBC Capital Markets LLC,Tom Porcelli,225
2018-09-07,Aug-18,Raiffeisen Research,Joerg Angele,159
2018-09-07,Aug-18,Raymond James Financial Inc,Scott J Brown,180
2018-09-07,Aug-18,Regions Financial Corp,Richard F Moody,173
2018-09-07,Aug-18,Santander US CM (ex-Amherst Pierpont),Stephen L Stanley,230
2018-09-07,Aug-18,Scotiabank,Derek Holt,180
2018-09-07,Aug-18,Societe Generale,Omair Sharif,210
2018-09-07,Aug-18,Southbay Research,Andrew Zatlin,224
2018-09-07,Aug-18,Stifel Nicolaus & Co Inc,Lindsey Piegza,185
2018-09-07,Aug-18,TD Securities (USA) LLC,Michael S Hanson,190
2018-09-07,Aug-18,UBS Securities LLC,Samuel Coffin,237
2018-09-07,Aug-18,Vining Sparks IBG LP,Craig Dismuke,190
2018-09-07,Aug-18,Wells Fargo Securities LLC,Jay H Bryson,200
2018-09-07,Aug-18,Westpac Banking Corp,,185
2018-09-07,Aug-18,Wrightson ICAP LLC,Crandall/Jordan,200
2018-10-05,Sep-18,4cast Ltd,David H Sloan,185
2018-10-05,Sep-18,ABN Amro Bank NV,Bill Diviney,210
2018-10-05,Sep-18,Action Economics LLC,Michael R Englund,195
2018-10-05,Sep-18,Ameriprise Financial Inc,Russell T Price,175
2018-10-05,Sep-18,BBVA Research,Nathaniel Karp,185
2018-10-05,Sep-18,BMO Nesbitt Burns Inc,Douglas Porter,185
2018-10-05,Sep-18,BNP Paribas SA,,175
2018-10-05,Sep-18,Bank of The West,Scott A Anderson,180
2018-10-05,Sep-18,Bantleon Bank AG,Andreas Busch,180
2018-10-05,Sep-18,Barclays Capital Inc.,Jonathan Millar,200
2018-10-05,Sep-18,Berliner Sparkasse,Uwe Duerkop,220
2018-10-05,Sep-18,Bloomberg Economics,,175
2018-10-05,Sep-18,Canadian Imperial Bank of Commerce,Avery Shenfeld,168
2018-10-05,Sep-18,Capital Economics Ltd,,220
2018-10-05,Sep-18,Citigroup Inc,,185
2018-10-05,Sep-18,Comerica Inc,Robert A Dye,180
2018-10-05,Sep-18,Commerzbank AG,Weidensteiner/Balz,180
2018-10-05,Sep-18,Credit Suisse Securities (USA) LLC,James Sweeney,190
2018-10-05,Sep-18,Cti Capital Securities Inc,Stephan Buu,218
2018-10-05,Sep-18,Dai-Ichi Life Research Institute Inc,Seiji Katsurahata,168
2018-10-05,Sep-18,Daiwa Capital Mkts,Michael Moran,185
2018-10-05,Sep-18,Dekabank Deutsche Girozentrale,Besch/Luetje,200
2018-10-05,Sep-18,Desjardins Financial Group,Jean/Genereux,195
2018-10-05,Sep-18,Deutsche Bank Securities Inc,Brett Ryan,225
2018-10-05,Sep-18,Evercore ISI,Stan Shipley,165
2018-10-05,Sep-18,FTN Financial,Christopher Low,180
2018-10-05,Sep-18,Fact & Opinion Economics,Robert Brusca,175
2018-10-05,Sep-18,First Trust Portfolios LP,Stein/Wesbury,163
2018-10-05,Sep-18,Goldman Sachs & Co LLC,,175
2018-10-05,Sep-18,HSBC Securities (USA) Inc,Ryan Wang,182
2018-10-05,Sep-18,Helaba Frankfurt,Patrick Franke,200
2018-10-05,Sep-18,Hugh Johnson Advisors LLC,Hugh A Johnson,203
2018-10-05,Sep-18,ING Financial Markets LLC,James Knightley,160
2018-10-05,Sep-18,Intesa Sanpaolo Spa,Sergio Capaldi,190
2018-10-05,Sep-18,Itau Asset Management SA/Brazil,,205
2018-10-05,Sep-18,Itau Unibanco SA,,195
2018-10-05,Sep-18,JP Morgan Securities LLC,Michael E Feroli,175
2018-10-05,Sep-18,JPMorgan Asset Management Inc,David P Kelly,222
2018-10-05,Sep-18,Jefferies LLC,Ward McCarthy,125
2018-10-05,Sep-18,Landesbank Baden-Wuerttemberg,Dirk Chlench,215
2018-10-05,Sep-18,Lloyds Bank PLC,Rhys Herbert,195
2018-10-05,Sep-18,MUFG Union Bank NA,Chris Rupkey,200
2018-10-05,Sep-18,Maria Fiorini Ramirez Inc,Joshua Shapiro,185
2018-10-05,Sep-18,Market Securities LLP,Christophe Barraud,180
2018-10-05,Sep-18,Merrill Lynch,Michelle Meyer,220
2018-10-05,Sep-18,Moody's Analytics Inc,Ryan Sweet,165
2018-10-05,Sep-18,Morgan Stanley Group Inc,,206
2018-10-05,Sep-18,National Bank of Canada Financial Inc,Marion/Paquet,125
2018-10-05,Sep-18,Nationwide Insurance,David William Berson,195
2018-10-05,Sep-18,Natixis North America LLC,Thomas Julien,195
2018-10-05,Sep-18,Natwest Markets,Kevin Cummins,170
2018-10-05,Sep-18,Nomura Securities International Inc,Lewis S Alexander,180
2018-10-05,Sep-18,Nord / LB,Bernd Krampen,175
2018-10-05,Sep-18,Oxford Economics USA Inc,,174
2018-10-05,Sep-18,PNC Finl Services Group INC,Augustine Faucher,160
2018-10-05,Sep-18,Pantheon Macroeconomics Ltd,Ian C Shepherdson,170
2018-10-05,Sep-18,Pinebridge Investments LLC,Markus Schomer,170
2018-10-05,Sep-18,RBC Capital Markets LLC,Tom Porcelli,200
2018-10-05,Sep-18,Raiffeisen Research,Joerg Angele,161
2018-10-05,Sep-18,Raymond James Financial Inc,Scott J Brown,185
2018-10-05,Sep-18,Regions Financial Corp,Richard F Moody,168
2018-10-05,Sep-18,Santander US CM (ex-Amherst Pierpont),Stephen L Stanley,190
2018-10-05,Sep-18,Scotiabank,Derek Holt,160
2018-10-05,Sep-18,Societe Generale,Omair Sharif,175
2018-10-05,Sep-18,Southbay Research,Andrew Zatlin,245
2018-10-05,Sep-18,Standard Chartered Bank,Mike Moran,188
2018-10-05,Sep-18,Stifel Nicolaus & Co Inc,Lindsey Piegza,180
2018-10-05,Sep-18,TD Securities (USA) LLC,Michael S Hanson,180
2018-10-05,Sep-18,UBS Securities LLC,Samuel Coffin,174
2018-10-05,Sep-18,UniCredit Bank AG,Harm Bandholz,190
2018-10-05,Sep-18,Vining Sparks IBG LP,Craig Dismuke,215
2018-10-05,Sep-18,Wells Fargo Securities LLC,Jay H Bryson,210
2018-10-05,Sep-18,Westpac Banking Corp,,175
2018-10-05,Sep-18,Wrightson ICAP LLC,Crandall/Jordan,185
2018-11-02,Oct-18,4cast Ltd,David H Sloan,175
2018-11-02,Oct-18,ABN Amro Bank NV,Bill Diviney,200
2018-11-02,Oct-18,Acciones y Valores SA/Colombia,,181
2018-11-02,Oct-18,Action Economics LLC,Michael R Englund,200
2018-11-02,Oct-18,Ameriprise Financial Inc,Russell T Price,210
2018-11-02,Oct-18,BBVA Research,Nathaniel Karp,205
2018-11-02,Oct-18,BMO Nesbitt Burns Inc,Douglas Porter,190
2018-11-02,Oct-18,BNP Paribas SA,,200
2018-11-02,Oct-18,Bank of The West,Scott A Anderson,190
2018-11-02,Oct-18,Bantleon Bank AG,Andreas Busch,205
2018-11-02,Oct-18,Barclays Capital Inc.,Jonathan Millar,200
2018-11-02,Oct-18,Bayerische Landesbank,Christiane Von Berg,205
2018-11-02,Oct-18,Berliner Sparkasse,Uwe Duerkop,250
2018-11-02,Oct-18,Bloomberg Economics,,215
2018-11-02,Oct-18,Canadian Imperial Bank of Commerce,Avery Shenfeld,231
2018-11-02,Oct-18,Capital Economics Ltd,,185
2018-11-02,Oct-18,Citigroup Inc,,168
2018-11-02,Oct-18,Comerica Inc,Robert A Dye,180
2018-11-02,Oct-18,Commerzbank AG,Weidensteiner/Balz,200
2018-11-02,Oct-18,Credit Suisse Securities (USA) LLC,James Sweeney,175
2018-11-02,Oct-18,Cti Capital Securities Inc,Stephan Buu,230
2018-11-02,Oct-18,Dai-Ichi Life Research Institute Inc,Seiji Katsurahata,176
2018-11-02,Oct-18,Danske Bank A/S,Mikael Olai Milhoj,190
2018-11-02,Oct-18,Dekabank Deutsche Girozentrale,Besch/Luetje,170
2018-11-02,Oct-18,Desjardins Financial Group,Jean/Genereux,180
2018-11-02,Oct-18,Deutsche Bank Securities Inc,Brett Ryan,185
2018-11-02,Oct-18,Evercore ISI,Stan Shipley,190
2018-11-02,Oct-18,Fact & Opinion Economics,Robert Brusca,160
2018-11-02,Oct-18,First Trust Portfolios LP,Stein/Wesbury,205
2018-11-02,Oct-18,Goldman Sachs & Co LLC,,210
2018-11-02,Oct-18,HSBC Securities (USA) Inc,Ryan Wang,195
2018-11-02,Oct-18,Helaba Frankfurt,Patrick Franke,200
2018-11-02,Oct-18,Hugh Johnson Advisors LLC,Hugh A Johnson,188
2018-11-02,Oct-18,ING Financial Markets LLC,James Knightley,200
2018-11-02,Oct-18,Investec Bank PLC,Shaw/Clarke,180
2018-11-02,Oct-18,Itau Unibanco SA,,200
2018-11-02,Oct-18,JP Morgan Securities LLC,Michael E Feroli,200
2018-11-02,Oct-18,JPMorgan Asset Management Inc,David P Kelly,218
2018-11-02,Oct-18,Jefferies LLC,Ward McCarthy,230
2018-11-02,Oct-18,Kennesaw State University,Mikhail I Melnik,90
2018-11-02,Oct-18,Landesbank Baden-Wuerttemberg,Dirk Chlench,270
2018-11-02,Oct-18,Lloyds Bank PLC,Rhys Herbert,200
2018-11-02,Oct-18,MUFG Union Bank NA,Chris Rupkey,200
2018-11-02,Oct-18,Maria Fiorini Ramirez Inc,Joshua Shapiro,180
2018-11-02,Oct-18,Market Securities LLP,Christophe Barraud,202
2018-11-02,Oct-18,Merrill Lynch,Michelle Meyer,200
2018-11-02,Oct-18,Moody's Analytics Inc,Ryan Sweet,215
2018-11-02,Oct-18,Morgan Stanley Group Inc,,228
2018-11-02,Oct-18,National Bank of Canada Financial Inc,Marion/Paquet,165
2018-11-02,Oct-18,Nationwide Insurance,David William Berson,185
2018-11-02,Oct-18,Natixis North America LLC,Thomas Julien,195
2018-11-02,Oct-18,Natwest Markets,Kevin Cummins,225
2018-11-02,Oct-18,Nomura Securities International Inc,Lewis S Alexander,175
2018-11-02,Oct-18,Oxford Economics USA Inc,,186
2018-11-02,Oct-18,PNC Finl Services Group INC,Augustine Faucher,190
2018-11-02,Oct-18,Pantheon Macroeconomics Ltd,Ian C Shepherdson,200
2018-11-02,Oct-18,Paragon Research Ltd,Colm Fitzgerald,300
2018-11-02,Oct-18,Pinebridge Investments LLC,Markus Schomer,175
2018-11-02,Oct-18,RBC Capital Markets LLC,Tom Porcelli,200
2018-11-02,Oct-18,Raiffeisen Research,Joerg Angele,216
2018-11-02,Oct-18,Raymond James & Assoc Inc,Scott J Brown,170
2018-11-02,Oct-18,Regions Financial Corp,Richard F Moody,208
2018-11-02,Oct-18,Santander US CM (ex-Amherst Pierpont),Stephen L Stanley,200
2018-11-02,Oct-18,Scotiabank,Derek Holt,210
2018-11-02,Oct-18,Societe Generale,Omair Sharif,200
2018-11-02,Oct-18,Southbay Research,Andrew Zatlin,259
2018-11-02,Oct-18,Stifel Nicolaus & Co Inc,Lindsey Piegza,180
2018-11-02,Oct-18,TD Securities (USA) LLC,Michael S Hanson,160
2018-11-02,Oct-18,UBS Securities LLC,Samuel Coffin,184
2018-11-02,Oct-18,UniCredit Bank AG,Harm Bandholz,190
2018-11-02,Oct-18,Vining Sparks IBG LP,Craig Dismuke,210
2018-11-02,Oct-18,Wells Fargo Securities LLC,Jay H Bryson,200
2018-11-02,Oct-18,Westpac Banking Corp,,190
2018-11-02,Oct-18,Wrightson ICAP LLC,Crandall/Jordan,200
2018-12-07,Nov-18,4CAST/Continuum Economics,David H Sloan,205
2018-12-07,Nov-18,Acciones y Valores SA/Colombia,,200
2018-12-07,Nov-18,Action Economics LLC,Michael R Englund,215
2018-12-07,Nov-18,Ameriprise Financial Inc,Russell T Price,195
2018-12-07,Nov-18,BBVA Research,Nathaniel Karp,190
2018-12-07,Nov-18,BMO Nesbitt Burns Inc,Douglas Porter,190
2018-12-07,Nov-18,BNP Paribas SA,,225
2018-12-07,Nov-18,Bank of The West,Scott A Anderson,190
2018-12-07,Nov-18,Bantleon Bank AG,Andreas Busch,193
2018-12-07,Nov-18,Barclays Capital Inc.,Jonathan Millar,200
2018-12-07,Nov-18,Bayerische Landesbank,Christiane Von Berg,212
2018-12-07,Nov-18,Berliner Sparkasse,Uwe Duerkop,160
2018-12-07,Nov-18,Bloomberg Economics,,240
2018-12-07,Nov-18,Canadian Imperial Bank of Commerce,Avery Shenfeld,188
2018-12-07,Nov-18,Capital Economics Ltd,,190
2018-12-07,Nov-18,Citigroup Inc,,205
2018-12-07,Nov-18,Comerica Inc,Robert A Dye,185
2018-12-07,Nov-18,Commerzbank AG,Weidensteiner/Balz,190
2018-12-07,Nov-18,Credit Suisse Securities (USA) LLC,James Sweeney,205
2018-12-07,Nov-18,Cti Capital Securities Inc,Stephan Buu,180
2018-12-07,Nov-18,DZ Bank AG Deutsche Zentral-Genossenschaftsbank Frankfurt Am Main,,200
2018-12-07,Nov-18,Dai-Ichi Life Research Institute Inc,Seiji Katsurahata,186
2018-12-07,Nov-18,Daiwa Capital Mkts,Michael Moran,185
2018-12-07,Nov-18,Dekabank Deutsche Girozentrale,Besch/Luetje,180
2018-12-07,Nov-18,Desjardins Financial Group,Jean/Genereux,190
2018-12-07,Nov-18,Deutsche Bank Securities Inc,Brett Ryan,200
2018-12-07,Nov-18,Evercore ISI,Stan Shipley,180
2018-12-07,Nov-18,FTN Financial,Christopher Low,210
2018-12-07,Nov-18,Fact & Opinion Economics,Robert Brusca,175
2018-12-07,Nov-18,First Trust Portfolios LP,Stein/Wesbury,193
2018-12-07,Nov-18,Goldman Sachs & Co LLC,,185
2018-12-07,Nov-18,HSBC Securities (USA) Inc,Ryan Wang,185
2018-12-07,Nov-18,Helaba Frankfurt,Patrick Franke,225
2018-12-07,Nov-18,Hugh Johnson Advisors LLC,Hugh A Johnson,212
2018-12-07,Nov-18,ING Financial Markets LLC,James Knightley,200
2018-12-07,Nov-18,Intesa Sanpaolo Spa,Sergio Capaldi,195
2018-12-07,Nov-18,Investec Bank PLC,Shaw/Clarke,220
2018-12-07,Nov-18,Itau Asset Management SA/Brazil,,215
2018-12-07,Nov-18,Itau Unibanco SA,,175
2018-12-07,Nov-18,JP Morgan Securities LLC,Michael E Feroli,175
2018-12-07,Nov-18,JPMorgan Asset Management Inc,David P Kelly,225
2018-12-07,Nov-18,Jefferies LLC,Ward McCarthy,220
2018-12-07,Nov-18,Landesbank Baden-Wuerttemberg,Dirk Chlench,170
2018-12-07,Nov-18,Lloyds Bank PLC,Rhys Herbert,205
2018-12-07,Nov-18,MUFG Union Bank NA,Chris Rupkey,200
2018-12-07,Nov-18,Maria Fiorini Ramirez Inc,Joshua Shapiro,200
2018-12-07,Nov-18,Market Securities LLP,Christophe Barraud,197
2018-12-07,Nov-18,Merrill Lynch,Michelle Meyer,200
2018-12-07,Nov-18,Moody's Analytics Inc,Ryan Sweet,205
2018-12-07,Nov-18,Morgan Stanley Group Inc,,198
2018-12-07,Nov-18,National Bank of Canada Financial Inc,Marion/Paquet,175
2018-12-07,Nov-18,Natixis North America LLC,Thomas Julien,185
2018-12-07,Nov-18,Natwest Markets,Kevin Cummins,190
2018-12-07,Nov-18,Nomura Securities International Inc,Lewis S Alexander,175
2018-12-07,Nov-18,Nord / LB,Bernd Krampen,190
2018-12-07,Nov-18,Oxford Economics USA Inc,,194
2018-12-07,Nov-18,PNC Finl Services Group INC,Augustine Faucher,190
2018-12-07,Nov-18,Pantheon Macroeconomics Ltd,Ian C Shepherdson,220
2018-12-07,Nov-18,Paragon Research Ltd,Colm Fitzgerald,200
2018-12-07,Nov-18,RBC Capital Markets LLC,Tom Porcelli,220
2018-12-07,Nov-18,Raiffeisen Research,Joerg Angele,188
2018-12-07,Nov-18,Raymond James & Assoc Inc,Scott J Brown,185
2018-12-07,Nov-18,Regions Financial Corp,Richard F Moody,208
2018-12-07,Nov-18,Santander US CM (ex-Amherst Pierpont),Stephen L Stanley,220
2018-12-07,Nov-18,Scotiabank,Derek Holt,200
2018-12-07,Nov-18,Societe Generale,Omair Sharif,230
2018-12-07,Nov-18,Southbay Research,Andrew Zatlin,193
2018-12-07,Nov-18,Standard Chartered Bank,Mike Moran,210
2018-12-07,Nov-18,Stifel Nicolaus & Co Inc,Lindsey Piegza,190
2018-12-07,Nov-18,TD Securities (USA) LLC,Michael S Hanson,215
2018-12-07,Nov-18,UBS Securities LLC,Samuel Coffin,165
2018-12-07,Nov-18,UniCredit Bank AG,Harm Bandholz,200
2018-12-07,Nov-18,Wells Fargo Securities LLC,Jay H Bryson,200
2018-12-07,Nov-18,Westpac Banking Corp,,200
2018-12-07,Nov-18,Wrightson ICAP LLC,Crandall/Jordan,215
2019-01-04,Dec-18,4CAST/Continuum Economics,David H Sloan,160
2019-01-04,Dec-18,ABN Amro Bank NV,Bill Diviney,190
2019-01-04,Dec-18,Acciones y Valores SA/Colombia,,180
2019-01-04,Dec-18,Action Economics LLC,Michael R Englund,205
2019-01-04,Dec-18,Ameriprise Financial Inc,Russell T Price,190
2019-01-04,Dec-18,BBVA Research,Nathaniel Karp,190
2019-01-04,Dec-18,BMO Nesbitt Burns Inc,Douglas Porter,190
2019-01-04,Dec-18,BNP Paribas SA,,190
2019-01-04,Dec-18,Bank of The West,Scott A Anderson,175
2019-01-04,Dec-18,Bantleon Bank AG,Andreas Busch,175
2019-01-04,Dec-18,Barclays Capital Inc.,Jonathan Millar,185
2019-01-04,Dec-18,Berliner Sparkasse,Uwe Duerkop,175
2019-01-04,Dec-18,Bloomberg Economics,,210
2019-01-04,Dec-18,Canadian Imperial Bank of Commerce,Avery Shenfeld,188
2019-01-04,Dec-18,Capital Economics Ltd,,180
2019-01-04,Dec-18,Citigroup Inc,,173
2019-01-04,Dec-18,Commerzbank AG,Weidensteiner/Balz,180
2019-01-04,Dec-18,Credit Suisse Securities (USA) LLC,James Sweeney,190
2019-01-04,Dec-18,Cti Capital Securities Inc,Stephan Buu,213
2019-01-04,Dec-18,Dai-Ichi Life Research Institute Inc,Seiji Katsurahata,202
2019-01-04,Dec-18,Daiwa Capital Mkts,Michael Moran,175
2019-01-04,Dec-18,Dekabank Deutsche Girozentrale,Besch/Luetje,170
2019-01-04,Dec-18,Desjardins Financial Group,Jean/Genereux,205
2019-01-04,Dec-18,Deutsche Bank Securities Inc,Brett Ryan,175
2019-01-04,Dec-18,Evercore ISI,Stan Shipley,165
2019-01-04,Dec-18,Fact & Opinion Economics,Robert Brusca,160
2019-01-04,Dec-18,Fathom Finl Consulting,Brian Davidson,185
2019-01-04,Dec-18,First Trust Portfolios LP,Stein/Wesbury,180
2019-01-04,Dec-18,Goldman Sachs & Co LLC,,195
2019-01-04,Dec-18,HSBC Securities (USA) Inc,Ryan Wang,180
2019-01-04,Dec-18,Hugh Johnson Advisors LLC,Hugh A Johnson,195
2019-01-04,Dec-18,ING Financial Markets LLC,James Knightley,165
2019-01-04,Dec-18,Investec Bank PLC,Shaw/Clarke,180
2019-01-04,Dec-18,Itau Asset Management SA/Brazil,,200
2019-01-04,Dec-18,JP Morgan Securities LLC,Michael E Feroli,175
2019-01-04,Dec-18,JPMorgan Asset Management Inc,David P Kelly,162
2019-01-04,Dec-18,Jefferies LLC,Ward McCarthy,195
2019-01-04,Dec-18,Lloyds Bank PLC,Rhys Herbert,190
2019-01-04,Dec-18,MUFG Union Bank NA,Chris Rupkey,200
2019-01-04,Dec-18,Market Securities LLP,Christophe Barraud,177
2019-01-04,Dec-18,Merrill Lynch,Michelle Meyer,215
2019-01-04,Dec-18,Moody's Analytics Inc,Ryan Sweet,182
2019-01-04,Dec-18,Morgan Stanley Group Inc,,167
2019-01-04,Dec-18,National Bank of Canada Financial Inc,Marion/Paquet,175
2019-01-04,Dec-18,Nationwide Insurance,David William Berson,175
2019-01-04,Dec-18,Natixis North America LLC,Thomas Julien,200
2019-01-04,Dec-18,Natwest Markets,Kevin Cummins,175
2019-01-04,Dec-18,Nomura Securities International Inc,Lewis S Alexander,200
2019-01-04,Dec-18,Nord / LB,Bernd Krampen,175
2019-01-04,Dec-18,Oxford Economics USA Inc,,172
2019-01-04,Dec-18,PNC Finl Services Group INC,Augustine Faucher,180
2019-01-04,Dec-18,Pantheon Macroeconomics Ltd,Ian C Shepherdson,225
2019-01-04,Dec-18,Paragon Research Ltd,Colm Fitzgerald,210
2019-01-04,Dec-18,Pinebridge Investments LLC,Markus Schomer,165
2019-01-04,Dec-18,RBC Capital Markets LLC,Tom Porcelli,190
2019-01-04,Dec-18,Raiffeisen Research,Joerg Angele,187
2019-01-04,Dec-18,Raymond James & Assoc Inc,Scott J Brown,170
2019-01-04,Dec-18,Regions Financial Corp,Richard F Moody,208
2019-01-04,Dec-18,Santander US CM (ex-Amherst Pierpont),Stephen L Stanley,200
2019-01-04,Dec-18,Scotiabank,Derek Holt,185
2019-01-04,Dec-18,Societe Generale,Omair Sharif,180
2019-01-04,Dec-18,Southbay Research,Andrew Zatlin,206
2019-01-04,Dec-18,Standard Chartered Bank,Mike Moran,200
2019-01-04,Dec-18,TD Securities (USA) LLC,Michael S Hanson,190
2019-01-04,Dec-18,UBS Securities LLC,Samuel Coffin,166
2019-01-04,Dec-18,University of Maryland,Peter G Morici,180
2019-01-04,Dec-18,Vining Sparks IBG LP,Craig Dismuke,210
2019-01-04,Dec-18,Wells Fargo Securities LLC,Jay H Bryson,165
2019-01-04,Dec-18,Westpac Banking Corp,,175
2019-01-04,Dec-18,Wrightson ICAP LLC,Crandall/Jordan,185
2019-02-01,Jan-19,ABN Amro Bank NV,Bill Diviney,170
2019-02-01,Jan-19,Acciones y Valores SA/Colombia,,165
2019-02-01,Jan-19,Action Economics LLC,Michael R Englund,200
2019-02-01,Jan-19,Ameriprise Financial Inc,Russell T Price,175
2019-02-01,Jan-19,BBVA Research,Nathaniel Karp,195
2019-02-01,Jan-19,BNP Paribas SA,,165
2019-02-01,Jan-19,Bank of Montreal,Douglas Porter,160
2019-02-01,Jan-19,Bank of The West,Scott A Anderson,175
2019-02-01,Jan-19,Bantleon Bank AG,Andreas Busch,155
2019-02-01,Jan-19,Barclays Capital Inc.,Jonathan Millar,160
2019-02-01,Jan-19,Bayerische Landesbank,Christiane Von Berg,150
2019-02-01,Jan-19,Berliner Sparkasse,Uwe Duerkop,125
2019-02-01,Jan-19,Bloomberg Economics,,185
2019-02-01,Jan-19,Canadian Imperial Bank of Commerce,Avery Shenfeld,174
2019-02-01,Jan-19,Capital Economics Ltd,,190
2019-02-01,Jan-19,Citigroup Inc,,210
2019-02-01,Jan-19,Comerica Inc,Robert A Dye,150
2019-02-01,Jan-19,Commerzbank AG,Weidensteiner/Balz,180
2019-02-01,Jan-19,Credit Suisse Securities (USA) LLC,James Sweeney,160
2019-02-01,Jan-19,Cti Capital Securities Inc,Stephan Buu,135
2019-02-01,Jan-19,Dai-Ichi Life Research Institute Inc,Seiji Katsurahata,120
2019-02-01,Jan-19,Daiwa Capital Mkts,Michael Moran,170
2019-02-01,Jan-19,Danske Bank A/S,Mikael Olai Milhoj,150
2019-02-01,Jan-19,Dekabank Deutsche Girozentrale,Besch/Luetje,-40
2019-02-01,Jan-19,Desjardins Financial Group,Jean/Genereux,160
2019-02-01,Jan-19,Deutsche Bank Securities Inc,Brett Ryan,165
2019-02-01,Jan-19,Evercore ISI,Stan Shipley,165
2019-02-01,Jan-19,FTN Financial,Christopher Low,180
2019-02-01,Jan-19,Fact & Opinion Economics,Robert Brusca,120
2019-02-01,Jan-19,First Trust Portfolios LP,Stein/Wesbury,163
2019-02-01,Jan-19,Goldman Sachs & Co LLC,,180
2019-02-01,Jan-19,HSBC Securities (USA) Inc,Ryan Wang,160
2019-02-01,Jan-19,Helaba Frankfurt,Patrick Franke,175
2019-02-01,Jan-19,Hugh Johnson Advisors LLC,Hugh A Johnson,223
2019-02-01,Jan-19,Intesa Sanpaolo Spa,Sergio Capaldi,170
2019-02-01,Jan-19,Investec Bank PLC,Shaw/Clarke,230
2019-02-01,Jan-19,Itau Asset Management SA/Brazil,,200
2019-02-01,Jan-19,Itau Unibanco SA,,140
2019-02-01,Jan-19,JP Morgan Securities LLC,Michael E Feroli,170
2019-02-01,Jan-19,JPMorgan Asset Management Inc,David P Kelly,213
2019-02-01,Jan-19,Jefferies LLC,Ward McCarthy,185
2019-02-01,Jan-19,Kennesaw State University,Mikhail I Melnik,74
2019-02-01,Jan-19,Landesbank Baden-Wuerttemberg,Dirk Chlench,110
2019-02-01,Jan-19,Lloyds Bank PLC,Rhys Herbert,180
2019-02-01,Jan-19,MUFG Union Bank NA,Chris Rupkey,150
2019-02-01,Jan-19,Market Securities LLP,Christophe Barraud,153
2019-02-01,Jan-19,Merrill Lynch,Michelle Meyer,185
2019-02-01,Jan-19,Moody's Analytics Inc,Ryan Sweet,165
2019-02-01,Jan-19,Morgan Stanley Group Inc,,167
2019-02-01,Jan-19,National Bank of Canada Financial Inc,Marion/Paquet,100
2019-02-01,Jan-19,Nationwide Insurance,David William Berson,175
2019-02-01,Jan-19,Natixis North America LLC,Thomas Julien,200
2019-02-01,Jan-19,Natwest Markets,Kevin Cummins,135
2019-02-01,Jan-19,Nomura Securities International Inc,Lewis S Alexander,170
2019-02-01,Jan-19,Nord / LB,Bernd Krampen,150
2019-02-01,Jan-19,Oxford Economics USA Inc,,154
2019-02-01,Jan-19,PNC Finl Services Group INC,Augustine Faucher,160
2019-02-01,Jan-19,Pantheon Macroeconomics Ltd,Ian C Shepherdson,180
2019-02-01,Jan-19,Paragon Research Ltd,Colm Fitzgerald,132
2019-02-01,Jan-19,Pinebridge Investments LLC,Markus Schomer,145
2019-02-01,Jan-19,RBC Capital Markets LLC,Tom Porcelli,150
2019-02-01,Jan-19,Raiffeisen Research,Joerg Angele,190
2019-02-01,Jan-19,Raymond James & Assoc Inc,Scott J Brown,120
2019-02-01,Jan-19,Regions Financial Corp,Richard F Moody,179
2019-02-01,Jan-19,Santander US CM (ex-Amherst Pierpont),Stephen L Stanley,150
2019-02-01,Jan-19,Scotiabank,Derek Holt,200
2019-02-01,Jan-19,Societe Generale,Omair Sharif,180
2019-02-01,Jan-19,Southbay Research,Andrew Zatlin,218
2019-02-01,Jan-19,Stifel Nicolaus & Co Inc,Lindsey Piegza,100
2019-02-01,Jan-19,TD Securities (USA) LLC,Michael S Hanson,150
2019-02-01,Jan-19,UBS Securities LLC,Samuel Coffin,192
2019-02-01,Jan-19,UniCredit Bank AG,Harm Bandholz,150
2019-02-01,Jan-19,Vining Sparks IBG LP,Craig Dismuke,170
2019-02-01,Jan-19,Wells Fargo Securities LLC,Jay H Bryson,155
2019-02-01,Jan-19,Westpac Banking Corp,,150
2019-02-01,Jan-19,Wrightson ICAP LLC,Crandall/Jordan,165
2019-03-08,Feb-19,4CAST/Continuum Economics,David H Sloan,140
2019-03-08,Feb-19,Acciones y Valores SA/Colombia,,198
2019-03-08,Feb-19,Action Economics LLC,Michael R Englund,170
2019-03-08,Feb-19,Ameriprise Financial Inc,Russell T Price,180
2019-03-08,Feb-19,BNP Paribas SA,,175
2019-03-08,Feb-19,Bank of Montreal,Douglas Porter,170
2019-03-08,Feb-19,Bank of The West,Scott A Anderson,190
2019-03-08,Feb-19,Bantleon Bank AG,Andreas Busch,172
2019-03-08,Feb-19,Barclays Capital Inc.,Jonathan Millar,200
2019-03-08,Feb-19,Bayerische Landesbank,Charlotte Heck-Parsch,205
2019-03-08,Feb-19,Berliner Sparkasse,Uwe Duerkop,120
2019-03-08,Feb-19,Bloomberg Economics,,250
2019-03-08,Feb-19,Canadian Imperial Bank of Commerce,Avery Shenfeld,152
2019-03-08,Feb-19,Capital Economics Ltd,,190
2019-03-08,Feb-19,Casa de Bolsa Banorte SA de CV,Katia Goya,215
2019-03-08,Feb-19,Citigroup Inc,,185
2019-03-08,Feb-19,Comerica Inc,Robert A Dye,170
2019-03-08,Feb-19,Commerzbank AG,Weidensteiner/Balz,210
2019-03-08,Feb-19,Credit Suisse Securities (USA) LLC,James Sweeney,175
2019-03-08,Feb-19,Cti Capital Securities Inc,Stephan Buu,222
2019-03-08,Feb-19,Dai-Ichi Life Research Institute Inc,Seiji Katsurahata,158
2019-03-08,Feb-19,Daiwa Capital Mkts,Michael Moran,180
2019-03-08,Feb-19,Dekabank Deutsche Girozentrale,Besch/Luetje,180
2019-03-08,Feb-19,Desjardins Financial Group,Jean/Genereux,185
2019-03-08,Feb-19,Deutsche Bank Securities Inc,Brett Ryan,195
2019-03-08,Feb-19,Evercore ISI,Stan Shipley,155
2019-03-08,Feb-19,FTN Financial,Christopher Low,190
2019-03-08,Feb-19,Fact & Opinion Economics,Robert Brusca,150
2019-03-08,Feb-19,First Trust Portfolios LP,Stein/Wesbury,190
2019-03-08,Feb-19,Goldman Sachs & Co LLC,,150
2019-03-08,Feb-19,HSBC Securities (USA) Inc,Ryan Wang,185
2019-03-08,Feb-19,Helaba Frankfurt,Patrick Franke,200
2019-03-08,Feb-19,Hugh Johnson Advisors LLC,Hugh A Johnson,222
2019-03-08,Feb-19,ING Financial Markets LLC,James Knightley,170
2019-03-08,Feb-19,Intesa Sanpaolo Spa,Sergio Capaldi,180
2019-03-08,Feb-19,Investec Bank PLC,Shaw/Clarke,165
2019-03-08,Feb-19,Itau Asset Management SA/Brazil,,190
2019-03-08,Feb-19,Itau Unibanco SA,,150
2019-03-08,Feb-19,JP Morgan Securities LLC,Michael E Feroli,175
2019-03-08,Feb-19,JPMorgan Asset Management Inc,David P Kelly,223
2019-03-08,Feb-19,Jefferies LLC,Ward McCarthy,215
2019-03-08,Feb-19,Landesbank Baden-Wuerttemberg,Dirk Chlench,210
2019-03-08,Feb-19,Lloyds Bank PLC,Rhys Herbert,185
2019-03-08,Feb-19,MUFG Union Bank NA,Chris Rupkey,160
2019-03-08,Feb-19,Market Securities LLP,Christophe Barraud,200
2019-03-08,Feb-19,Merrill Lynch,Michelle Meyer,210
2019-03-08,Feb-19,Moody's Analytics Inc,Ryan Sweet,160
2019-03-08,Feb-19,Morgan Stanley Group Inc,,141
2019-03-08,Feb-19,National Bank of Canada Financial Inc,Marion/Paquet,165
2019-03-08,Feb-19,Nationwide Insurance,David William Berson,180
2019-03-08,Feb-19,Natixis North America LLC,Troy Ludtka,185
2019-03-08,Feb-19,Natwest Markets,Kevin Cummins,235
2019-03-08,Feb-19,Nomura Securities International Inc,Lewis S Alexander,170
2019-03-08,Feb-19,Nord / LB,Bernd Krampen,150
2019-03-08,Feb-19,Oxford Economics USA Inc,,181
2019-03-08,Feb-19,PNC Finl Services Group INC,Augustine Faucher,200
2019-03-08,Feb-19,Pantheon Macroeconomics Ltd,Ian C Shepherdson,125
2019-03-08,Feb-19,Paragon Research Ltd,Colm Fitzgerald,85
2019-03-08,Feb-19,RBC Capital Markets LLC,Tom Porcelli,200
2019-03-08,Feb-19,Raiffeisen Research,Joerg Angele,203
2019-03-08,Feb-19,Raymond James & Assoc Inc,Scott J Brown,160
2019-03-08,Feb-19,Regions Financial Corp,Richard F Moody,173
2019-03-08,Feb-19,Santander US CM (ex-Amherst Pierpont),Stephen L Stanley,165
2019-03-08,Feb-19,Scotiabank,Derek Holt,210
2019-03-08,Feb-19,Societe Generale,Omair Sharif,215
2019-03-08,Feb-19,Southbay Research,Andrew Zatlin,219
2019-03-08,Feb-19,Stifel Nicolaus & Co Inc,Lindsey Piegza,170
2019-03-08,Feb-19,TD Securities (USA) LLC,Michael S Hanson,190
2019-03-08,Feb-19,UBS Securities LLC,Samuel Coffin,181
2019-03-08,Feb-19,UniCredit Bank AG,Harm Bandholz,165
2019-03-08,Feb-19,Vining Sparks IBG LP,Craig Dismuke,170
2019-03-08,Feb-19,Wells Fargo Securities LLC,Jay H Bryson,160
2019-03-08,Feb-19,Westpac Banking Corp,,175
2019-03-08,Feb-19,Wrightson ICAP LLC,Crandall/Jordan,220
2019-04-05,Mar-19,4CAST/Continuum Economics,David H Sloan,145
2019-04-05,Mar-19,Acciones y Valores SA/Colombia,,180
2019-04-05,Mar-19,Action Economics LLC,Michael R Englund,220
2019-04-05,Mar-19,Ameriprise Financial Inc,Russell T Price,190
2019-04-05,Mar-19,BBVA Research,Nathaniel Karp,175
2019-04-05,Mar-19,BNP Paribas SA,,150
2019-04-05,Mar-19,Bank of Montreal,Douglas Porter,170
2019-04-05,Mar-19,Bank of The West,Scott A Anderson,170
2019-04-05,Mar-19,Bantleon Bank AG,Andreas Busch,185
2019-04-05,Mar-19,Barclays Capital Inc.,Jonathan Millar,175
2019-04-05,Mar-19,Berliner Sparkasse,Uwe Duerkop,120
2019-04-05,Mar-19,Bloomberg Economics,,175
2019-04-05,Mar-19,Canadian Imperial Bank of Commerce,Avery Shenfeld,218
2019-04-05,Mar-19,Capital Economics Ltd,,150
2019-04-05,Mar-19,Casa de Bolsa Banorte SA de CV,Katia Goya,188
2019-04-05,Mar-19,Citigroup Inc,,170
2019-04-05,Mar-19,Comerica Inc,Robert A Dye,195
2019-04-05,Mar-19,Commerzbank AG,Weidensteiner/Balz,185
2019-04-05,Mar-19,Credit Suisse Securities (USA) LLC,James Sweeney,150
2019-04-05,Mar-19,Cti Capital Securities Inc,Stephan Buu,277
2019-04-05,Mar-19,Dai-Ichi Life Research Institute Inc,Seiji Katsurahata,182
2019-04-05,Mar-19,Daiwa Capital Mkts,Michael Moran,170
2019-04-05,Mar-19,Danske Bank A/S,Mikael Olai Milhoj,190
2019-04-05,Mar-19,Desjardins Financial Group,Jean/Genereux,155
2019-04-05,Mar-19,Deutsche Bank Securities Inc,Brett Ryan,165
2019-04-05,Mar-19,Evercore ISI,Stan Shipley,150
2019-04-05,Mar-19,FTN Financial,Christopher Low,160
2019-04-05,Mar-19,Fact & Opinion Economics,Robert Brusca,160
2019-04-05,Mar-19,First Trust Portfolios LP,Stein/Wesbury,145
2019-04-05,Mar-19,Goldman Sachs & Co LLC,,190
2019-04-05,Mar-19,HSBC Securities (USA) Inc,Ryan Wang,165
2019-04-05,Mar-19,Helaba Frankfurt,Patrick Franke,200
2019-04-05,Mar-19,Hugh Johnson Advisors LLC,Hugh A Johnson,183
2019-04-05,Mar-19,ING Financial Markets LLC,James Knightley,160
2019-04-05,Mar-19,Intesa Sanpaolo Spa,Sergio Capaldi,170
2019-04-05,Mar-19,Investec Bank PLC,Shaw/Clarke,145
2019-04-05,Mar-19,Itau Asset Management SA/Brazil,,196
2019-04-05,Mar-19,Itau Unibanco SA,,180
2019-04-05,Mar-19,JP Morgan Securities LLC,Michael E Feroli,190
2019-04-05,Mar-19,JPMorgan Asset Management Inc,David P Kelly,243
2019-04-05,Mar-19,Jefferies LLC,Ward McCarthy,195
2019-04-05,Mar-19,Kennesaw State University,Mikhail I Melnik,110
2019-04-05,Mar-19,Landesbank Baden-Wuerttemberg,Dirk Chlench,250
2019-04-05,Mar-19,Lloyds Bank PLC,Rhys Herbert,195
2019-04-05,Mar-19,MUFG Union Bank NA,Chris Rupkey,200
2019-04-05,Mar-19,Maria Fiorini Ramirez Inc,Joshua Shapiro,185
2019-04-05,Mar-19,Market Securities LLP,Christophe Barraud,180
2019-04-05,Mar-19,Merrill Lynch,Michelle Meyer,190
2019-04-05,Mar-19,Mizuho Securities USA LLC,Steven R Ricchiuto,175
2019-04-05,Mar-19,Moody's Analytics Inc,Ryan Sweet,180
2019-04-05,Mar-19,Morgan Stanley Group Inc,,153
2019-04-05,Mar-19,National Bank of Canada Financial Inc,Marion/Paquet,180
2019-04-05,Mar-19,Nationwide Insurance,David William Berson,185
2019-04-05,Mar-19,Natixis North America LLC,Troy Ludtka,161
2019-04-05,Mar-19,Natwest Markets,Kevin Cummins,175
2019-04-05,Mar-19,Nomura Securities International Inc,Lewis S Alexander,170
2019-04-05,Mar-19,Nord / LB,Bernd Krampen,170
2019-04-05,Mar-19,Oxford Economics USA Inc,,180
2019-04-05,Mar-19,PNC Finl Services Group INC,Augustine Faucher,150
2019-04-05,Mar-19,Pantheon Macroeconomics Ltd,Ian C Shepherdson,160
2019-04-05,Mar-19,Paragon Research Ltd,Colm Fitzgerald,161
2019-04-05,Mar-19,Pinebridge Investments LLC,Markus Schomer,125
2019-04-05,Mar-19,RBC Capital Markets LLC,Tom Porcelli,225
2019-04-05,Mar-19,Raymond James & Assoc Inc,Scott J Brown,175
2019-04-05,Mar-19,Regions Financial Corp,Richard F Moody,179
2019-04-05,Mar-19,Santander US CM (ex-Amherst Pierpont),Stephen L Stanley,210
2019-04-05,Mar-19,Scotiabank,Derek Holt,150
2019-04-05,Mar-19,Societe Generale,Omair Sharif,200
2019-04-05,Mar-19,Southbay Research,Andrew Zatlin,205
2019-04-05,Mar-19,TD Securities (USA) LLC,Michael S Hanson,165
2019-04-05,Mar-19,UBS Securities LLC,Samuel Coffin,146
2019-04-05,Mar-19,UniCredit Bank AG,Harm Bandholz,195
2019-04-05,Mar-19,Vining Sparks IBG LP,Craig Dismuke,195
2019-04-05,Mar-19,Wells Fargo Securities LLC,Jay H Bryson,170
2019-04-05,Mar-19,Westpac Banking Corp,,185
2019-04-05,Mar-19,Wrightson ICAP LLC,Crandall/Jordan,200
2019-05-03,Apr-19,4CAST/Continuum Economics,David H Sloan,225
2019-05-03,Apr-19,ABN Amro Bank NV,Bill Diviney,175
2019-05-03,Apr-19,Acciones y Valores SA/Colombia,,184
2019-05-03,Apr-19,Action Economics LLC,Michael R Englund,190
2019-05-03,Apr-19,Ameriprise Financial Inc,Russell T Price,190
2019-05-03,Apr-19,BBVA Research,Nathaniel Karp,185
2019-05-03,Apr-19,BNP Paribas SA,,210
2019-05-03,Apr-19,Bank of Montreal,Douglas Porter,180
2019-05-03,Apr-19,Bank of The West,Scott A Anderson,190
2019-05-03,Apr-19,Bantleon Bank AG,Andreas Busch,195
2019-05-03,Apr-19,Barclays Capital Inc.,Jonathan Millar,200
2019-05-03,Apr-19,Bayerische Landesbank,Charlotte Heck-Parsch,185
2019-05-03,Apr-19,Berliner Sparkasse,Uwe Duerkop,120
2019-05-03,Apr-19,Bloomberg Economics,,210
2019-05-03,Apr-19,Canadian Imperial Bank of Commerce,Avery Shenfeld,208
2019-05-03,Apr-19,Capital Economics Ltd,,165
2019-05-03,Apr-19,Casa de Bolsa Banorte SA de CV,Katia Goya,207
2019-05-03,Apr-19,Citigroup Inc,,190
2019-05-03,Apr-19,Comerica Inc,Robert A Dye,170
2019-05-03,Apr-19,Commerzbank AG,Weidensteiner/Balz,210
2019-05-03,Apr-19,Credit Suisse Securities (USA) LLC,James Sweeney,160
2019-05-03,Apr-19,Cti Capital Securities Inc,Stephan Buu,225
2019-05-03,Apr-19,Dai-Ichi Life Research Institute Inc,Seiji Katsurahata,208
2019-05-03,Apr-19,Daiwa Capital Mkts,Michael Moran,175
2019-05-03,Apr-19,Danske Bank A/S,Mikael Olai Milhoj,190
2019-05-03,Apr-19,Dekabank Deutsche Girozentrale,Besch/Luetje,220
2019-05-03,Apr-19,Desjardins Financial Group,Jean/Genereux,210
2019-05-03,Apr-19,Deutsche Bank Securities Inc,Brett Ryan,160
2019-05-03,Apr-19,Evercore ISI,Stan Shipley,175
2019-05-03,Apr-19,Fact & Opinion Economics,Robert Brusca,160
2019-05-03,Apr-19,First Trust Portfolios LP,Stein/Wesbury,195
2019-05-03,Apr-19,Goldman Sachs & Co LLC,,195
2019-05-03,Apr-19,HSBC Securities (USA) Inc,Ryan Wang,180
2019-05-03,Apr-19,Helaba Frankfurt,Patrick Franke,200
2019-05-03,Apr-19,Hugh Johnson Advisors LLC,Hugh A Johnson,229
2019-05-03,Apr-19,ING Financial Markets LLC,James Knightley,175
2019-05-03,Apr-19,Intesa Sanpaolo Spa,Sergio Capaldi,175
2019-05-03,Apr-19,Investec Bank PLC,Shaw/Clarke,150
2019-05-03,Apr-19,Itau Asset Management SA/Brazil,,215
2019-05-03,Apr-19,Itau Unibanco SA,,165
2019-05-03,Apr-19,JP Morgan Securities LLC,Michael E Feroli,200
2019-05-03,Apr-19,JPMorgan Asset Management Inc,David P Kelly,171
2019-05-03,Apr-19,Jefferies LLC,Ward McCarthy,210
2019-05-03,Apr-19,Kennesaw State University,Mikhail I Melnik,130
2019-05-03,Apr-19,Landesbank Baden-Wuerttemberg,Dirk Chlench,210
2019-05-03,Apr-19,Lloyds Bank PLC,Rhys Herbert,190
2019-05-03,Apr-19,MUFG Union Bank NA,Chris Rupkey,190
2019-05-03,Apr-19,Maria Fiorini Ramirez Inc,Joshua Shapiro,185
2019-05-03,Apr-19,Market Securities LLP,Christophe Barraud,210
2019-05-03,Apr-19,Merrill Lynch,Michelle Meyer,250
2019-05-03,Apr-19,Moody's Analytics Inc,Ryan Sweet,213
2019-05-03,Apr-19,Morgan Stanley Group Inc,,233
2019-05-03,Apr-19,National Bank of Canada Financial Inc,Marion/Paquet,160
2019-05-03,Apr-19,Nationwide Insurance,David William Berson,189
2019-05-03,Apr-19,Natixis North America LLC,Troy Ludtka,168
2019-05-03,Apr-19,Natwest Markets,Kevin Cummins,185
2019-05-03,Apr-19,Nomura Securities International Inc,Lewis S Alexander,190
2019-05-03,Apr-19,Nord / LB,Bernd Krampen,175
2019-05-03,Apr-19,Oxford Economics USA Inc,,196
2019-05-03,Apr-19,PNC Finl Services Group INC,Augustine Faucher,175
2019-05-03,Apr-19,Pantheon Macroeconomics Ltd,Ian C Shepherdson,220
2019-05-03,Apr-19,Paragon Research Ltd,Colm Fitzgerald,235
2019-05-03,Apr-19,Pinebridge Investments LLC,Markus Schomer,165
2019-05-03,Apr-19,Raiffeisen Research,Joerg Angele,233
2019-05-03,Apr-19,Raymond James & Assoc Inc,Scott J Brown,160
2019-05-03,Apr-19,Regions Financial Corp,Richard F Moody,226
2019-05-03,Apr-19,Santander US CM (ex-Amherst Pierpont),Stephen L Stanley,190
2019-05-03,Apr-19,Scotiabank,Derek Holt,180
2019-05-03,Apr-19,Societe Generale,Stephen Gallagher,220
2019-05-03,Apr-19,Southbay Research,Andrew Zatlin,221
2019-05-03,Apr-19,Stifel Nicolaus & Co Inc,Lindsey Piegza,180
2019-05-03,Apr-19,TD Securities (USA) LLC,Michael S Hanson,170
2019-05-03,Apr-19,UBS Securities LLC,Samuel Coffin,228
2019-05-03,Apr-19,UniCredit Bank AG,Harm Bandholz,195
2019-05-03,Apr-19,Vining Sparks IBG LP,Craig Dismuke,205
2019-05-03,Apr-19,Visa USA Inc,Michael Brown,181
2019-05-03,Apr-19,Wells Fargo Securities LLC,Jay H Bryson,200
2019-05-03,Apr-19,Westpac Banking Corp,,180
2019-05-03,Apr-19,Wrightson ICAP LLC,Crandall/Jordan,175
2019-06-07,May-19,4CAST/Continuum Economics,David H Sloan,155
2019-06-07,May-19,ABN Amro Bank NV,Bill Diviney,180
2019-06-07,May-19,Acciones y Valores SA/Colombia,,200
2019-06-07,May-19,Action Economics LLC,Michael R Englund,190
2019-06-07,May-19,Ameriprise Financial Inc,Russell T Price,180
2019-06-07,May-19,BBVA Research,Nathaniel Karp,190
2019-06-07,May-19,BNP Paribas SA,,175
2019-06-07,May-19,Bank of Montreal,Douglas Porter,180
2019-06-07,May-19,Bank of The West,Scott A Anderson,195
2019-06-07,May-19,Bantleon Bank AG,Andreas Busch,160
2019-06-07,May-19,Barclays Capital Inc.,Jonathan Millar,175
2019-06-07,May-19,Bayerische Landesbank,Charlotte Heck-Parsch,205
2019-06-07,May-19,Berliner Sparkasse,Uwe Duerkop,80
2019-06-07,May-19,Bloomberg Economics,,160
2019-06-07,May-19,Canadian Imperial Bank of Commerce,Avery Shenfeld,168
2019-06-07,May-19,Capital Economics Ltd,,190
2019-06-07,May-19,Casa de Bolsa Banorte SA de CV,Katia Goya,190
2019-06-07,May-19,Citigroup Inc,,168
2019-06-07,May-19,Comerica Inc,Robert A Dye,100
2019-06-07,May-19,Commerzbank AG,Weidensteiner/Balz,185
2019-06-07,May-19,Credit Suisse Securities (USA) LLC,James Sweeney,165
2019-06-07,May-19,Cti Capital Securities Inc,Stephan Buu,228
2019-06-07,May-19,Dai-Ichi Life Research Institute Inc,Seiji Katsurahata,205
2019-06-07,May-19,Daiwa Capital Mkts,Michael Moran,160
2019-06-07,May-19,Desjardins Financial Group,Jean/Genereux,208
2019-06-07,May-19,Deutsche Bank Securities Inc,Brett Ryan,160
2019-06-07,May-19,Evercore ISI,Stan Shipley,100
2019-06-07,May-19,FTN Financial,Christopher Low,185
2019-06-07,May-19,Fact & Opinion Economics,Robert Brusca,170
2019-06-07,May-19,First Trust Portfolios LP,Stein/Wesbury,155
2019-06-07,May-19,Goldman Sachs & Co LLC,,195
2019-06-07,May-19,HSBC Securities (USA) Inc,Ryan Wang,192
2019-06-07,May-19,Helaba Frankfurt,Patrick Franke,200
2019-06-07,May-19,Hugh Johnson Advisors LLC,Hugh A Johnson,100
2019-06-07,May-19,ING Financial Markets LLC,James Knightley,175
2019-06-07,May-19,Intesa Sanpaolo Spa,Sergio Capaldi,165
2019-06-07,May-19,Investec Bank PLC,Shaw/Clarke,205
2019-06-07,May-19,Itau Asset Management SA/Brazil,,140
2019-06-07,May-19,Itau Unibanco SA,,150
2019-06-07,May-19,JP Morgan Securities LLC,Michael E Feroli,160
2019-06-07,May-19,JPMorgan Asset Management Inc,David P Kelly,197
2019-06-07,May-19,Jefferies LLC,Ward McCarthy,155
2019-06-07,May-19,Landesbank Baden-Wuerttemberg,Dirk Chlench,215
2019-06-07,May-19,Lloyds Bank PLC,Rhys Herbert,195
2019-06-07,May-19,MUFG Union Bank NA,Chris Rupkey,120
2019-06-07,May-19,Maria Fiorini Ramirez Inc,Joshua Shapiro,180
2019-06-07,May-19,Market Securities LLP,Christophe Barraud,170
2019-06-07,May-19,Merrill Lynch,Michelle Meyer,180
2019-06-07,May-19,Mizuho Securities USA LLC,Steven R Ricchiuto,175
2019-06-07,May-19,Moody's Analytics Inc,Ryan Sweet,190
2019-06-07,May-19,Morgan Stanley Group Inc,,189
2019-06-07,May-19,National Bank of Canada Financial Inc,Marion/Paquet,175
2019-06-07,May-19,Natixis North America LLC,Troy Ludtka,175
2019-06-07,May-19,Natwest Markets,Kevin Cummins,185
2019-06-07,May-19,Nomura Securities International Inc,Lewis S Alexander,165
2019-06-07,May-19,Nord / LB,Bernd Krampen,180
2019-06-07,May-19,Oxford Economics USA Inc,,173
2019-06-07,May-19,PNC Finl Services Group INC,Augustine Faucher,190
2019-06-07,May-19,Pantheon Macroeconomics Ltd,Ian C Shepherdson,100
2019-06-07,May-19,Paragon Research Ltd,Colm Fitzgerald,185
2019-06-07,May-19,Pinebridge Investments LLC,Markus Schomer,155
2019-06-07,May-19,RBC Capital Markets LLC,Tom Porcelli,185
2019-06-07,May-19,Raiffeisen Research,Joerg Angele,144
2019-06-07,May-19,Raymond James & Assoc Inc,Scott J Brown,160
2019-06-07,May-19,Regions Financial Corp,Richard F Moody,198
2019-06-07,May-19,Santander US CM (ex-Amherst Pierpont),Stephen L Stanley,195
2019-06-07,May-19,Scotiabank,Derek Holt,200
2019-06-07,May-19,Societe Generale,Stephen Gallagher,145
2019-06-07,May-19,Southbay Research,Andrew Zatlin,147
2019-06-07,May-19,TD Securities (USA) LLC,Michael S Hanson,140
2019-06-07,May-19,UBS Securities LLC,Samuel Coffin,208
2019-06-07,May-19,UniCredit Bank AG,Harm Bandholz,185
2019-06-07,May-19,Vining Sparks IBG LP,Craig Dismuke,161
2019-06-07,May-19,Visa USA Inc,Michael Brown,175
2019-06-07,May-19,Wells Fargo Securities LLC,Jay H Bryson,180
2019-06-07,May-19,Westpac Banking Corp,,170
2019-06-07,May-19,Wrightson ICAP LLC,Crandall/Jordan,200
2019-07-05,Jun-19,4CAST/Continuum Economics,David H Sloan,135
2019-07-05,Jun-19,ABN Amro Bank NV,Bill Diviney,170
2019-07-05,Jun-19,Acciones y Valores SA/Colombia,,168
2019-07-05,Jun-19,Action Economics LLC,Michael R Englund,160
2019-07-05,Jun-19,Ameriprise Financial Inc,Russell T Price,155
2019-07-05,Jun-19,BBVA Research,Nathaniel Karp,140
2019-07-05,Jun-19,BNP Paribas SA,,220
2019-07-05,Jun-19,Bank of Montreal,Douglas Porter,160
2019-07-05,Jun-19,Bank of The West,Scott A Anderson,150
2019-07-05,Jun-19,Bantleon Bank AG,Andreas Busch,165
2019-07-05,Jun-19,Barclays Capital Inc.,Jonathan Millar,150
2019-07-05,Jun-19,Bayerische Landesban,Charlotte Heck-Parsch,150
2019-07-05,Jun-19,Bloomberg Economics,,150
2019-07-05,Jun-19,Canadian Imperial BA,Avery Shenfeld,205
2019-07-05,Jun-19,Capital Economics Ltd,,125
2019-07-05,Jun-19,Casa de Bolsa Banorte SA de CV,Katia Goya,150
2019-07-05,Jun-19,Citigroup Inc,,194
2019-07-05,Jun-19,Comerica Inc,Robert A Dye,150
2019-07-05,Jun-19,Commerzbank AG,Weidensteiner/Balz,170
2019-07-05,Jun-19,Credit Suisse Securities (USA) LLC,James Sweeney,140
2019-07-05,Jun-19,Cti Capital Securiti,Stephan Buu,215
2019-07-05,Jun-19,Dai-Ichi Life Resear,Seiji Katsurahata,172
2019-07-05,Jun-19,Daiwa Capital Mkts,Michael Moran,160
2019-07-05,Jun-19,Danske Bank A/S,Mikael Olai Milhoj,175
2019-07-05,Jun-19,Dekabank Deutsche Girozentrale,Besch/Luetje,170
2019-07-05,Jun-19,Desjardins Financial Group,Jean/Genereux,160
2019-07-05,Jun-19,Deutsche Bank Securities Inc,Brett Ryan,160
2019-07-05,Jun-19,Fact & Opinion Economics,Robert Brusca,140
2019-07-05,Jun-19,First Trust Portfoli,Stein/Wesbury,155
2019-07-05,Jun-19,Goldman Sachs & Co LLC,,175
2019-07-05,Jun-19,HSBC Securities (USA) Inc,Ryan Wang,155
2019-07-05,Jun-19,Helaba Frankfurt,Patrick Franke,175
2019-07-05,Jun-19,Hugh Johnson Advisors LLC,Hugh A Johnson,121
2019-07-05,Jun-19,ING Financial Markets LLC,James Knightley,170
2019-07-05,Jun-19,Intesa Sanpaolo Spa,Sergio Capaldi,145
2019-07-05,Jun-19,Investec Bank PLC,Shaw/Clarke,130
2019-07-05,Jun-19,Itau Asset Management SA/Brazil,,140
2019-07-05,Jun-19,Itau Unibanco SA,,150
2019-07-05,Jun-19,JP Morgan Securities LLC,Michael E Feroli,140
2019-07-05,Jun-19,JPMorgan Asset Management Inc,David P Kelly,156
2019-07-05,Jun-19,Jefferies LLC,Ward McCarthy,185
2019-07-05,Jun-19,Landesbank Baden-Wuerttemberg,Dirk Chlench,185
2019-07-05,Jun-19,Lloyds Bank PLC,Rhys Herbert,195
2019-07-05,Jun-19,MUFG Union Bank NA,Chris Rupkey,200
2019-07-05,Jun-19,Market Securities LL,Christophe Barraud,175
2019-07-05,Jun-19,Merrill Lynch,Michelle Meyer,155
2019-07-05,Jun-19,Moody's Analytics in,Ryan Sweet,190
2019-07-05,Jun-19,Morgan Stanley Group Inc,,169
2019-07-05,Jun-19,National Bank of Canada Financial Inc,Marion/Paquet,150
2019-07-05,Jun-19,Nationwide Insurance,David William Berson,180
2019-07-05,Jun-19,Natixis North America LLC,Troy Ludtka,130
2019-07-05,Jun-19,Natwest Markets,Kevin Cummins,170
2019-07-05,Jun-19,Nomura Securities International Inc,Lewis S Alexander,145
2019-07-05,Jun-19,Nord / LB,Bernd Krampen,140
2019-07-05,Jun-19,Oxford Economics USA Inc,,164
2019-07-05,Jun-19,PNC Finl Services Group INC,Augustine Faucher,165
2019-07-05,Jun-19,Pantheon Macroeconomics Ltd,Ian C Shepherdson,160
2019-07-05,Jun-19,Paragon Research Ltd,Colm Fitzgerald,195
2019-07-05,Jun-19,Pinebridge Investmen,Markus Schomer,165
2019-07-05,Jun-19,RBC Capital Markets LLC,Tom Porcelli,180
2019-07-05,Jun-19,Raiffeisen Research,Joerg Angele,201
2019-07-05,Jun-19,Raymond James & Assoc Inc,Scott J Brown,150
2019-07-05,Jun-19,Regions Financial Corp,Richard F Moody,193
2019-07-05,Jun-19,Santander US CM (ex-Amherst Pierpont),Stephen L Stanley,180
2019-07-05,Jun-19,Scotiabank,Derek Holt,100
2019-07-05,Jun-19,Societe Generale,Stephen Gallagher,175
2019-07-05,Jun-19,Southbay Research,Andrew Zatlin,117
2019-07-05,Jun-19,Standard Chartered B,Sonia Meskin,150
2019-07-05,Jun-19,TD Securities (USA) LLC,Oscar Munoz,150
2019-07-05,Jun-19,UBS Securities LLC,Samuel Coffin,170
2019-07-05,Jun-19,UniCredit Bank AG,Harm Bandholz,190
2019-07-05,Jun-19,Visa USA Inc,Michael Brown,175
2019-07-05,Jun-19,Wells Fargo Securiti,Jay H Bryson,165
2019-07-05,Jun-19,Westpac Banking Corp,,180
2019-07-05,Jun-19,Wrightson ICAP LLC,Crandall/Jordan,150
2019-08-02,Jul-19,ABN Amro Bank NV,Bill Diviney,160
2019-08-02,Jul-19,Acciones y Valores SA/Colombia,,175
2019-08-02,Jul-19,Action Economics LLC,Michael R Englund,170
2019-08-02,Jul-19,Ameriprise Financial Inc,Russell T Price,165
2019-08-02,Jul-19,BBVA Research,Nathaniel Karp,179
2019-08-02,Jul-19,BNP Paribas SA,,185
2019-08-02,Jul-19,Banco Bradesco Financiamentos SA,,170
2019-08-02,Jul-19,Bank of Montreal,Douglas Porter,150
2019-08-02,Jul-19,Bank of The West,Scott A Anderson,170
2019-08-02,Jul-19,Bantleon Bank AG,Andreas Busch,190
2019-08-02,Jul-19,Barclays Capital Inc.,Jonathan Millar,165
2019-08-02,Jul-19,Bayerische Landesbank,Charlotte Heck-Parsch,130
2019-08-02,Jul-19,Berliner Sparkasse,Uwe Duerkop,120
2019-08-02,Jul-19,Bloomberg Economics,,185
2019-08-02,Jul-19,Canadian Imperial Bank of Commerce,Avery Shenfeld,150
2019-08-02,Jul-19,Capital Economics Ltd,,145
2019-08-02,Jul-19,Casa de Bolsa Banorte SA de CV,Katia Goya,175
2019-08-02,Jul-19,Citigroup Inc,,171
2019-08-02,Jul-19,Comerica Inc,Robert A Dye,224
2019-08-02,Jul-19,Commerzbank AG,Weidensteiner/Balz,190
2019-08-02,Jul-19,Credit Agricole CIB,Perrin/Van Ness,165
2019-08-02,Jul-19,Credit Suisse Securities (USA) LLC,James Sweeney,150
2019-08-02,Jul-19,Cti Capital Securities Inc,Stephan Buu,153
2019-08-02,Jul-19,Dai-Ichi Life Research Institute Inc,Seiji Katsurahata,162
2019-08-02,Jul-19,Daiwa Capital Mkts,Michael Moran,150
2019-08-02,Jul-19,Dekabank Deutsche Girozentrale,Besch/Luetje,150
2019-08-02,Jul-19,Desjardins Financial Group,Jean/Genereux,150
2019-08-02,Jul-19,Deutsche Bank Securities Inc,Brett Ryan,150
2019-08-02,Jul-19,Evercore ISI,Stan Shipley,150
2019-08-02,Jul-19,FTN Financial,Christopher Low,140
2019-08-02,Jul-19,Fact & Opinion Economics,Robert Brusca,160
2019-08-02,Jul-19,First Trust Portfolios LP,Stein/Wesbury,163
2019-08-02,Jul-19,Goldman Sachs & Co LLC,,190
2019-08-02,Jul-19,HSBC Securities (USA) Inc,Ryan Wang,167
2019-08-02,Jul-19,Helaba Frankfurt,Patrick Franke,180
2019-08-02,Jul-19,Hugh Johnson Advisors LLC,Hugh A Johnson,211
2019-08-02,Jul-19,ING Financial Markets LLC,James Knightley,170
2019-08-02,Jul-19,Intesa Sanpaolo Spa,Sergio Capaldi,170
2019-08-02,Jul-19,Investec Bank PLC,Shaw/Clarke,180
2019-08-02,Jul-19,Itau Asset Management SA/Brazil,,160
2019-08-02,Jul-19,Itau Unibanco SA,,150
2019-08-02,Jul-19,JP Morgan Securities LLC,Michael E Feroli,155
2019-08-02,Jul-19,JPMorgan Asset Management Inc,David P Kelly,160
2019-08-02,Jul-19,Jefferies LLC,Ward McCarthy,175
2019-08-02,Jul-19,Landesbank Baden-Wuerttemberg,Dirk Chlench,170
2019-08-02,Jul-19,Lloyds Bank PLC,Rhys Herbert,185
2019-08-02,Jul-19,MUFG Union Bank NA,Chris Rupkey,170
2019-08-02,Jul-19,Market Securities LLP,Christophe Barraud,166
2019-08-02,Jul-19,Merrill Lynch,Michelle Meyer,170
2019-08-02,Jul-19,Moody's Analytics Inc,Ryan Sweet,146
2019-08-02,Jul-19,Morgan Stanley Group Inc,,186
2019-08-02,Jul-19,National Bank of Canada Financial Inc,Marion/Paquet,165
2019-08-02,Jul-19,Nationwide Insurance,David William Berson,180
2019-08-02,Jul-19,Natixis North America LLC,Troy Ludtka,74
2019-08-02,Jul-19,Natwest Markets,Kevin Cummins,160
2019-08-02,Jul-19,Nomura Securities International Inc,Lewis S Alexander,160
2019-08-02,Jul-19,Nord / LB,Bernd Krampen,130
2019-08-02,Jul-19,Oxford Economics USA Inc,,162
2019-08-02,Jul-19,PNC Finl Services Group INC,Augustine Faucher,160
2019-08-02,Jul-19,Paragon Research Ltd,Colm Fitzgerald,195
2019-08-02,Jul-19,Pinebridge Investments LLC,Markus Schomer,165
2019-08-02,Jul-19,RBC Capital Markets LLC,Tom Porcelli,170
2019-08-02,Jul-19,Raymond James & Assoc Inc,Scott J Brown,145
2019-08-02,Jul-19,Regions Financial Corp,Richard F Moody,179
2019-08-02,Jul-19,Santander US CM (ex-Amherst Pierpont),Stephen L Stanley,160
2019-08-02,Jul-19,Scotiabank,Derek Holt,175
2019-08-02,Jul-19,Societe Generale,Stephen Gallagher,212
2019-08-02,Jul-19,Southbay Research,Andrew Zatlin,143
2019-08-02,Jul-19,Stifel Nicolaus & Co Inc,Lindsey Piegza,100
2019-08-02,Jul-19,TD Securities (USA) LLC,Oscar Munoz,170
2019-08-02,Jul-19,UBS Securities LLC,Samuel Coffin,191
2019-08-02,Jul-19,UniCredit Bank AG,Harm Bandholz,150
2019-08-02,Jul-19,Visa USA Inc,Michael Brown,160
2019-08-02,Jul-19,Wells Fargo Securities LLC,Jay H Bryson,160
2019-08-02,Jul-19,Westpac Banking Corp,,180
2019-08-02,Jul-19,Wrightson ICAP LLC,Crandall/Jordan,150
2019-09-06,Aug-19,ABN Amro Bank NV,Bill Diviney,150
2019-09-06,Aug-19,Action Economics LLC,Michael R Englund,165
2019-09-06,Aug-19,Ameriprise Financial Inc,Russell T Price,165
2019-09-06,Aug-19,BBVA Research,Nathaniel Karp,167
2019-09-06,Aug-19,BNP Paribas SA,,115
2019-09-06,Aug-19,Bank of Montreal,Douglas Porter,160
2019-09-06,Aug-19,Bank of The West,Scott A Anderson,149
2019-09-06,Aug-19,Bantleon Bank AG,Andreas Busch,155
2019-09-06,Aug-19,Barclays Capital Inc.,Jonathan Millar,150
2019-09-06,Aug-19,Berenberg,Holger Schmieding,164
2019-09-06,Aug-19,Berliner Sparkasse,Uwe Duerkop,140
2019-09-06,Aug-19,Bloomberg Economics,,175
2019-09-06,Aug-19,BofA Securities Inc,Michelle Meyer,130
2019-09-06,Aug-19,Briefing.com,,180
2019-09-06,Aug-19,Canadian Imperial Bank of Commerce,Avery Shenfeld,175
2019-09-06,Aug-19,Capital Economics Ltd,,110
2019-09-06,Aug-19,Casa de Bolsa Banorte SA de CV,Katia Goya,152
2019-09-06,Aug-19,Citigroup Inc,,181
2019-09-06,Aug-19,Comerica Inc,Robert A Dye,150
2019-09-06,Aug-19,Commerzbank AG,Weidensteiner/Balz,175
2019-09-06,Aug-19,Credit Agricole CIB,Perrin/Van Ness,160
2019-09-06,Aug-19,Credit Suisse Securities (USA) LLC,James Sweeney,170
2019-09-06,Aug-19,Cti Capital Securities Inc,Stephan Buu,180
2019-09-06,Aug-19,DZ Bank AG Deutsche Zentral-Genossenschaftsbank Frankfurt Am Main,,150
2019-09-06,Aug-19,Dai-Ichi Life Research Institute Inc,Seiji Katsurahata,186
2019-09-06,Aug-19,Danske Bank A/S,Mikael Olai Milhoj,164
2019-09-06,Aug-19,Dekabank Deutsche Girozentrale,Besch/Luetje,180
2019-09-06,Aug-19,Desjardins Financial Group,Jean/Genereux,170
2019-09-06,Aug-19,Deutsche Bank Securities Inc,Brett Ryan,140
2019-09-06,Aug-19,Evercore ISI,Stan Shipley,150
2019-09-06,Aug-19,FTN Financial,Christopher Low,150
2019-09-06,Aug-19,Fact & Opinion Economics,Robert Brusca,150
2019-09-06,Aug-19,First Trust Portfolios LP,Stein/Wesbury,170
2019-09-06,Aug-19,Goldman Sachs & Co LLC,,150
2019-09-06,Aug-19,HSBC Securities (USA) Inc,Ryan Wang,158
2019-09-06,Aug-19,Helaba Frankfurt,Patrick Franke,175
2019-09-06,Aug-19,Hugh Johnson Advisors LLC,Hugh A Johnson,182
2019-09-06,Aug-19,ING Financial Markets LLC,James Knightley,170
2019-09-06,Aug-19,Intesa Sanpaolo Spa,Sergio Capaldi,140
2019-09-06,Aug-19,Investec Bank PLC,Shaw/Clarke,190
2019-09-06,Aug-19,Itau Asset Management SA/Brazil,,170
2019-09-06,Aug-19,Itau Unibanco SA,,125
2019-09-06,Aug-19,JP Morgan Securities LLC,Michael E Feroli,150
2019-09-06,Aug-19,JPMorgan Asset Management Inc,David P Kelly,159
2019-09-06,Aug-19,Jefferies LLC,Ward McCarthy,190
2019-09-06,Aug-19,Kennesaw State University,Mikhail I Melnik,170
2019-09-06,Aug-19,Landesbank Baden-Wuerttemberg,Dirk Chlench,175
2019-09-06,Aug-19,Lloyds Bank PLC,Rhys Herbert,185
2019-09-06,Aug-19,MUFG Union Bank NA,Chris Rupkey,180
2019-09-06,Aug-19,Maria Fiorini Ramirez Inc,Joshua Shapiro,185
2019-09-06,Aug-19,Market Securities LLP,Christophe Barraud,175
2019-09-06,Aug-19,Moody's Analytics Inc,Ryan Sweet,166
2019-09-06,Aug-19,Morgan Stanley Group Inc,,181
2019-09-06,Aug-19,National Bank of Canada Financial Inc,Marion/Paquet,175
2019-09-06,Aug-19,Nationwide Insurance,David William Berson,158
2019-09-06,Aug-19,Natixis North America LLC,Troy Ludtka,232
2019-09-06,Aug-19,Natwest Markets,Kevin Cummins,150
2019-09-06,Aug-19,Nomura Securities International Inc,Lewis S Alexander,190
2019-09-06,Aug-19,Nord / LB,Bernd Krampen,150
2019-09-06,Aug-19,Oxford Economics USA Inc,,144
2019-09-06,Aug-19,PNC Finl Services Group INC,Augustine Faucher,160
2019-09-06,Aug-19,Pantheon Macroeconomics Ltd,Ian C Shepherdson,180
2019-09-06,Aug-19,Paragon Research Ltd,Colm Fitzgerald,159
2019-09-06,Aug-19,Pinebridge Investments LLC,Markus Schomer,155
2019-09-06,Aug-19,Raymond James & Assoc Inc,Scott J Brown,145
2019-09-06,Aug-19,Regions Financial Corp,Richard F Moody,196
2019-09-06,Aug-19,Santander US CM (ex-Amherst Pierpont),Stephen L Stanley,170
2019-09-06,Aug-19,Scotiabank,Derek Holt,150
2019-09-06,Aug-19,Societe Generale,Stephen Gallagher,142
2019-09-06,Aug-19,Southbay Research,Andrew Zatlin,183
2019-09-06,Aug-19,Stifel Nicolaus & Co Inc,Lindsey Piegza,130
2019-09-06,Aug-19,TD Securities (USA) LLC,Oscar Munoz,145
2019-09-06,Aug-19,UBS Securities LLC,Samuel Coffin,209
2019-09-06,Aug-19,Visa USA Inc,Michael Brown,155
2019-09-06,Aug-19,Wells Fargo Securities LLC,Jay H Bryson,135
2019-09-06,Aug-19,Westpac Banking Corp,,140
2019-09-06,Aug-19,Wrightson ICAP LLC,Crandall/Jordan,125
2019-10-04,Sep-19,4CAST/Continuum Economics,David H Sloan,140
2019-10-04,Sep-19,ABN Amro Bank NV,Bill Diviney,130
2019-10-04,Sep-19,Acciones y Valores SA/Colombia,,152
2019-10-04,Sep-19,Action Economics LLC,Michael R Englund,155
2019-10-04,Sep-19,Ameriprise Financial Inc,Russell T Price,140
2019-10-04,Sep-19,BBVA Research,Nathaniel Karp,148
2019-10-04,Sep-19,BNP Paribas SA,,125
2019-10-04,Sep-19,Banco Bradesco SA,Fernando Honorato,125
2019-10-04,Sep-19,Bank of Montreal,Douglas Porter,150
2019-10-04,Sep-19,Bank of The West,Scott A Anderson,145
2019-10-04,Sep-19,Bantleon Bank AG,Andreas Busch,145
2019-10-04,Sep-19,Barclays Capital Inc.,Jonathan Millar,145
2019-10-04,Sep-19,Berliner Sparkasse,Uwe Duerkop,120
2019-10-04,Sep-19,Bloomberg Economics,,135
2019-10-04,Sep-19,BofA Securities Inc,Michelle Meyer,145
2019-10-04,Sep-19,Briefing.com,,165
2019-10-04,Sep-19,Canadian Imperial Bank of Commerce,Avery Shenfeld,166
2019-10-04,Sep-19,Capital Economics Ltd,,125
2019-10-04,Sep-19,Citigroup Inc,,155
2019-10-04,Sep-19,Comerica Inc,Robert A Dye,150
2019-10-04,Sep-19,Commerzbank AG,Weidensteiner/Balz,150
2019-10-04,Sep-19,Credit Agricole CIB,Perrin/Van Ness,140
2019-10-04,Sep-19,Credit Suisse Securities (USA) LLC,James Sweeney,135
2019-10-04,Sep-19,Cti Capital Securities Inc,Stephan Buu,165
2019-10-04,Sep-19,DZ Bank AG Deutsche Zentral-Genossenschaftsbank Frankfurt Am Main,,150
2019-10-04,Sep-19,Dai-Ichi Life Research Institute Inc,Seiji Katsurahata,136
2019-10-04,Sep-19,Desjardins Financial Group,Jean/Genereux,155
2019-10-04,Sep-19,Deutsche Bank Securities Inc,Brett Ryan,125
2019-10-04,Sep-19,Evercore ISI,Stan Shipley,150
2019-10-04,Sep-19,FTN Financial,Christopher Low,150
2019-10-04,Sep-19,Fact & Opinion Economics,Robert Brusca,140
2019-10-04,Sep-19,First Trust Portfolios LP,Stein/Wesbury,125
2019-10-04,Sep-19,Goldman Sachs & Co LLC,,150
2019-10-04,Sep-19,HSBC Securities (USA) Inc,Ryan Wang,150
2019-10-04,Sep-19,Helaba Frankfurt,Patrick Franke,150
2019-10-04,Sep-19,Hugh Johnson Advisors LLC,Hugh A Johnson,168
2019-10-04,Sep-19,ING Financial Markets LLC,James Knightley,150
2019-10-04,Sep-19,Intesa Sanpaolo Spa,Sergio Capaldi,140
2019-10-04,Sep-19,Investec Bank PLC,Shaw/Clarke,130
2019-10-04,Sep-19,Itau Asset Management SA/Brazil,,150
2019-10-04,Sep-19,Itau Unibanco SA,,130
2019-10-04,Sep-19,JP Morgan Securities LLC,Michael E Feroli,125
2019-10-04,Sep-19,JPMorgan Asset Management Inc,David P Kelly,145
2019-10-04,Sep-19,Jefferies LLC,Ward McCarthy,165
2019-10-04,Sep-19,Landesbank Baden-Wuerttemberg,Dirk Chlench,120
2019-10-04,Sep-19,Lloyds Bank PLC,Rhys Herbert,170
2019-10-04,Sep-19,MUFG Union Bank NA,Chris Rupkey,150
2019-10-04,Sep-19,Maria Fiorini Ramirez Inc,Joshua Shapiro,140
2019-10-04,Sep-19,Market Securities LLP,Christophe Barraud,147
2019-10-04,Sep-19,Moody's Analytics Inc,Ryan Sweet,161
2019-10-04,Sep-19,Morgan Stanley Group Inc,,185
2019-10-04,Sep-19,National Bank of Canada Financial Inc,Marion/Paquet,160
2019-10-04,Sep-19,Nationwide Insurance,David William Berson,165
2019-10-04,Sep-19,Natixis North America LLC,Troy Ludtka,85
2019-10-04,Sep-19,Natwest Markets,Kevin Cummins,170
2019-10-04,Sep-19,Nomura Securities International Inc,Lewis S Alexander,125
2019-10-04,Sep-19,Nord / LB,Bernd Krampen,120
2019-10-04,Sep-19,Oxford Economics USA Inc,,144
2019-10-04,Sep-19,PNC Finl Services Group INC,Augustine Faucher,135
2019-10-04,Sep-19,Pantheon Macroeconomics Ltd,Ian C Shepherdson,150
2019-10-04,Sep-19,Paragon Research Ltd,Colm Fitzgerald,142
2019-10-04,Sep-19,Pinebridge Investments LLC,Markus Schomer,155
2019-10-04,Sep-19,Raymond James & Assoc Inc,Scott J Brown,140
2019-10-04,Sep-19,Regions Financial Corp,Richard F Moody,151
2019-10-04,Sep-19,Santander US CM (ex-Amherst Pierpont),Stephen L Stanley,125
2019-10-04,Sep-19,Scotiabank,Derek Holt,150
2019-10-04,Sep-19,Societe Generale,Stephen Gallagher,147
2019-10-04,Sep-19,Southbay Research,Andrew Zatlin,173
2019-10-04,Sep-19,Standard Chartered PLC,,140
2019-10-04,Sep-19,Stifel Nicolaus & Co Inc,Lindsey Piegza,120
2019-10-04,Sep-19,TD Securities (USA) LLC,Oscar Munoz,150
2019-10-04,Sep-19,UBS Securities LLC,Samuel Coffin,139
2019-10-04,Sep-19,UniCredit Bank AG,Harm Bandholz,135
2019-10-04,Sep-19,University of Maryland,Peter G Morici,140
2019-10-04,Sep-19,Vining Sparks IBG LP,Craig Dismuke,130
2019-10-04,Sep-19,Visa USA Inc,Michael Brown,140
2019-10-04,Sep-19,Wells Fargo Securities LLC,Jay H Bryson,105
2019-10-04,Sep-19,Westpac Banking Corp,,160
2019-10-04,Sep-19,Wrightson ICAP LLC,Crandall/Jordan,165
2019-11-01,Oct-19,4CAST/Continuum Economics,David H Sloan,65
2019-11-01,Oct-19,ABN Amro Bank NV,Bill Diviney,120
2019-11-01,Oct-19,Acciones y Valores SA/Colombia,,120
2019-11-01,Oct-19,Action Economics LLC,Michael R Englund,95
2019-11-01,Oct-19,Ameriprise Financial Inc,Russell T Price,75
2019-11-01,Oct-19,BBVA Research,Nathaniel Karp,113
2019-11-01,Oct-19,BNP Paribas SA,,60
2019-11-01,Oct-19,Bank of Montreal,Douglas Porter,100
2019-11-01,Oct-19,Bank of The West,Scott A Anderson,65
2019-11-01,Oct-19,Bantleon Bank AG,Andreas Busch,70
2019-11-01,Oct-19,Barclays Capital Inc.,Jonathan Millar,90
2019-11-01,Oct-19,Berliner Sparkasse,Uwe Duerkop,120
2019-11-01,Oct-19,Bloomberg Economics,,70
2019-11-01,Oct-19,BofA Securities Inc,Michelle Meyer,25
2019-11-01,Oct-19,Briefing.com,,105
2019-11-01,Oct-19,Canadian Imperial Bank of Commerce,Avery Shenfeld,80
2019-11-01,Oct-19,Capital Economics Ltd,,25
2019-11-01,Oct-19,Casa de Bolsa Banorte SA de CV,Katia Goya,100
2019-11-01,Oct-19,Citigroup Inc,,70
2019-11-01,Oct-19,Comerica Inc,Robert A Dye,95
2019-11-01,Oct-19,Commerzbank AG,Weidensteiner/Balz,100
2019-11-01,Oct-19,Credit Agricole CIB,Perrin/Van Ness,75
2019-11-01,Oct-19,Credit Suisse Securities (USA) LLC,James Sweeney,85
2019-11-01,Oct-19,Cti Capital Securities Inc,Stephan Buu,84
2019-11-01,Oct-19,Dai-Ichi Life Research Institute Inc,Seiji Katsurahata,68
2019-11-01,Oct-19,Daiwa Capital Mkts,Michael Moran,100
2019-11-01,Oct-19,Danske Bank A/S,Mikael Olai Milhoj,50
2019-11-01,Oct-19,Dekabank Deutsche Girozentrale,Besch/Luetje,60
2019-11-01,Oct-19,Desjardins Financial Group,Jean/Genereux,50
2019-11-01,Oct-19,Deutsche Bank Securities Inc,Brett Ryan,50
2019-11-01,Oct-19,Evercore ISI,Stan Shipley,90
2019-11-01,Oct-19,FTN Financial,Christopher Low,85
2019-11-01,Oct-19,Fact & Opinion Economics,Robert Brusca,85
2019-11-01,Oct-19,First Trust Portfolios LP,Stein/Wesbury,85
2019-11-01,Oct-19,Goldman Sachs & Co LLC,,75
2019-11-01,Oct-19,HSBC Securities (USA) Inc,Ryan Wang,90
2019-11-01,Oct-19,Helaba Frankfurt,Patrick Franke,125
2019-11-01,Oct-19,Hugh Johnson Advisors LLC,Hugh A Johnson,119
2019-11-01,Oct-19,ING Financial Markets LLC,James Knightley,70
2019-11-01,Oct-19,Intesa Sanpaolo Spa,Sergio Capaldi,70
2019-11-01,Oct-19,Investec Bank PLC,Shaw/Clarke,85
2019-11-01,Oct-19,Itau Asset Management SA/Brazil,,120
2019-11-01,Oct-19,Itau Unibanco SA,,110
2019-11-01,Oct-19,JP Morgan Securities LLC,Michael E Feroli,75
2019-11-01,Oct-19,JPMorgan Asset Management Inc,David P Kelly,113
2019-11-01,Oct-19,Jefferies LLC,Ward McCarthy,95
2019-11-01,Oct-19,Landesbank Baden-Wuerttemberg,Dirk Chlench,50
2019-11-01,Oct-19,Lloyds Bank PLC,Rhys Herbert,140
2019-11-01,Oct-19,MUFG Union Bank NA,Chris Rupkey,90
2019-11-01,Oct-19,Maria Fiorini Ramirez Inc,Joshua Shapiro,85
2019-11-01,Oct-19,Market Securities LLP,Christophe Barraud,80
2019-11-01,Oct-19,Moody's Analytics Inc,Ryan Sweet,58
2019-11-01,Oct-19,Morgan Stanley Group Inc,,110
2019-11-01,Oct-19,National Bank of Canada Financial Inc,Marion/Paquet,75
2019-11-01,Oct-19,Nationwide Insurance,David William Berson,100
2019-11-01,Oct-19,Natixis North America LLC,Troy Ludtka,111
2019-11-01,Oct-19,Natwest Markets,Kevin Cummins,105
2019-11-01,Oct-19,Nomura Securities International Inc,Lewis S Alexander,80
2019-11-01,Oct-19,Nord / LB,Bernd Krampen,80
2019-11-01,Oct-19,Oxford Economics USA Inc,,64
2019-11-01,Oct-19,PNC Finl Services Group INC,Augustine Faucher,140
2019-11-01,Oct-19,Pantheon Macroeconomics Ltd,Ian C Shepherdson,70
2019-11-01,Oct-19,Paragon Research Ltd,Colm Fitzgerald,76
2019-11-01,Oct-19,Raymond James & Assoc Inc,Scott J Brown,90
2019-11-01,Oct-19,Regions Financial Corp,Richard F Moody,58
2019-11-01,Oct-19,Santander US CM (ex-Amherst Pierpont),Stephen L Stanley,75
2019-11-01,Oct-19,Scotiabank,Derek Holt,100
2019-11-01,Oct-19,Societe Generale,Stephen Gallagher,90
2019-11-01,Oct-19,Southbay Research,Andrew Zatlin,107
2019-11-01,Oct-19,Standard Chartered PLC,,98
2019-11-01,Oct-19,Stifel Nicolaus & Co Inc,Lindsey Piegza,80
2019-11-01,Oct-19,TD Securities (USA) LLC,Oscar Munoz,70
2019-11-01,Oct-19,UBS Securities LLC,Samuel Coffin,60
2019-11-01,Oct-19,UniCredit Bank AG,Daniel Vernazza,125
2019-11-01,Oct-19,University of Maryland,Peter G Morici,100
2019-11-01,Oct-19,Vining Sparks IBG LP,Craig Dismuke,100
2019-11-01,Oct-19,Visa USA Inc,Michael Brown,125
2019-11-01,Oct-19,Wells Fargo Securities LLC,Jay H Bryson,75
2019-11-01,Oct-19,Westpac Banking Corp,,100
2019-11-01,Oct-19,Wrightson ICAP LLC,Crandall/Jordan,70
2019-12-06,Nov-19,4CAST/Continuum Economics,David H Sloan,190
2019-12-06,Nov-19,Acciones y Valores SA/Colombia,,165
2019-12-06,Nov-19,Action Economics LLC,Michael R Englund,190
2019-12-06,Nov-19,Ameriprise Financial Inc,Russell T Price,185
2019-12-06,Nov-19,BNP Paribas SA,,185
2019-12-06,Nov-19,Banco ABC Brasil SA,Luis Otavio Leal,117
2019-12-06,Nov-19,Bank of Montreal,Douglas Porter,225
2019-12-06,Nov-19,Bank of The West,Scott A Anderson,158
2019-12-06,Nov-19,Bantleon Bank AG,Andreas Busch,180
2019-12-06,Nov-19,Barclays Capital Inc.,Jonathan Millar,195
2019-12-06,Nov-19,Bayerische Landesbank,Charlotte Heck-Parsch,170
2019-12-06,Nov-19,Berliner Sparkasse,Uwe Duerkop,120
2019-12-06,Nov-19,Bloomberg Economics,,205
2019-12-06,Nov-19,BofA Securities Inc,Michelle Meyer,195
2019-12-06,Nov-19,Briefing.com,,190
2019-12-06,Nov-19,Canadian Imperial Bank of Commerce,Avery Shenfeld,167
2019-12-06,Nov-19,Capital Economics Ltd,,170
2019-12-06,Nov-19,Casa de Bolsa Banorte SA de CV,Katia Goya,197
2019-12-06,Nov-19,Citigroup Inc,,183
2019-12-06,Nov-19,Commerzbank AG,Weidensteiner/Balz,210
2019-12-06,Nov-19,Credit Agricole CIB,Perrin/Van Ness,160
2019-12-06,Nov-19,Credit Suisse Securities (USA) LLC,James Sweeney,180
2019-12-06,Nov-19,Cti Capital Securities Inc,Stephan Buu,163
2019-12-06,Nov-19,Dai-Ichi Life Research Institute Inc,Seiji Katsurahata,192
2019-12-06,Nov-19,Daiwa Capital Mkts,Michael Moran,200
2019-12-06,Nov-19,Danske Bank A/S,Mikael Olai Milhoj,200
2019-12-06,Nov-19,Dekabank Deutsche Girozentrale,Besch/Luetje,180
2019-12-06,Nov-19,Desjardins Financial Group,Jean/Genereux,195
2019-12-06,Nov-19,Deutsche Bank Securities Inc,Brett Ryan,145
2019-12-06,Nov-19,Evercore ISI,Stan Shipley,150
2019-12-06,Nov-19,FHN Financial,Christopher Low,170
2019-12-06,Nov-19,First Trust Portfolios LP,Stein/Wesbury,200
2019-12-06,Nov-19,Goldman Sachs & Co LLC,,180
2019-12-06,Nov-19,HSBC Securities (USA) Inc,Ryan Wang,176
2019-12-06,Nov-19,Helaba Frankfurt,Patrick Franke,200
2019-12-06,Nov-19,ING Financial Markets LLC,James Knightley,210
2019-12-06,Nov-19,Intesa Sanpaolo Spa,Sergio Capaldi,190
2019-12-06,Nov-19,Investec Bank PLC,Shaw/Clarke,185
2019-12-06,Nov-19,Itau Asset Management SA/Brazil,,140
2019-12-06,Nov-19,Itau Unibanco SA,,135
2019-12-06,Nov-19,JP Morgan Securities LLC,Michael E Feroli,165
2019-12-06,Nov-19,JPMorgan Asset Management Inc,David P Kelly,171
2019-12-06,Nov-19,Jefferies LLC,Ward McCarthy,215
2019-12-06,Nov-19,Kennesaw State University,Mikhail I Melnik,70
2019-12-06,Nov-19,Landesbank Baden-Wuerttemberg,Dirk Chlench,210
2019-12-06,Nov-19,Lloyds Bank PLC,Rhys Herbert,200
2019-12-06,Nov-19,MUFG Union Bank NA,Chris Rupkey,190
2019-12-06,Nov-19,Market Securities LLP,Christophe Barraud,195
2019-12-06,Nov-19,Mizuho Securities USA LLC,Steven R Ricchiuto,175
2019-12-06,Nov-19,Moody's Analytics Inc,Ryan Sweet,163
2019-12-06,Nov-19,Morgan Stanley Group Inc,,180
2019-12-06,Nov-19,National Bank of Canada Financial Inc,Marion/Paquet,160
2019-12-06,Nov-19,Nationwide Insurance,David William Berson,205
2019-12-06,Nov-19,Natixis North America LLC,Troy Ludtka,237
2019-12-06,Nov-19,Natwest Markets,Kevin Cummins,200
2019-12-06,Nov-19,Nomura Securities International Inc,Lewis S Alexander,160
2019-12-06,Nov-19,Nord / LB,Bernd Krampen,170
2019-12-06,Nov-19,Oxford Economics USA Inc,,193
2019-12-06,Nov-19,Pantheon Macroeconomics Ltd,Ian C Shepherdson,110
2019-12-06,Nov-19,Paragon Research Ltd,Colm Fitzgerald,130
2019-12-06,Nov-19,Pinebridge Investments LLC,Markus Schomer,155
2019-12-06,Nov-19,Raymond James & Assoc Inc,Scott J Brown,175
2019-12-06,Nov-19,Regions Financial Corp,Richard F Moody,157
2019-12-06,Nov-19,Santander US CM (ex-Amherst Pierpont),Stephen L Stanley,225
2019-12-06,Nov-19,Scotiabank,Derek Holt,200
2019-12-06,Nov-19,Societe Generale,Stephen Gallagher,173
2019-12-06,Nov-19,Southbay Research,Andrew Zatlin,212
2019-12-06,Nov-19,Standard Chartered PLC,,180
2019-12-06,Nov-19,Stifel Nicolaus & Co Inc,Lindsey Piegza,150
2019-12-06,Nov-19,TD Securities (USA) LLC,Oscar Munoz,200
2019-12-06,Nov-19,UBS Securities LLC,Samuel Coffin,179
2019-12-06,Nov-19,UniCredit Bank AG,Daniel Vernazza,180
2019-12-06,Nov-19,University of Maryland,Peter G Morici,180
2019-12-06,Nov-19,Vining Sparks IBG LP,Craig Dismuke,184
2019-12-06,Nov-19,Visa USA Inc,Michael Brown,180
2019-12-06,Nov-19,Wells Fargo Securities LLC,Jay H Bryson,190
2019-12-06,Nov-19,Westpac Banking Corp,,185
2019-12-06,Nov-19,Wrightson ICAP LLC,Crandall/Jordan,210
2020-01-10,Dec-19,4CAST/Continuum Economics,David H Sloan,185
2020-01-10,Dec-19,Acciones y Valores SA/Colombia,,205
2020-01-10,Dec-19,Action Economics LLC,Michael R Englund,180
2020-01-10,Dec-19,Ameriprise Financial Inc,Russell T Price,145
2020-01-10,Dec-19,BBVA Research,Nathaniel Karp,180
2020-01-10,Dec-19,BNP Paribas SA,,135
2020-01-10,Dec-19,Bank of Montreal,Douglas Porter,185
2020-01-10,Dec-19,Bank of The West,Scott A Anderson,170
2020-01-10,Dec-19,Bantleon Bank AG,Andreas Busch,145
2020-01-10,Dec-19,Barclays Capital Inc.,Jonathan Millar,175
2020-01-10,Dec-19,Bayerische Landesbank,Charlotte Heck-Parsch,140
2020-01-10,Dec-19,Berliner Sparkasse,Uwe Duerkop,140
2020-01-10,Dec-19,Bloomberg Economics,,205
2020-01-10,Dec-19,BofA Securities Inc,Michelle Meyer,150
2020-01-10,Dec-19,Briefing.com,,155
2020-01-10,Dec-19,Canadian Imperial Bank of Commerce,Avery Shenfeld,155
2020-01-10,Dec-19,Capital Economics Ltd,,150
2020-01-10,Dec-19,Citigroup Inc,,175
2020-01-10,Dec-19,Comerica Inc,Robert A Dye,160
2020-01-10,Dec-19,Credit Agricole CIB,Perrin/Van Ness,175
2020-01-10,Dec-19,Credit Suisse Securities (USA) LLC,James Sweeney,155
2020-01-10,Dec-19,Cti Capital Securities Inc,Stephan Buu,200
2020-01-10,Dec-19,Dai-Ichi Life Research Institute Inc,Seiji Katsurahata,178
2020-01-10,Dec-19,Daiwa Capital Mkts,Michael Moran,150
2020-01-10,Dec-19,Danske Bank A/S,Mikael Olai Milhoj,175
2020-01-10,Dec-19,Dekabank Deutsche Girozentrale,Besch/Luetje,140
2020-01-10,Dec-19,Desjardins Financial Group,Jean/Genereux,168
2020-01-10,Dec-19,Deutsche Bank Securities Inc,Brett Ryan,135
2020-01-10,Dec-19,Evercore ISI,Stan Shipley,155
2020-01-10,Dec-19,FHN Financial,Christopher Low,165
2020-01-10,Dec-19,Fact & Opinion Economics,Robert Brusca,140
2020-01-10,Dec-19,First Trust Portfolios LP,Stein/Wesbury,160
2020-01-10,Dec-19,Goldman Sachs & Co LLC,,185
2020-01-10,Dec-19,HSBC Securities (USA) Inc,Ryan Wang,150
2020-01-10,Dec-19,Helaba Frankfurt,Patrick Franke,175
2020-01-10,Dec-19,Hugh Johnson Advisors LLC,Hugh A Johnson,221
2020-01-10,Dec-19,ING Financial Markets LLC,James Knightley,150
2020-01-10,Dec-19,Intesa Sanpaolo Spa,Sergio Capaldi,165
2020-01-10,Dec-19,Itau Asset Management SA/Brazil,,150
2020-01-10,Dec-19,Itau Unibanco SA,,155
2020-01-10,Dec-19,JP Morgan Securities LLC,Michael E Feroli,125
2020-01-10,Dec-19,JPMorgan Asset Management Inc,David P Kelly,159
2020-01-10,Dec-19,Jefferies LLC,Ward McCarthy,195
2020-01-10,Dec-19,Kennesaw State University,Mikhail I Melnik,80
2020-01-10,Dec-19,Landesbank Baden-Wuerttemberg,Dirk Chlench,190
2020-01-10,Dec-19,Lloyds Bank PLC,Rhys Herbert,185
2020-01-10,Dec-19,MUFG Union Bank NA,Chris Rupkey,150
2020-01-10,Dec-19,Maria Fiorini Ramirez Inc,Joshua Shapiro,165
2020-01-10,Dec-19,Market Securities LLP,Christophe Barraud,155
2020-01-10,Dec-19,Moody's Analytics Inc,Ryan Sweet,173
2020-01-10,Dec-19,Morgan Stanley Group Inc,,210
2020-01-10,Dec-19,National Bank of Canada Financial Inc,Marion/Paquet,150
2020-01-10,Dec-19,Nationwide Insurance,David William Berson,171
2020-01-10,Dec-19,Natixis North America LLC,Troy Ludtka,193
2020-01-10,Dec-19,Natwest Markets,Kevin Cummins,185
2020-01-10,Dec-19,Nomura Securities International Inc,Lewis S Alexander,155
2020-01-10,Dec-19,Nord / LB,Bernd Krampen,160
2020-01-10,Dec-19,Oxford Economics USA Inc,,164
2020-01-10,Dec-19,PNC Finl Services Group INC,Augustine Faucher,200
2020-01-10,Dec-19,Pantheon Macroeconomics Ltd,Ian C Shepherdson,190
2020-01-10,Dec-19,Paragon Research Ltd,Colm Fitzgerald,54
2020-01-10,Dec-19,Pinebridge Investments LLC,Markus Schomer,135
2020-01-10,Dec-19,RBC Capital Markets LLC,Tom Porcelli,150
2020-01-10,Dec-19,Raymond James & Assoc Inc,Scott J Brown,150
2020-01-10,Dec-19,Regions Financial Corp,Richard F Moody,156
2020-01-10,Dec-19,Santander US CM (ex-Amherst Pierpont),Stephen L Stanley,165
2020-01-10,Dec-19,Scotiabank,Derek Holt,180
2020-01-10,Dec-19,Societe Generale,Stephen Gallagher,150
2020-01-10,Dec-19,Southbay Research,Andrew Zatlin,151
2020-01-10,Dec-19,TD Securities (USA) LLC,Oscar Munoz,145
2020-01-10,Dec-19,UBS Securities LLC,Samuel Coffin,160
2020-01-10,Dec-19,University of Maryland,Peter G Morici,175
2020-01-10,Dec-19,Vining Sparks IBG LP,Craig Dismuke,120
2020-01-10,Dec-19,Visa USA Inc,Michael Brown,168
2020-01-10,Dec-19,Wells Fargo Securities LLC,Jay H Bryson,150
2020-01-10,Dec-19,Wrightson ICAP LLC,Crandall/Jordan,200
2020-02-07,Jan-20,4CAST/Continuum Economics,David H Sloan,180
2020-02-07,Jan-20,ABN Amro Bank NV,Bill Diviney,140
2020-02-07,Jan-20,Acciones y Valores SA/Colombia,,160
2020-02-07,Jan-20,Action Economics LLC,Michael R Englund,150
2020-02-07,Jan-20,Ameriprise Financial Inc,Russell T Price,180
2020-02-07,Jan-20,BBVA Research,Nathaniel Karp,180
2020-02-07,Jan-20,BNP Paribas SA,,190
2020-02-07,Jan-20,Banco Bradesco SA,Fernando Honorato,180
2020-02-07,Jan-20,Bank of Montreal,Douglas Porter,150
2020-02-07,Jan-20,Bantleon Bank AG,Andreas Busch,190
2020-02-07,Jan-20,Barclays Capital Inc.,Jonathan Millar,150
2020-02-07,Jan-20,Bayerische Landesbank,Charlotte Heck-Parsch,160
2020-02-07,Jan-20,Berliner Sparkasse,Uwe Duerkop,160
2020-02-07,Jan-20,Bloomberg Economics,,160
2020-02-07,Jan-20,BofA Securities Inc,Michelle Meyer,165
2020-02-07,Jan-20,Briefing.com,,175
2020-02-07,Jan-20,Canadian Imperial Bank of Commerce,Avery Shenfeld,180
2020-02-07,Jan-20,Capital Economics Ltd,,185
2020-02-07,Jan-20,Casa de Bolsa Banorte SA de CV,Katia Goya,167
2020-02-07,Jan-20,Citigroup Inc,,187
2020-02-07,Jan-20,Comerica Inc,Robert A Dye,155
2020-02-07,Jan-20,Commerzbank AG,Weidensteiner/Balz,185
2020-02-07,Jan-20,Credit Agricole CIB,Perrin/Van Ness,190
2020-02-07,Jan-20,Credit Suisse Securities (USA) LLC,James Sweeney,145
2020-02-07,Jan-20,Cti Capital Securities Inc,Stephan Buu,178
2020-02-07,Jan-20,Dai-Ichi Life Research Institute Inc,Seiji Katsurahata,188
2020-02-07,Jan-20,Daiwa Capital Mkts,Michael Moran,150
2020-02-07,Jan-20,Danske Bank A/S,Mikael Olai Milhoj,175
2020-02-07,Jan-20,Dekabank Deutsche Girozentrale,Besch/Luetje,170
2020-02-07,Jan-20,Desjardins Financial Group,Jean/Genereux,162
2020-02-07,Jan-20,Deutsche Bank Securities Inc,Brett Ryan,190
2020-02-07,Jan-20,Evercore ISI,Stan Shipley,140
2020-02-07,Jan-20,FHN Financial,Christopher Low,170
2020-02-07,Jan-20,Fact & Opinion Economics,Robert Brusca,135
2020-02-07,Jan-20,First Trust Portfolios LP,Stein/Wesbury,172
2020-02-07,Jan-20,Goldman Sachs & Co LLC,,190
2020-02-07,Jan-20,HSBC Securities (USA) Inc,Ryan Wang,153
2020-02-07,Jan-20,Helaba Frankfurt,Patrick Franke,175
2020-02-07,Jan-20,High Frequency Economics,Rubeela Farooqi,160
2020-02-07,Jan-20,Hugh Johnson Advisors LLC,Hugh A Johnson,156
2020-02-07,Jan-20,ING Financial Markets LLC,James Knightley,155
2020-02-07,Jan-20,Intesa Sanpaolo Spa,Sergio Capaldi,135
2020-02-07,Jan-20,Investec Bank PLC,Shaw/Clarke,180
2020-02-07,Jan-20,Itau Asset Management SA/Brazil,,175
2020-02-07,Jan-20,Itau Unibanco SA,,190
2020-02-07,Jan-20,JP Morgan Securities LLC,Michael E Feroli,150
2020-02-07,Jan-20,JPMorgan Asset Management Inc,David P Kelly,165
2020-02-07,Jan-20,Jefferies LLC,Ward McCarthy,185
2020-02-07,Jan-20,Kennesaw State University,Mikhail I Melnik,70
2020-02-07,Jan-20,Landesbank Baden-Wuerttemberg,Dirk Chlench,200
2020-02-07,Jan-20,Lloyds Bank PLC,Rhys Herbert,180
2020-02-07,Jan-20,MUFG Union Bank NA,Chris Rupkey,150
2020-02-07,Jan-20,Market Securities LLP,Christophe Barraud,176
2020-02-07,Jan-20,Moody's Analytics Inc,Ryan Sweet,190
2020-02-07,Jan-20,Morgan Stanley Group Inc,,155
2020-02-07,Jan-20,National Bank of Canada Financial Inc,Marion/Paquet,165
2020-02-07,Jan-20,Nationwide Insurance,David William Berson,172
2020-02-07,Jan-20,Natixis North America LLC,Troy Ludtka,184
2020-02-07,Jan-20,Natwest Markets,Kevin Cummins,165
2020-02-07,Jan-20,Nomura Securities International Inc,Lewis S Alexander,185
2020-02-07,Jan-20,Nord / LB,Bernd Krampen,140
2020-02-07,Jan-20,Oxford Economics USA Inc,,162
2020-02-07,Jan-20,PNC Finl Services Group INC,Augustine Faucher,165
2020-02-07,Jan-20,Pantheon Macroeconomics Ltd,Ian C Shepherdson,200
2020-02-07,Jan-20,Paragon Research Ltd,Colm Fitzgerald,141
2020-02-07,Jan-20,Pinebridge Investments LLC,Markus Schomer,155
2020-02-07,Jan-20,Prestige Economics LLC,Jason M Schenker,170
2020-02-07,Jan-20,RBC Capital Markets LLC,Tom Porcelli,150
2020-02-07,Jan-20,Raymond James & Assoc Inc,Scott J Brown,150
2020-02-07,Jan-20,Regions Financial Corp,Richard F Moody,164
2020-02-07,Jan-20,SMBC Nikko Securities Inc,Yoshimasa Maruyama,153
2020-02-07,Jan-20,Santander US CM (ex-Amherst Pierpont),Stephen L Stanley,160
2020-02-07,Jan-20,Scotiabank,Derek Holt,220
2020-02-07,Jan-20,Societe Generale,Stephen Gallagher,130
2020-02-07,Jan-20,Southbay Research,Andrew Zatlin,206
2020-02-07,Jan-20,Stifel Nicolaus & Co Inc,Lindsey Piegza,120
2020-02-07,Jan-20,TD Securities (USA) LLC,Oscar Munoz,150
2020-02-07,Jan-20,UBS Securities LLC,Samuel Coffin,151
2020-02-07,Jan-20,UniCredit Bank AG,Daniel Vernazza,140
2020-02-07,Jan-20,University of Maryland,Peter G Morici,150
2020-02-07,Jan-20,Vining Sparks IBG LP,Craig Dismuke,190
2020-02-07,Jan-20,Visa USA Inc,Michael Brown,155
2020-02-07,Jan-20,Wells Fargo Securities LLC,Jay H Bryson,160
2020-02-07,Jan-20,Westpac Banking Corp,,170
2020-02-07,Jan-20,Wrightson ICAP LLC,Crandall/Jordan,165
2020-03-06,Feb-20,4CAST/Continuum Economics,David H Sloan,195
2020-03-06,Feb-20,ABN Amro Bank NV,Bill Diviney,150
2020-03-06,Feb-20,Acciones y Valores SA/Colombia,,190
2020-03-06,Feb-20,Action Economics LLC,Michael R Englund,170
2020-03-06,Feb-20,Ameriprise Financial Inc,Russell T Price,170
2020-03-06,Feb-20,BBVA Research,Nathaniel Karp,181
2020-03-06,Feb-20,BNP Paribas SA,,220
2020-03-06,Feb-20,Banco Bradesco SA,Fernando Honorato,170
2020-03-06,Feb-20,Bank of Montreal,Douglas Porter,180
2020-03-06,Feb-20,Bank of The West,Scott A Anderson,185
2020-03-06,Feb-20,Bantleon Bank AG,Andreas Busch,165
2020-03-06,Feb-20,Barclays Capital Inc.,Jonathan Millar,200
2020-03-06,Feb-20,Bayerische Landesbank,Charlotte Heck-Parsch,150
2020-03-06,Feb-20,Berliner Sparkasse,Uwe Duerkop,175
2020-03-06,Feb-20,Bloomberg Economics,,190
2020-03-06,Feb-20,BofA Securities Inc,Michelle Meyer,165
2020-03-06,Feb-20,Briefing.com,,185
2020-03-06,Feb-20,Canadian Imperial Bank of Commerce,Avery Shenfeld,173
2020-03-06,Feb-20,Capital Economics Ltd,,230
2020-03-06,Feb-20,Citigroup Inc,,165
2020-03-06,Feb-20,Comerica Inc,Robert A Dye,170
2020-03-06,Feb-20,Commerzbank AG,Weidensteiner/Balz,150
2020-03-06,Feb-20,Credit Suisse Securities (USA) LLC,James Sweeney,155
2020-03-06,Feb-20,Cti Capital Securities Inc,Stephan Buu,165
2020-03-06,Feb-20,Dai-Ichi Life Research Institute Inc,Seiji Katsurahata,188
2020-03-06,Feb-20,Daiwa Capital Mkts,Michael Moran,175
2020-03-06,Feb-20,Danske Bank A/S,Mikael Olai Milhoj,175
2020-03-06,Feb-20,Dekabank Deutsche Girozentrale,Besch/Luetje,160
2020-03-06,Feb-20,Desjardins Financial Group,Jean/Genereux,155
2020-03-06,Feb-20,Deutsche Bank Securities Inc,Brett Ryan,180
2020-03-06,Feb-20,Evercore ISI,Stan Shipley,190
2020-03-06,Feb-20,FHN Financial,Christopher Low,160
2020-03-06,Feb-20,Fact & Opinion Economics,Robert Brusca,150
2020-03-06,Feb-20,First Trust Portfolios LP,Stein/Wesbury,175
2020-03-06,Feb-20,Goldman Sachs & Co LLC,,195
2020-03-06,Feb-20,HSBC Securities (USA) Inc,Ryan Wang,175
2020-03-06,Feb-20,Helaba Frankfurt,Patrick Franke,225
2020-03-06,Feb-20,High Frequency Economics,Rubeela Farooqi,180
2020-03-06,Feb-20,Hugh Johnson Advisors LLC,Hugh A Johnson,249
2020-03-06,Feb-20,ING Financial Markets LLC,James Knightley,160
2020-03-06,Feb-20,Intesa Sanpaolo Spa,Sergio Capaldi,175
2020-03-06,Feb-20,Investec Bank PLC,Shaw/Clarke,150
2020-03-06,Feb-20,Itau Asset Management SA/Brazil,,185
2020-03-06,Feb-20,Itau Unibanco SA,,180
2020-03-06,Feb-20,JP Morgan Securities LLC,Michael E Feroli,175
2020-03-06,Feb-20,JPMorgan Asset Management Inc,David P Kelly,200
2020-03-06,Feb-20,Jefferies LLC,Ward McCarthy,195
2020-03-06,Feb-20,Landesbank Baden-Wuerttemberg,Dirk Chlench,200
2020-03-06,Feb-20,Lloyds Bank PLC,Rhys Herbert,190
2020-03-06,Feb-20,MUFG Union Bank NA,Chris Rupkey,170
2020-03-06,Feb-20,Market Securities LLP,Christophe Barraud,165
2020-03-06,Feb-20,Moody's Analytics Inc,Ryan Sweet,160
2020-03-06,Feb-20,Morgan Stanley Group Inc,,210
2020-03-06,Feb-20,National Bank of Canada Financial Inc,Marion/Paquet,140
2020-03-06,Feb-20,Nationwide Insurance,David William Berson,155
2020-03-06,Feb-20,Natixis North America LLC,Troy Ludtka,213
2020-03-06,Feb-20,Natwest Markets,Kevin Cummins,150
2020-03-06,Feb-20,Nomura Securities International Inc,Lewis S Alexander,170
2020-03-06,Feb-20,Nord / LB,Bernd Krampen,150
2020-03-06,Feb-20,Oxford Economics USA Inc,,154
2020-03-06,Feb-20,PNC Finl Services Group INC,Augustine Faucher,140
2020-03-06,Feb-20,Pantheon Macroeconomics Ltd,Ian C Shepherdson,140
2020-03-06,Feb-20,Paragon Research Ltd,Colm Fitzgerald,132
2020-03-06,Feb-20,Prestige Economics LLC,Jason M Schenker,165
2020-03-06,Feb-20,Raymond James & Assoc Inc,Scott J Brown,185
2020-03-06,Feb-20,Regions Financial Corp,Richard F Moody,162
2020-03-06,Feb-20,SMBC Nikko Securities Inc,Yoshimasa Maruyama,175
2020-03-06,Feb-20,Santander US CM (ex-Amherst Pierpont),Stephen L Stanley,200
2020-03-06,Feb-20,Scotiabank,Derek Holt,170
2020-03-06,Feb-20,Societe Generale,Stephen Gallagher,178
2020-03-06,Feb-20,Southbay Research,Andrew Zatlin,213
2020-03-06,Feb-20,Standard Chartered PLC,,175
2020-03-06,Feb-20,Stifel Nicolaus & Co Inc,Lindsey Piegza,160
2020-03-06,Feb-20,TD Securities (USA) LLC,Oscar Munoz,170
2020-03-06,Feb-20,UBS Securities LLC,Samuel Coffin,151
2020-03-06,Feb-20,UniCredit Bank AG,Daniel Vernazza,150
2020-03-06,Feb-20,University of Maryland,Peter G Morici,170
2020-03-06,Feb-20,Vining Sparks IBG LP,Craig Dismuke,165
2020-03-06,Feb-20,Visa USA Inc,Michael Brown,200
2020-03-06,Feb-20,Wells Fargo Securities LLC,Jay H Bryson,200
2020-03-06,Feb-20,Westpac Banking Corp,,180
2020-03-06,Feb-20,Wrightson ICAP LLC,Crandall/Jordan,175
2020-04-03,Mar-20,4CAST/Continuum Economics,David H Sloan,-185
2020-04-03,Mar-20,ABN Amro Bank NV,Bill Diviney,-200
2020-04-03,Mar-20,Acciones y Valores SA/Colombia,,-81
2020-04-03,Mar-20,Action Economics LLC,Michael R Englund,-100
2020-04-03,Mar-20,Ameriprise Financial Inc,Russell T Price,-85
2020-04-03,Mar-20,BBVA Research,Nathaniel Karp,-150
2020-04-03,Mar-20,BNP Paribas SA,,-150
2020-04-03,Mar-20,Bank of Montreal,Douglas Porter,-150
2020-04-03,Mar-20,Bank of The West,Scott A Anderson,-300
2020-04-03,Mar-20,Banque Pictet & Cie,Thomas Costerg,-200
2020-04-03,Mar-20,Bantleon Bank AG,Andreas Busch,-20
2020-04-03,Mar-20,Barclays Capital Inc.,Jonathan Millar,0
2020-04-03,Mar-20,Berenberg,Holger Schmieding,-100
2020-04-03,Mar-20,Berliner Sparkasse,Uwe Duerkop,-2000
2020-04-03,Mar-20,Bloomberg Economics,,-100
2020-04-03,Mar-20,BofA Securities Inc,Michelle Meyer,-25
2020-04-03,Mar-20,Briefing.com,,-180
2020-04-03,Mar-20,Capital Economics Ltd,,95
2020-04-03,Mar-20,Citigroup Inc,,-145
2020-04-03,Mar-20,Comerica Inc,Robert A Dye,-65
2020-04-03,Mar-20,Commerzbank AG,Weidensteiner/Balz,-100
2020-04-03,Mar-20,Credit Suisse Securities (USA) LLC,James Sweeney,100
2020-04-03,Mar-20,Cti Capital Securities Inc,Stephan Buu,-269
2020-04-03,Mar-20,Dai-Ichi Life Research Institute Inc,Seiji Katsurahata,54
2020-04-03,Mar-20,Daiwa Capital Mkts,Michael Moran,-20
2020-04-03,Mar-20,Dekabank Deutsche Girozentrale,Besch/Luetje,-200
2020-04-03,Mar-20,Desjardins Financial Group,Jean/Genereux,-400
2020-04-03,Mar-20,Evercore ISI,Stan Shipley,-25
2020-04-03,Mar-20,FHN Financial,Christopher Low,-140
2020-04-03,Mar-20,Fact & Opinion Economics,Robert Brusca,-4000
2020-04-03,Mar-20,First Trust Portfolios LP,Stein/Wesbury,-127
2020-04-03,Mar-20,Goldman Sachs & Co LLC,,-180
2020-04-03,Mar-20,HSBC Securities (USA) Inc,Ryan Wang,-50
2020-04-03,Mar-20,Helaba Frankfurt,Patrick Franke,0
2020-04-03,Mar-20,High Frequency Economics,Rubeela Farooqi,-20
2020-04-03,Mar-20,Hugh Johnson Advisors LLC,Hugh A Johnson,-100
2020-04-03,Mar-20,ING Financial Markets LLC,James Knightley,-75
2020-04-03,Mar-20,Infinity Asset Management,Jason Freitas Vieira,-114
2020-04-03,Mar-20,Investec Bank PLC,Shaw/Clarke,-1000
2020-04-03,Mar-20,Itau Asset Management SA/Brazil,,-80
2020-04-03,Mar-20,Itau Unibanco SA,,-300
2020-04-03,Mar-20,JP Morgan Securities LLC,Michael E Feroli,0
2020-04-03,Mar-20,JPMorgan Asset Management Inc,David P Kelly,55
2020-04-03,Mar-20,Jefferies LLC,Ward McCarthy,50
2020-04-03,Mar-20,Landesbank Baden-Wuerttemberg,Dirk Chlench,-100
2020-04-03,Mar-20,Lloyds Bank PLC,Rhys Herbert,-55
2020-04-03,Mar-20,MUFG Union Bank NA,Chris Rupkey,-200
2020-04-03,Mar-20,Market Securities LLP,Christophe Barraud,-82
2020-04-03,Mar-20,Moody's Analytics Inc,Ryan Sweet,-25
2020-04-03,Mar-20,Morgan Stanley Group Inc,,-700
2020-04-03,Mar-20,National Bank of Canada Financial Inc,Marion/Paquet,-150
2020-04-03,Mar-20,Nationwide Insurance,David William Berson,85
2020-04-03,Mar-20,Natixis North America LLC,Troy Ludtka,-145
2020-04-03,Mar-20,Natwest Markets,Kevin Cummins,-50
2020-04-03,Mar-20,Nomura Securities International Inc,Lewis S Alexander,-25
2020-04-03,Mar-20,Nord / LB,Bernd Krampen,50
2020-04-03,Mar-20,Oxford Economics USA Inc,,-94
2020-04-03,Mar-20,PNC Finl Services Group INC,Augustine Faucher,-100
2020-04-03,Mar-20,Pantheon Macroeconomics Ltd,Ian C Shepherdson,100
2020-04-03,Mar-20,Paragon Research Ltd,Colm Fitzgerald,0
2020-04-03,Mar-20,Pinebridge Investments LLC,Markus Schomer,-250
2020-04-03,Mar-20,Prestige Economics LLC,Jason M Schenker,-3500
2020-04-03,Mar-20,Raymond James & Assoc Inc,Scott J Brown,-250
2020-04-03,Mar-20,Regions Financial Corp,Richard F Moody,51
2020-04-03,Mar-20,SMBC Nikko Securities Inc,Yoshimasa Maruyama,-210
2020-04-03,Mar-20,Santander US CM (ex-Amherst Pierpont),Stephen L Stanley,-200
2020-04-03,Mar-20,Scotiabank,Derek Holt,-200
2020-04-03,Mar-20,Societe Generale,Stephen Gallagher,-150
2020-04-03,Mar-20,Southbay Research,Andrew Zatlin,-61
2020-04-03,Mar-20,Stifel Nicolaus & Co Inc,Lindsey Piegza,-300
2020-04-03,Mar-20,TD Securities (USA) LLC,Oscar Munoz,-200
2020-04-03,Mar-20,UBS Securities LLC,Samuel Coffin,30
2020-04-03,Mar-20,UniCredit Bank AG,Daniel Vernazza,-80
2020-04-03,Mar-20,University of Maryland,Peter G Morici,-350
2020-04-03,Mar-20,Vining Sparks IBG LP,Craig Dismuke,-70
2020-04-03,Mar-20,Visa USA Inc,Michael Brown,-160
2020-04-03,Mar-20,Wells Fargo Securities LLC,Jay H Bryson,50
2020-04-03,Mar-20,Westpac Banking Corp,,-150
2020-04-03,Mar-20,Wrightson ICAP LLC,Crandall/Jordan,0
2020-05-08,Apr-20,4CAST/Continuum Economics,David H Sloan,-28000
2020-05-08,Apr-20,Action Economics LLC,Michael R Englund,-22000
2020-05-08,Apr-20,Ameriprise Financial Inc,Russell T Price,-23000
2020-05-08,Apr-20,BBVA Research,Nathaniel Karp,-21705
2020-05-08,Apr-20,BNP Paribas SA,,-24000
2020-05-08,Apr-20,Bank of Montreal,Douglas Porter,-21000
2020-05-08,Apr-20,Bank of The West,Scott A Anderson,-24000
2020-05-08,Apr-20,Banque Pictet & Cie,Thomas Costerg,-26500
2020-05-08,Apr-20,Bantleon Bank AG,Andreas Busch,-22500
2020-05-08,Apr-20,Barclays Capital Inc.,Jonathan Millar,-20000
2020-05-08,Apr-20,Bayerische Landesbank,Charlotte Heck-Parsch,-22677
2020-05-08,Apr-20,Berenberg,Holger Schmieding,-21000
2020-05-08,Apr-20,Bloomberg Economics,,-23000
2020-05-08,Apr-20,BofA Securities Inc,Michelle Meyer,-22000
2020-05-08,Apr-20,Briefing.com,,-21500
2020-05-08,Apr-20,Canadian Imperial Bank of Commerce,Avery Shenfeld,-20500
2020-05-08,Apr-20,Capital Economics Ltd,,-22500
2020-05-08,Apr-20,Casa de Bolsa Banorte SA de CV,Katia Goya,-20000
2020-05-08,Apr-20,Citigroup Inc,,-21600
2020-05-08,Apr-20,Comerica Inc,Robert A Dye,-20000
2020-05-08,Apr-20,Commerzbank AG,Weidensteiner/Balz,-25000
2020-05-08,Apr-20,Credit Agricole CIB,Perrin/Van Ness,-22500
2020-05-08,Apr-20,Credit Suisse Securities (USA) LLC,James Sweeney,-25000
2020-05-08,Apr-20,Cti Capital Securities Inc,Stephan Buu,-18000
2020-05-08,Apr-20,Dai-Ichi Life Research Institute Inc,Seiji Katsurahata,-26800
2020-05-08,Apr-20,Daiwa Capital Mkts,Michael Moran,-25000
2020-05-08,Apr-20,Danske Bank A/S,Mikael Olai Milhoj,-25000
2020-05-08,Apr-20,Dekabank Deutsche Girozentrale,Besch/Luetje,-23000
2020-05-08,Apr-20,Desjardins Financial Group,Jean/Genereux,-21000
2020-05-08,Apr-20,Deutsche Bank Securities Inc,Brett Ryan,-23000
2020-05-08,Apr-20,Evercore ISI,Stan Shipley,-20000
2020-05-08,Apr-20,FHN Financial,Christopher Low,-28000
2020-05-08,Apr-20,Fact & Opinion Economics,Robert Brusca,-20000
2020-05-08,Apr-20,First Trust Portfolios LP,Stein/Wesbury,-22222
2020-05-08,Apr-20,Goldman Sachs & Co LLC,,-24000
2020-05-08,Apr-20,HSBC Securities (USA) Inc,Ryan Wang,-19000
2020-05-08,Apr-20,Helaba Frankfurt,Patrick Franke,-20000
2020-05-08,Apr-20,High Frequency Economics,Rubeela Farooqi,-20000
2020-05-08,Apr-20,Hugh Johnson Advisors LLC,Hugh A Johnson,-17093
2020-05-08,Apr-20,ING Financial Markets LLC,James Knightley,-21000
2020-05-08,Apr-20,Infinity Asset Management,Jason Freitas Vieira,-19950
2020-05-08,Apr-20,Intesa Sanpaolo Spa,Sergio Capaldi,-20000
2020-05-08,Apr-20,Investec Bank PLC,Shaw/Clarke,-26000
2020-05-08,Apr-20,Itau Asset Management SA/Brazil,,-24000
2020-05-08,Apr-20,Itau Unibanco SA,,-20000
2020-05-08,Apr-20,JP Morgan Securities LLC,Michael E Feroli,-20000
2020-05-08,Apr-20,JPMorgan Asset Management Inc,David P Kelly,-18992
2020-05-08,Apr-20,Jefferies LLC,Aneta Markowska,-20700
2020-05-08,Apr-20,Kennesaw State University,Mikhail I Melnik,-18700
2020-05-08,Apr-20,Landesbank Baden-Wuerttemberg,Dirk Chlench,-20000
2020-05-08,Apr-20,Lloyds Bank PLC,Rhys Herbert,-22000
2020-05-08,Apr-20,MUFG Union Bank NA,Chris Rupkey,-22000
2020-05-08,Apr-20,Market Securities LLP,Christophe Barraud,-23000
2020-05-08,Apr-20,Mizuho Securities USA LLC,Steven R Ricchiuto,-20000
2020-05-08,Apr-20,Moody's Analytics Inc,Ryan Sweet,-23500
2020-05-08,Apr-20,Morgan Stanley Group Inc,,-22000
2020-05-08,Apr-20,National Bank of Canada Financial Inc,Marion/Paquet,-30000
2020-05-08,Apr-20,Nationwide Insurance,David William Berson,-19750
2020-05-08,Apr-20,Natixis North America LLC,Troy Ludtka,-24200
2020-05-08,Apr-20,Natwest Markets,Kevin Cummins,-18000
2020-05-08,Apr-20,Nomura Securities International Inc,Lewis S Alexander,-24000
2020-05-08,Apr-20,Nord / LB,Bernd Krampen,-20000
2020-05-08,Apr-20,Operadora Actinver SA de CV,Enrique Covarrubias,-19500
2020-05-08,Apr-20,Oxford Economics USA Inc,,-28400
2020-05-08,Apr-20,PNC Finl Services Group INC,Augustine Faucher,-20000
2020-05-08,Apr-20,Pantheon Macroeconomics Ltd,Ian C Shepherdson,-22000
2020-05-08,Apr-20,Paragon Research Ltd,Colm Fitzgerald,-22000
2020-05-08,Apr-20,Prestige Economics LLC,Jason M Schenker,-22000
2020-05-08,Apr-20,Raymond James & Assoc Inc,Scott J Brown,-24000
2020-05-08,Apr-20,Regions Financial Corp,Richard F Moody,-22545
2020-05-08,Apr-20,SMBC Nikko Securities Inc,Yoshimasa Maruyama,-8600
2020-05-08,Apr-20,Santander US CM (ex-Amherst Pierpont),Stephen L Stanley,-18000
2020-05-08,Apr-20,Scotiabank,Derek Holt,-25000
2020-05-08,Apr-20,Societe Generale,Stephen Gallagher,-20000
2020-05-08,Apr-20,Southbay Research,Andrew Zatlin,-19700
2020-05-08,Apr-20,Standard Chartered PLC,,-22000
2020-05-08,Apr-20,Stifel Nicolaus & Co Inc,Lindsey Piegza,-25000
2020-05-08,Apr-20,TD Securities (USA) LLC,Oscar Munoz,-25000
2020-05-08,Apr-20,UBS Securities LLC,Samuel Coffin,-22000
2020-05-08,Apr-20,UniCredit Bank AG,Daniel Vernazza,-20000
2020-05-08,Apr-20,University of Maryland,Peter G Morici,-22500
2020-05-08,Apr-20,Vining Sparks IBG LP,Craig Dismuke,-22700
2020-05-08,Apr-20,Visa USA Inc,Michael Brown,-18500
2020-05-08,Apr-20,Wells Fargo Securities LLC,Jay H Bryson,-20000
2020-05-08,Apr-20,Westpac Banking Corp,,-23000
2020-05-08,Apr-20,Wrightson ICAP LLC,Crandall/Jordan,-25000
2020-06-05,May-20,4CAST/Continuum Economics,David H Sloan,-5500
2020-06-05,May-20,Action Economics LLC,Michael R Englund,-2000
2020-06-05,May-20,Ameriprise Financial Inc,Russell T Price,-6300
2020-06-05,May-20,BNP Paribas SA,,-6500
2020-06-05,May-20,Bank of Montreal,Douglas Porter,-8000
2020-06-05,May-20,Bank of The West,Scott A Anderson,-10000
2020-06-05,May-20,Banque Pictet & Cie,Thomas Costerg,-7500
2020-06-05,May-20,Bantleon Bank AG,Andreas Busch,-6200
2020-06-05,May-20,Barclays Capital Inc.,Jonathan Millar,-7000
2020-06-05,May-20,Bayerische Landesbank,Charlotte Heck-Parsch,-9000
2020-06-05,May-20,Berenberg,Holger Schmieding,-6000
2020-06-05,May-20,Berliner Sparkasse,Uwe Duerkop,-2500
2020-06-05,May-20,Bloomberg Economics,,-7000
2020-06-05,May-20,BofA Securities Inc,Michelle Meyer,-8000
2020-06-05,May-20,Briefing.com,,-11000
2020-06-05,May-20,Canadian Imperial Bank of Commerce,Avery Shenfeld,-6000
2020-06-05,May-20,Capital Economics Ltd,,-9000
2020-06-05,May-20,Casa de Bolsa Banorte SA de CV,Katia Goya,-10000
2020-06-05,May-20,Citigroup Inc,,-4500
2020-06-05,May-20,Credit Suisse Securities (USA) LLC,James Sweeney,-10000
2020-06-05,May-20,Cti Capital Securities Inc,Stephan Buu,-9660
2020-06-05,May-20,Dai-Ichi Life Research Institute Inc,Seiji Katsurahata,-9880
2020-06-05,May-20,Daiwa Capital Mkts,Michael Moran,-9000
2020-06-05,May-20,Danske Bank A/S,Mikael Olai Milhoj,-10000
2020-06-05,May-20,Desjardins Financial Group,Jean/Genereux,-11000
2020-06-05,May-20,Deutsche Bank Securities Inc,Brett Ryan,-5100
2020-06-05,May-20,Evercore ISI,Stan Shipley,-5000
2020-06-05,May-20,FHN Financial,Christopher Low,-10000
2020-06-05,May-20,Fact & Opinion Economics,Robert Brusca,-9000
2020-06-05,May-20,First Trust Portfolios LP,Stein/Wesbury,-4500
2020-06-05,May-20,Goldman Sachs & Co LLC,,-7250
2020-06-05,May-20,HSBC Securities (USA) Inc,Ryan Wang,-8000
2020-06-05,May-20,Helaba Frankfurt,Patrick Franke,-9000
2020-06-05,May-20,High Frequency Economics,Rubeela Farooqi,-7500
2020-06-05,May-20,Hugh Johnson Advisors LLC,Hugh A Johnson,-7400
2020-06-05,May-20,ING Financial Markets LLC,James Knightley,-10000
2020-06-05,May-20,Intesa Sanpaolo Spa,Sergio Capaldi,-10000
2020-06-05,May-20,Itau Unibanco SA,,-6000
2020-06-05,May-20,JP Morgan Securities LLC,Michael E Feroli,-8000
2020-06-05,May-20,JPMorgan Asset Management Inc,David P Kelly,-4800
2020-06-05,May-20,Jefferies LLC,Aneta Markowska,-9400
2020-06-05,May-20,Landesbank Baden-Wuerttemberg,Dirk Chlench,-9500
2020-06-05,May-20,Lloyds Bank PLC,Rhys Herbert,-10000
2020-06-05,May-20,MUFG Union Bank NA,Chris Rupkey,-8000
2020-06-05,May-20,Market Securities LLP,Christophe Barraud,-6200
2020-06-05,May-20,Mizuho Securities USA LLC,Steven R Ricchiuto,-6000
2020-06-05,May-20,Moody's Analytics Inc,Ryan Sweet,-4000
2020-06-05,May-20,Morgan Stanley Group Inc,,-3500
2020-06-05,May-20,National Bank of Canada Financial Inc,Marion/Paquet,-7500
2020-06-05,May-20,Nationwide Insurance,David William Berson,-9600
2020-06-05,May-20,Natixis North America LLC,Troy Ludtka,-5900
2020-06-05,May-20,Natwest Markets,Kevin Cummins,-5000
2020-06-05,May-20,Nomura Securities International Inc,Lewis S Alexander,-5500
2020-06-05,May-20,Nord / LB,Bernd Krampen,-9000
2020-06-05,May-20,Operadora Actinver SA de CV,Enrique Covarrubias,-8000
2020-06-05,May-20,Oxford Economics USA Inc,,-6400
2020-06-05,May-20,PNC Finl Services Group INC,Augustine Faucher,-9500
2020-06-05,May-20,Pantheon Macroeconomics Ltd,Ian C Shepherdson,-3000
2020-06-05,May-20,Paragon Research Ltd,Colm Fitzgerald,-800
2020-06-05,May-20,Pinebridge Investments LLC,Markus Schomer,-5000
2020-06-05,May-20,Prestige Economics LLC,Jason M Schenker,-12000
2020-06-05,May-20,Raymond James & Assoc Inc,Scott J Brown,-10100
2020-06-05,May-20,Regions Financial Corp,Richard F Moody,-8330
2020-06-05,May-20,SMBC Nikko Securities Inc,Yoshimasa Maruyama,-11000
2020-06-05,May-20,Santander US CM (ex-Amherst Pierpont),Stephen L Stanley,-7000
2020-06-05,May-20,Scotiabank,Derek Holt,-10000
2020-06-05,May-20,Societe Generale,Stephen Gallagher,-4500
2020-06-05,May-20,Southbay Research,Andrew Zatlin,-8200
2020-06-05,May-20,Stifel Nicolaus & Co Inc,Lindsey Piegza,-10000
2020-06-05,May-20,TD Securities (USA) LLC,Oscar Munoz,-3000
2020-06-05,May-20,UBS Securities LLC,Samuel Coffin,-4695
2020-06-05,May-20,UniCredit Bank AG,Daniel Vernazza,-7000
2020-06-05,May-20,University of Maryland,Peter G Morici,-9325
2020-06-05,May-20,Vining Sparks IBG LP,Craig Dismuke,-7400
2020-06-05,May-20,Visa USA Inc,Michael Brown,-7200
2020-06-05,May-20,Wells Fargo Securities LLC,Jay H Bryson,-8000
2020-06-05,May-20,Westpac Banking Corp,,-7500
2020-06-05,May-20,Wrightson ICAP LLC,Crandall/Jordan,-4500
2020-07-02,Jun-20,4CAST/Continuum Economics,David H Sloan,3800
2020-07-02,Jun-20,Action Economics LLC,Michael R Englund,2500
2020-07-02,Jun-20,Ameriprise Financial Inc,Russell T Price,3000
2020-07-02,Jun-20,BBVA Research,Nathaniel Karp,2813
2020-07-02,Jun-20,BNP Paribas SA,,4500
2020-07-02,Jun-20,Bank of Montreal,Douglas Porter,3500
2020-07-02,Jun-20,Bank of The West,Scott A Anderson,1900
2020-07-02,Jun-20,Banque Pictet & Cie,Thomas Costerg,5000
2020-07-02,Jun-20,Bantleon Bank AG,Andreas Busch,3800
2020-07-02,Jun-20,Barclays Capital Inc.,Jonathan Millar,2000
2020-07-02,Jun-20,Bayerische Landesbank,Charlotte Heck-Parsch,1000
2020-07-02,Jun-20,Berliner Sparkasse,Uwe Duerkop,500
2020-07-02,Jun-20,Bloomberg Economics,,3000
2020-07-02,Jun-20,BofA Securities Inc,Michelle Meyer,2800
2020-07-02,Jun-20,Briefing.com,,3230
2020-07-02,Jun-20,Canadian Imperial Bank of Commerce,Avery Shenfeld,5000
2020-07-02,Jun-20,Capital Economics Ltd,,5000
2020-07-02,Jun-20,Casa de Bolsa Banorte SA de CV,Katia Goya,4000
2020-07-02,Jun-20,Citigroup Inc,,5500
2020-07-02,Jun-20,Comerica Inc,Robert A Dye,3000
2020-07-02,Jun-20,Commerzbank AG,Weidensteiner/Balz,4000
2020-07-02,Jun-20,Credit Agricole CIB,Perrin/Van Ness,2250
2020-07-02,Jun-20,Credit Suisse Securities (USA) LLC,James Sweeney,3000
2020-07-02,Jun-20,Cti Capital Securities Inc,Stephan Buu,5600
2020-07-02,Jun-20,DZ Bank AG Deutsche Zentral-Genossenschaftsbank Frankfurt Am Main,,3000
2020-07-02,Jun-20,Dai-Ichi Life Research Institute Inc,Seiji Katsurahata,3058
2020-07-02,Jun-20,Daiwa Capital Mkts,Michael Moran,2500
2020-07-02,Jun-20,Dekabank Deutsche Girozentrale,Besch/Luetje,5000
2020-07-02,Jun-20,Desjardins Financial Group,Jean/Genereux,4500
2020-07-02,Jun-20,Deutsche Bank Securities Inc,Brett Ryan,2500
2020-07-02,Jun-20,Evercore ISI,Stan Shipley,1000
2020-07-02,Jun-20,FHN Financial,Christopher Low,5000
2020-07-02,Jun-20,Fact & Opinion Economics,Robert Brusca,2700
2020-07-02,Jun-20,First Trust Portfolios LP,Stein/Wesbury,3350
2020-07-02,Jun-20,Goldman Sachs & Co LLC,,4250
2020-07-02,Jun-20,HSBC Securities (USA) Inc,Ryan Wang,4000
2020-07-02,Jun-20,Helaba Frankfurt,Patrick Franke,4000
2020-07-02,Jun-20,High Frequency Economics,Rubeela Farooqi,2500
2020-07-02,Jun-20,Hugh Johnson Advisors LLC,Hugh A Johnson,4206
2020-07-02,Jun-20,ING Financial Markets LLC,James Knightley,3500
2020-07-02,Jun-20,Intesa Sanpaolo Spa,Sergio Capaldi,3900
2020-07-02,Jun-20,Investec Bank PLC,Shaw/Clarke,1500
2020-07-02,Jun-20,Itau Asset Management SA/Brazil,,3000
2020-07-02,Jun-20,Itau Unibanco SA,,3750
2020-07-02,Jun-20,JP Morgan Securities LLC,Michael E Feroli,3000
2020-07-02,Jun-20,JPMorgan Asset Management Inc,David P Kelly,1650
2020-07-02,Jun-20,Jefferies LLC,Aneta Markowska,1950
2020-07-02,Jun-20,Landesbank Baden-Wuerttemberg,Dirk Chlench,9000
2020-07-02,Jun-20,Lloyds Bank PLC,Rhys Herbert,3000
2020-07-02,Jun-20,MUFG Union Bank NA,Chris Rupkey,5000
2020-07-02,Jun-20,Market Securities LLP,Christophe Barraud,4000
2020-07-02,Jun-20,Mizuho Securities USA LLC,Steven R Ricchiuto,2500
2020-07-02,Jun-20,Moody's Analytics Inc,Ryan Sweet,4250
2020-07-02,Jun-20,Morgan Stanley Group Inc,,5285
2020-07-02,Jun-20,National Bank of Canada Financial Inc,Marion/Paquet,2500
2020-07-02,Jun-20,Nationwide Insurance,David William Berson,1150
2020-07-02,Jun-20,Natixis North America LLC,Troy Ludtka,5755
2020-07-02,Jun-20,Natwest Markets,Kevin Cummins,7200
2020-07-02,Jun-20,Nomura Securities International Inc,Lewis S Alexander,1500
2020-07-02,Jun-20,Nord / LB,Bernd Krampen,2500
2020-07-02,Jun-20,Oxford Economics USA Inc,,4300
2020-07-02,Jun-20,PNC Finl Services Group INC,Augustine Faucher,3500
2020-07-02,Jun-20,Pantheon Macroeconomics Ltd,Ian C Shepherdson,4000
2020-07-02,Jun-20,Paragon Research Ltd,Colm Fitzgerald,2500
2020-07-02,Jun-20,Pinebridge Investments LLC,Markus Schomer,700
2020-07-02,Jun-20,Prestige Economics LLC,Jason M Schenker,2900
2020-07-02,Jun-20,RBC Capital Markets LLC,Tom Porcelli,8000
2020-07-02,Jun-20,Raymond James & Assoc Inc,Scott J Brown,3500
2020-07-02,Jun-20,Regions Financial Corp,Richard F Moody,3342
2020-07-02,Jun-20,SMBC Nikko Securities Inc,Yoshimasa Maruyama,1900
2020-07-02,Jun-20,Santander US CM (ex-Amherst Pierpont),Stephen L Stanley,4800
2020-07-02,Jun-20,Scotiabank,Derek Holt,4000
2020-07-02,Jun-20,Societe Generale,Stephen Gallagher,3900
2020-07-02,Jun-20,Southbay Research,Andrew Zatlin,3800
2020-07-02,Jun-20,Standard Chartered PLC,,2800
2020-07-02,Jun-20,Stifel Nicolaus & Co Inc,Lindsey Piegza,2000
2020-07-02,Jun-20,TD Securities (USA) LLC,Oscar Munoz,4000
2020-07-02,Jun-20,UBS Securities LLC,Samuel Coffin,1500
2020-07-02,Jun-20,UniCredit Bank AG,Daniel Vernazza,2500
2020-07-02,Jun-20,University of Maryland,Peter G Morici,2900
2020-07-02,Jun-20,Vining Sparks IBG LP,Craig Dismuke,1500
2020-07-02,Jun-20,Visa USA Inc,Michael Brown,4500
2020-07-02,Jun-20,Wells Fargo Securities LLC,Jay H Bryson,3300
2020-07-02,Jun-20,Westpac Banking Corp,,2000
2020-07-02,Jun-20,Wrightson ICAP LLC,Crandall/Jordan,2000
2020-08-07,Jul-20,4CAST/Continuum Economics,David H Sloan,350
2020-08-07,Jul-20,ABN Amro Bank NV,Bill Diviney,1650
2020-08-07,Jul-20,Acciones y Valores SA/Colombia,,1670
2020-08-07,Jul-20,Action Economics LLC,Michael R Englund,2600
2020-08-07,Jul-20,Ameriprise Financial Inc,Russell T Price,650
2020-08-07,Jul-20,BNP Paribas SA,,800
2020-08-07,Jul-20,Bank of Montreal,Douglas Porter,2000
2020-08-07,Jul-20,Bank of The West,Scott A Anderson,1000
2020-08-07,Jul-20,Banque Pictet & Cie,Thomas Costerg,-500
2020-08-07,Jul-20,Barclays Capital Inc.,Jonathan Millar,0
2020-08-07,Jul-20,Berenberg,Holger Schmieding,1000
2020-08-07,Jul-20,Berliner Sparkasse,Uwe Duerkop,100
2020-08-07,Jul-20,Bloomberg Economics,,500
2020-08-07,Jul-20,BofA Securities Inc,Michelle Meyer,1000
2020-08-07,Jul-20,Briefing.com,,1300
2020-08-07,Jul-20,Canadian Imperial Bank of Commerce,Avery Shenfeld,1100
2020-08-07,Jul-20,Capital Economics Ltd,,1000
2020-08-07,Jul-20,Casa de Bolsa Banorte SA de CV,Katia Goya,1300
2020-08-07,Jul-20,Citigroup Inc,,3000
2020-08-07,Jul-20,Comerica Inc,Robert A Dye,500
2020-08-07,Jul-20,Commerzbank AG,Weidensteiner/Balz,1500
2020-08-07,Jul-20,Credit Suisse Securities (USA) LLC,James Sweeney,2000
2020-08-07,Jul-20,Cti Capital Securities Inc,Stephan Buu,1920
2020-08-07,Jul-20,Dai-Ichi Life Research Institute Inc,Seiji Katsurahata,1480
2020-08-07,Jul-20,Daiwa Capital Mkts,Michael Moran,1800
2020-08-07,Jul-20,Danske Bank A/S,Mikael Olai Milhoj,1200
2020-08-07,Jul-20,Dekabank Deutsche Girozentrale,Besch/Luetje,2000
2020-08-07,Jul-20,Desjardins Financial Group,Jean/Genereux,1750
2020-08-07,Jul-20,Deutsche Bank Securities Inc,Brett Ryan,1000
2020-08-07,Jul-20,Evercore ISI,Stan Shipley,1500
2020-08-07,Jul-20,FHN Financial,Christopher Low,1500
2020-08-07,Jul-20,Fact & Opinion Economics,Robert Brusca,1400
2020-08-07,Jul-20,First Trust Portfolios LP,Stein/Wesbury,1650
2020-08-07,Jul-20,Goldman Sachs & Co LLC,,1000
2020-08-07,Jul-20,HSBC Securities (USA) Inc,Ryan Wang,500
2020-08-07,Jul-20,Helaba Frankfurt,Patrick Franke,1500
2020-08-07,Jul-20,High Frequency Economics,Rubeela Farooqi,1625
2020-08-07,Jul-20,Hugh Johnson Advisors LLC,Hugh A Johnson,2685
2020-08-07,Jul-20,ING Financial Markets LLC,James Knightley,750
2020-08-07,Jul-20,Intesa Sanpaolo Spa,Sergio Capaldi,2360
2020-08-07,Jul-20,Investec Bank PLC,Shaw/Clarke,3000
2020-08-07,Jul-20,Itau Asset Management SA/Brazil,,950
2020-08-07,Jul-20,Itau Unibanco SA,,500
2020-08-07,Jul-20,JP Morgan Securities LLC,Michael E Feroli,1750
2020-08-07,Jul-20,JPMorgan Asset Management Inc,David P Kelly,1267
2020-08-07,Jul-20,Jefferies LLC,Aneta Markowska,0
2020-08-07,Jul-20,Landesbank Baden-Wuerttemberg,Dirk Chlench,1700
2020-08-07,Jul-20,Lloyds Bank PLC,Rhys Herbert,1520
2020-08-07,Jul-20,MUFG Union Bank NA,Chris Rupkey,1500
2020-08-07,Jul-20,Mizuho Securities USA LLC,Steven R Ricchiuto,1250
2020-08-07,Jul-20,Moody's Analytics Inc,Ryan Sweet,850
2020-08-07,Jul-20,Morgan Stanley Group Inc,,2000
2020-08-07,Jul-20,National Bank of Canada Financial Inc,Marion/Paquet,1750
2020-08-07,Jul-20,Nationwide Insurance,David William Berson,1700
2020-08-07,Jul-20,Natixis North America LLC,Troy Ludtka,3210
2020-08-07,Jul-20,Natwest Markets,Kevin Cummins,200
2020-08-07,Jul-20,Nomura Securities International Inc,Lewis S Alexander,550
2020-08-07,Jul-20,Nord / LB,Bernd Krampen,1200
2020-08-07,Jul-20,Oxford Economics USA Inc,,-280
2020-08-07,Jul-20,PNC Finl Services Group INC,Augustine Faucher,1900
2020-08-07,Jul-20,Pantheon Macroeconomics Ltd,Ian C Shepherdson,1000
2020-08-07,Jul-20,Paragon Research Ltd,Colm Fitzgerald,-600
2020-08-07,Jul-20,Pinebridge Investments LLC,Markus Schomer,500
2020-08-07,Jul-20,Prestige Economics LLC,Jason M Schenker,2800
2020-08-07,Jul-20,Raymond James & Assoc Inc,Scott J Brown,3000
2020-08-07,Jul-20,Regions Financial Corp,Richard F Moody,1338
2020-08-07,Jul-20,SMBC Nikko Securities Inc,Yoshimasa Maruyama,1635
2020-08-07,Jul-20,Santander US CM (ex-Amherst Pierpont),Stephen L Stanley,2750
2020-08-07,Jul-20,Scotiabank,Derek Holt,2000
2020-08-07,Jul-20,Societe Generale,Stephen Gallagher,2660
2020-08-07,Jul-20,Southbay Research,Andrew Zatlin,2450
2020-08-07,Jul-20,Standard Chartered PLC,,1800
2020-08-07,Jul-20,Stifel Nicolaus & Co Inc,Lindsey Piegza,1000
2020-08-07,Jul-20,TD Securities (USA) LLC,Oscar Munoz,500
2020-08-07,Jul-20,UBS Securities LLC,Samuel Coffin,1750
2020-08-07,Jul-20,UniCredit Bank AG,Daniel Vernazza,1500
2020-08-07,Jul-20,University of Maryland,Peter G Morici,2400
2020-08-07,Jul-20,Vining Sparks IBG LP,Craig Dismuke,750
2020-08-07,Jul-20,Visa USA Inc,Michael Brown,1000
2020-08-07,Jul-20,Wells Fargo Securities LLC,Jay H Bryson,1700
2020-08-07,Jul-20,Wrightson ICAP LLC,Crandall/Jordan,1000
2020-09-04,Aug-20,4CAST/Continuum Economics,David H Sloan,1150
2020-09-04,Aug-20,ABN Amro Bank NV,Bill Diviney,1000
2020-09-04,Aug-20,Acciones y Valores SA/Colombia,,1000
2020-09-04,Aug-20,Action Economics LLC,Michael R Englund,1800
2020-09-04,Aug-20,Ameriprise Financial Inc,Russell T Price,1350
2020-09-04,Aug-20,BBVA Research,Nathaniel Karp,1390
2020-09-04,Aug-20,BNP Paribas SA,,2250
2020-09-04,Aug-20,Bank of Montreal,Douglas Porter,1500
2020-09-04,Aug-20,Bank of The West,Scott A Anderson,1310
2020-09-04,Aug-20,Banque Pictet & Cie,Thomas Costerg,-100
2020-09-04,Aug-20,Bantleon Bank AG,Andreas Busch,1250
2020-09-04,Aug-20,Barclays Capital Inc.,Jonathan Millar,1750
2020-09-04,Aug-20,Berenberg,Holger Schmieding,1600
2020-09-04,Aug-20,Berliner Sparkasse,Uwe Duerkop,1000
2020-09-04,Aug-20,Bloomberg Economics,,500
2020-09-04,Aug-20,BofA Securities Inc,Michelle Meyer,1200
2020-09-04,Aug-20,Briefing.com,,1200
2020-09-04,Aug-20,Canadian Imperial Bank of Commerce,Avery Shenfeld,800
2020-09-04,Aug-20,Capital Economics Ltd,,1000
2020-09-04,Aug-20,Casa de Bolsa Banorte SA de CV,Katia Goya,2000
2020-09-04,Aug-20,Citigroup Inc,,2100
2020-09-04,Aug-20,Comerica Inc,Robert A Dye,1450
2020-09-04,Aug-20,Commerzbank AG,Weidensteiner/Balz,1000
2020-09-04,Aug-20,Credit Agricole CIB,Perrin/Van Ness,1400
2020-09-04,Aug-20,Credit Suisse Securities (USA) LLC,James Sweeney,750
2020-09-04,Aug-20,Cti Capital Securities Inc,Stephan Buu,928
2020-09-04,Aug-20,DZ Bank AG Deutsche Zentral-Genossenschaftsbank Frankfurt Am Main,,1500
2020-09-04,Aug-20,Dai-Ichi Life Research Institute Inc,Seiji Katsurahata,1464
2020-09-04,Aug-20,Daiwa Capital Mkts,Michael Moran,1400
2020-09-04,Aug-20,Dekabank Deutsche Girozentrale,Besch/Luetje,1700
2020-09-04,Aug-20,Desjardins Financial Group,Jean/Genereux,1250
2020-09-04,Aug-20,Deutsche Bank Securities Inc,Brett Ryan,1200
2020-09-04,Aug-20,Evercore ISI,Stan Shipley,1000
2020-09-04,Aug-20,FHN Financial,Christopher Low,850
2020-09-04,Aug-20,Fact & Opinion Economics,Robert Brusca,1000
2020-09-04,Aug-20,First Trust Portfolios LP,Stein/Wesbury,1670
2020-09-04,Aug-20,Goldman Sachs & Co LLC,,1900
2020-09-04,Aug-20,HSBC Securities (USA) Inc,Ryan Wang,1600
2020-09-04,Aug-20,Helaba Frankfurt,Patrick Franke,1200
2020-09-04,Aug-20,High Frequency Economics,Rubeela Farooqi,1570
2020-09-04,Aug-20,Hugh Johnson Advisors LLC,Hugh A Johnson,1486
2020-09-04,Aug-20,ING Financial Markets LLC,James Knightley,900
2020-09-04,Aug-20,Intesa Sanpaolo Spa,Sergio Capaldi,1700
2020-09-04,Aug-20,Investec Bank PLC,Shaw/Clarke,750
2020-09-04,Aug-20,Itau Asset Management SA/Brazil,,1150
2020-09-04,Aug-20,Itau Unibanco SA,,1500
2020-09-04,Aug-20,JP Morgan Securities LLC,Michael E Feroli,1400
2020-09-04,Aug-20,JPMorgan Asset Management Inc,David P Kelly,2400
2020-09-04,Aug-20,Jefferies LLC,Aneta Markowska,1200
2020-09-04,Aug-20,Landesbank Baden-Wuerttemberg,Dirk Chlench,950
2020-09-04,Aug-20,Lloyds Bank PLC,Rhys Herbert,1425
2020-09-04,Aug-20,MUFG Union Bank NA,Chris Rupkey,1500
2020-09-04,Aug-20,Market Securities LLP,Christophe Barraud,1200
2020-09-04,Aug-20,Moody's Analytics Inc,Ryan Sweet,1100
2020-09-04,Aug-20,Morgan Stanley Group Inc,,1500
2020-09-04,Aug-20,National Bank of Canada Financial Inc,Marion/Paquet,1750
2020-09-04,Aug-20,Nationwide Insurance,David William Berson,955
2020-09-04,Aug-20,Natixis North America LLC,Troy Ludtka,997
2020-09-04,Aug-20,Natwest Markets,Kevin Cummins,1900
2020-09-04,Aug-20,Nomura Securities International Inc,Lewis S Alexander,1350
2020-09-04,Aug-20,Nord / LB,Bernd Krampen,850
2020-09-04,Aug-20,Oxford Economics USA Inc,,1400
2020-09-04,Aug-20,PNC Finl Services Group INC,Augustine Faucher,2000
2020-09-04,Aug-20,Pantheon Macroeconomics Ltd,Ian C Shepherdson,750
2020-09-04,Aug-20,Paragon Research Ltd,Colm Fitzgerald,1100
2020-09-04,Aug-20,Pinebridge Investments LLC,Markus Schomer,250
2020-09-04,Aug-20,Prestige Economics LLC,Jason M Schenker,1600
2020-09-04,Aug-20,Raymond James & Assoc Inc,Scott J Brown,1400
2020-09-04,Aug-20,Regions Financial Corp,Richard F Moody,866
2020-09-04,Aug-20,SMBC Nikko Securities Inc,Yoshimasa Maruyama,1750
2020-09-04,Aug-20,Santander US CM (ex-Amherst Pierpont),Stephen L Stanley,1600
2020-09-04,Aug-20,Scotiabank,Derek Holt,1500
2020-09-04,Aug-20,Societe Generale,Stephen Gallagher,2000
2020-09-04,Aug-20,Southbay Research,Andrew Zatlin,2060
2020-09-04,Aug-20,Standard Chartered PLC,,2000
2020-09-04,Aug-20,Stifel Nicolaus & Co Inc,Lindsey Piegza,1200
2020-09-04,Aug-20,Svenska Handelsbanken,Steven R Ricchiuto,1300
2020-09-04,Aug-20,TD Securities (USA) LLC,Oscar Munoz,1000
2020-09-04,Aug-20,UBS Securities LLC,Samuel Coffin,1180
2020-09-04,Aug-20,University of Maryland,Peter G Morici,1550
2020-09-04,Aug-20,Vining Sparks IBG LP,Craig Dismuke,375
2020-09-04,Aug-20,Visa USA Inc,Michael Brown,1200
2020-09-04,Aug-20,Wells Fargo Securities LLC,Jay H Bryson,1400
2020-09-04,Aug-20,Westpac Banking Corp,,1300
2020-09-04,Aug-20,Wrightson ICAP LLC,Crandall/Jordan,2000
2020-10-02,Sep-20,4CAST/Continuum Economics,David H Sloan,1200
2020-10-02,Sep-20,ABN Amro Bank NV,Bill Diviney,460
2020-10-02,Sep-20,Action Economics LLC,Michael R Englund,900
2020-10-02,Sep-20,Ameriprise Financial Inc,Russell T Price,800
2020-10-02,Sep-20,BBVA Research,Nathaniel Karp,781
2020-10-02,Sep-20,BNP Paribas SA,,700
2020-10-02,Sep-20,Bank of Montreal,Douglas Porter,1100
2020-10-02,Sep-20,Bank of The West,Scott A Anderson,840
2020-10-02,Sep-20,Banque Pictet & Cie,Thomas Costerg,-100
2020-10-02,Sep-20,Bantleon Bank AG,Andreas Busch,840
2020-10-02,Sep-20,Barclays Capital Inc.,Jonathan Millar,750
2020-10-02,Sep-20,Berenberg,Holger Schmieding,1000
2020-10-02,Sep-20,Berliner Sparkasse,Uwe Duerkop,1500
2020-10-02,Sep-20,Bloomberg Economics,,500
2020-10-02,Sep-20,BofA Securities Inc,Michelle Meyer,800
2020-10-02,Sep-20,Briefing.com,,750
2020-10-02,Sep-20,Canadian Imperial Bank of Commerce,Avery Shenfeld,650
2020-10-02,Sep-20,Capital Economics Ltd,,800
2020-10-02,Sep-20,Citigroup Inc,,1200
2020-10-02,Sep-20,Comerica Inc,Robert A Dye,950
2020-10-02,Sep-20,Commerzbank AG,Weidensteiner/Balz,800
2020-10-02,Sep-20,Credit Agricole CIB,Perrin/Van Ness,875
2020-10-02,Sep-20,Credit Suisse Securities (USA) LLC,James Sweeney,800
2020-10-02,Sep-20,Cti Capital Securities Inc,Stephan Buu,1500
2020-10-02,Sep-20,DZ Bank AG Deutsche Zentral-Genossenschaftsbank Frankfurt Am Main,,850
2020-10-02,Sep-20,Dai-Ichi Life Research Institute Inc,Seiji Katsurahata,826
2020-10-02,Sep-20,Daiwa Capital Mkts,Michael Moran,900
2020-10-02,Sep-20,Danske Bank A/S,Mikael Olai Milhoj,1100
2020-10-02,Sep-20,Dekabank Deutsche Girozentrale,Besch/Luetje,1000
2020-10-02,Sep-20,Desjardins Financial Group,Jean/Genereux,800
2020-10-02,Sep-20,Deutsche Bank Securities Inc,Brett Ryan,800
2020-10-02,Sep-20,Evercore ISI,Stan Shipley,750
2020-10-02,Sep-20,FHN Financial,Christopher Low,500
2020-10-02,Sep-20,Fact & Opinion Economics,Robert Brusca,650
2020-10-02,Sep-20,First Trust Portfolios LP,Stein/Wesbury,1073
2020-10-02,Sep-20,Goldman Sachs & Co LLC,,1100
2020-10-02,Sep-20,HSBC Securities (USA) Inc,Ryan Wang,1800
2020-10-02,Sep-20,Helaba Frankfurt,Patrick Franke,900
2020-10-02,Sep-20,High Frequency Economics,Rubeela Farooqi,900
2020-10-02,Sep-20,Hugh Johnson Advisors LLC,Hugh A Johnson,1000
2020-10-02,Sep-20,ING Financial Markets LLC,James Knightley,850
2020-10-02,Sep-20,Intesa Sanpaolo Spa,Sergio Capaldi,950
2020-10-02,Sep-20,Investec Bank PLC,Shaw/Clarke,600
2020-10-02,Sep-20,Itau Asset Management SA/Brazil,,1000
2020-10-02,Sep-20,Itau Unibanco SA,,1200
2020-10-02,Sep-20,JP Morgan Securities LLC,Michael E Feroli,850
2020-10-02,Sep-20,JPMorgan Asset Management Inc,David P Kelly,645
2020-10-02,Sep-20,Jefferies LLC,Aneta Markowska,1050
2020-10-02,Sep-20,Landesbank Baden-Wuerttemberg,Dirk Chlench,1500
2020-10-02,Sep-20,Lloyds Bank PLC,Rhys Herbert,920
2020-10-02,Sep-20,MUFG Union Bank NA,Chris Rupkey,1000
2020-10-02,Sep-20,Market Securities LLP,Christophe Barraud,810
2020-10-02,Sep-20,Mizuho Securities USA LLC,Steven R Ricchiuto,1000
2020-10-02,Sep-20,Moody's Analytics Inc,Ryan Sweet,625
2020-10-02,Sep-20,Morgan Stanley Group Inc,,830
2020-10-02,Sep-20,National Bank of Canada Financial Inc,Marion/Paquet,800
2020-10-02,Sep-20,Nationwide Insurance,David William Berson,890
2020-10-02,Sep-20,Natixis North America LLC,Troy Ludtka,544
2020-10-02,Sep-20,Natwest Markets,Kevin Cummins,800
2020-10-02,Sep-20,Nomura Securities International Inc,Lewis S Alexander,800
2020-10-02,Sep-20,Nord / LB,Bernd Krampen,1200
2020-10-02,Sep-20,Oxford Economics USA Inc,,600
2020-10-02,Sep-20,PNC Finl Services Group INC,Augustine Faucher,1050
2020-10-02,Sep-20,Pantheon Macroeconomics Ltd,Ian C Shepherdson,950
2020-10-02,Sep-20,Paragon Research Ltd,Colm Fitzgerald,1300
2020-10-02,Sep-20,Prestige Economics LLC,Jason M Schenker,875
2020-10-02,Sep-20,Raymond James & Assoc Inc,Scott J Brown,650
2020-10-02,Sep-20,Regions Financial Corp,Richard F Moody,868
2020-10-02,Sep-20,SMBC Nikko Securities Inc,Yoshimasa Maruyama,850
2020-10-02,Sep-20,Santander US CM (ex-Amherst Pierpont),Stephen L Stanley,1080
2020-10-02,Sep-20,Scotiabank,Derek Holt,1000
2020-10-02,Sep-20,Societe Generale,Stephen Gallagher,925
2020-10-02,Sep-20,Southbay Research,Andrew Zatlin,877
2020-10-02,Sep-20,Standard Chartered PLC,,850
2020-10-02,Sep-20,Stifel Nicolaus & Co Inc,Lindsey Piegza,700
2020-10-02,Sep-20,TD Securities (USA) LLC,Oscar Munoz,400
2020-10-02,Sep-20,UBS Securities LLC,Samuel Coffin,1170
2020-10-02,Sep-20,UniCredit Bank AG,Daniel Vernazza,850
2020-10-02,Sep-20,University of Maryland,Peter G Morici,1000
2020-10-02,Sep-20,Vining Sparks IBG LP,Craig Dismuke,1050
2020-10-02,Sep-20,Visa USA Inc,Michael Brown,975
2020-10-02,Sep-20,Wells Fargo Securities LLC,Jay H Bryson,820
2020-10-02,Sep-20,Westpac Banking Corp,,950
2020-10-02,Sep-20,Wrightson ICAP LLC,Crandall/Jordan,800
2020-11-06,Oct-20,4CAST/Continuum Economics,David H Sloan,500
2020-11-06,Oct-20,Action Economics LLC,Michael R Englund,750
2020-11-06,Oct-20,Ameriprise Financial Inc,Russell T Price,525
2020-11-06,Oct-20,BBVA Research,Nathaniel Karp,600
2020-11-06,Oct-20,BNP Paribas SA,,850
2020-11-06,Oct-20,Bank of Montreal,Douglas Porter,700
2020-11-06,Oct-20,Bank of The West,Scott A Anderson,520
2020-11-06,Oct-20,Banque Pictet & Cie,Thomas Costerg,250
2020-11-06,Oct-20,Bantleon Bank AG,Andreas Busch,550
2020-11-06,Oct-20,Barclays Capital Inc.,Jonathan Millar,650
2020-11-06,Oct-20,Berenberg,Holger Schmieding,700
2020-11-06,Oct-20,Berliner Sparkasse,Uwe Duerkop,1000
2020-11-06,Oct-20,Bloomberg Economics,,300
2020-11-06,Oct-20,BofA Securities Inc,Michelle Meyer,625
2020-11-06,Oct-20,Canadian Imperial Bank of Commerce,Avery Shenfeld,570
2020-11-06,Oct-20,Capital Economics Ltd,,600
2020-11-06,Oct-20,Citigroup Inc,,800
2020-11-06,Oct-20,Comerica Inc,Robert A Dye,500
2020-11-06,Oct-20,Commerzbank AG,Weidensteiner/Balz,400
2020-11-06,Oct-20,Credit Suisse Securities (USA) LLC,James Sweeney,450
2020-11-06,Oct-20,Cti Capital Securities Inc,Stephan Buu,500
2020-11-06,Oct-20,DZ Bank AG Deutsche Zentral-Genossenschaftsbank Frankfurt Am Main,,600
2020-11-06,Oct-20,Dai-Ichi Life Research Institute Inc,Seiji Katsurahata,524
2020-11-06,Oct-20,Daiwa Capital Mkts,Michael Moran,900
2020-11-06,Oct-20,Dekabank Deutsche Girozentrale,Besch/Luetje,550
2020-11-06,Oct-20,Desjardins Financial Group,Jean/Genereux,525
2020-11-06,Oct-20,Deutsche Bank Securities Inc,Brett Ryan,600
2020-11-06,Oct-20,Evercore ISI,Stan Shipley,500
2020-11-06,Oct-20,FHN Financial,Christopher Low,550
2020-11-06,Oct-20,Fact & Opinion Economics,Robert Brusca,580
2020-11-06,Oct-20,First Trust Portfolios LP,Stein/Wesbury,585
2020-11-06,Oct-20,Goldman Sachs & Co LLC,,500
2020-11-06,Oct-20,HSBC Securities (USA) Inc,Ryan Wang,700
2020-11-06,Oct-20,Helaba Frankfurt,Patrick Franke,700
2020-11-06,Oct-20,High Frequency Economics,Rubeela Farooqi,500
2020-11-06,Oct-20,Hugh Johnson Advisors LLC,Hugh A Johnson,600
2020-11-06,Oct-20,ING Financial Markets LLC,James Knightley,580
2020-11-06,Oct-20,Intesa Sanpaolo Spa,Sergio Capaldi,900
2020-11-06,Oct-20,Investec Bank PLC,Shaw/Clarke,575
2020-11-06,Oct-20,Itau Asset Management SA/Brazil,,875
2020-11-06,Oct-20,JP Morgan Securities LLC,Michael E Feroli,500
2020-11-06,Oct-20,Jefferies LLC,Aneta Markowska,532
2020-11-06,Oct-20,Landesbank Baden-Wuerttemberg,Dirk Chlench,800
2020-11-06,Oct-20,Lloyds Bank PLC,Rhys Herbert,700
2020-11-06,Oct-20,MUFG Union Bank NA,Chris Rupkey,700
2020-11-06,Oct-20,Market Securities LLP,Christophe Barraud,500
2020-11-06,Oct-20,Mizuho Securities USA LLC,Steven R Ricchiuto,700
2020-11-06,Oct-20,Moody's Analytics Inc,Ryan Sweet,375
2020-11-06,Oct-20,Morgan Stanley Group Inc,,900
2020-11-06,Oct-20,National Bank of Canada Financial Inc,Marion/Paquet,700
2020-11-06,Oct-20,Nationwide Insurance,David William Berson,630
2020-11-06,Oct-20,Natixis North America LLC,Troy Ludtka,576
2020-11-06,Oct-20,Natwest Markets,Kevin Cummins,400
2020-11-06,Oct-20,Nomura Securities International Inc,Lewis S Alexander,600
2020-11-06,Oct-20,Nord / LB,Bernd Krampen,700
2020-11-06,Oct-20,Oxford Economics USA Inc,,604
2020-11-06,Oct-20,PNC Finl Services Group INC,Augustine Faucher,900
2020-11-06,Oct-20,Pantheon Macroeconomics Ltd,Ian C Shepherdson,300
2020-11-06,Oct-20,Paragon Research Ltd,Colm Fitzgerald,1600
2020-11-06,Oct-20,Pinebridge Investments LLC,Markus Schomer,500
2020-11-06,Oct-20,Prestige Economics LLC,Jason M Schenker,622
2020-11-06,Oct-20,Raymond James & Assoc Inc,Scott J Brown,500
2020-11-06,Oct-20,Regions Financial Corp,Richard F Moody,393
2020-11-06,Oct-20,SMBC Nikko Securities Inc,Yoshimasa Maruyama,680
2020-11-06,Oct-20,Santander US CM (ex-Amherst Pierpont),Stephen L Stanley,620
2020-11-06,Oct-20,Scotiabank,Derek Holt,500
2020-11-06,Oct-20,Societe Generale,Stephen Gallagher,570
2020-11-06,Oct-20,Southbay Research,Andrew Zatlin,810
2020-11-06,Oct-20,Stifel Nicolaus & Co Inc,Lindsey Piegza,500
2020-11-06,Oct-20,TD Securities (USA) LLC,Oscar Munoz,300
2020-11-06,Oct-20,UBS Securities LLC,Samuel Coffin,530
2020-11-06,Oct-20,UniCredit Bank AG,Daniel Vernazza,500
2020-11-06,Oct-20,University of Maryland,Peter G Morici,775
2020-11-06,Oct-20,Vining Sparks IBG LP,Craig Dismuke,650
2020-11-06,Oct-20,Visa USA Inc,Michael Brown,625
2020-11-06,Oct-20,Wells Fargo Securities LLC,Jay H Bryson,530
2020-11-06,Oct-20,Westpac Banking Corp,,570
2020-11-06,Oct-20,Wrightson ICAP LLC,Crandall/Jordan,450
2020-12-04,Nov-20,4CAST/Continuum Economics,David H Sloan,500
2020-12-04,Nov-20,ABN Amro Bank NV,Bill Diviney,0
2020-12-04,Nov-20,Action Economics LLC,Michael R Englund,540
2020-12-04,Nov-20,Ameriprise Financial Inc,Russell T Price,400
2020-12-04,Nov-20,BBVA Research,Nathaniel Karp,520
2020-12-04,Nov-20,BNP Paribas SA,,400
2020-12-04,Nov-20,Bank of Montreal,Douglas Porter,500
2020-12-04,Nov-20,Bank of The West,Scott A Anderson,540
2020-12-04,Nov-20,Banque Pictet & Cie,Thomas Costerg,-100
2020-12-04,Nov-20,Bantleon Bank AG,Andreas Busch,420
2020-12-04,Nov-20,Barclays Capital Inc.,Jonathan Millar,550
2020-12-04,Nov-20,Berenberg,Holger Schmieding,350
2020-12-04,Nov-20,Berliner Sparkasse,Uwe Duerkop,700
2020-12-04,Nov-20,Bloomberg Economics,,525
2020-12-04,Nov-20,BofA Securities Inc,Michelle Meyer,150
2020-12-04,Nov-20,Briefing.com,,525
2020-12-04,Nov-20,Canadian Imperial Bank of Commerce,Avery Shenfeld,340
2020-12-04,Nov-20,Capital Economics Ltd,,400
2020-12-04,Nov-20,Casa de Bolsa Banorte SA de CV,Katia Goya,500
2020-12-04,Nov-20,Citigroup Inc,,600
2020-12-04,Nov-20,Commerzbank AG,Weidensteiner/Balz,350
2020-12-04,Nov-20,Credit Suisse Securities (USA) LLC,James Sweeney,400
2020-12-04,Nov-20,Cti Capital Securities Inc,Stephan Buu,655
2020-12-04,Nov-20,Dai-Ichi Life Research Institute Inc,Seiji Katsurahata,426
2020-12-04,Nov-20,Daiwa Capital Mkts,Michael Moran,500
2020-12-04,Nov-20,Dekabank Deutsche Girozentrale,Besch/Luetje,450
2020-12-04,Nov-20,Desjardins Financial Group,Jean/Genereux,500
2020-12-04,Nov-20,Deutsche Bank Securities Inc,Brett Ryan,500
2020-12-04,Nov-20,Evercore ISI,Stan Shipley,750
2020-12-04,Nov-20,Fact & Opinion Economics,Robert Brusca,500
2020-12-04,Nov-20,First Trust Portfolios LP,Stein/Wesbury,438
2020-12-04,Nov-20,Goldman Sachs & Co LLC,,450
2020-12-04,Nov-20,HSBC Securities (USA) Inc,Ryan Wang,350
2020-12-04,Nov-20,Helaba Frankfurt,Patrick Franke,700
2020-12-04,Nov-20,High Frequency Economics,Rubeela Farooqi,520
2020-12-04,Nov-20,Hugh Johnson Advisors LLC,Hugh A Johnson,600
2020-12-04,Nov-20,ING Financial Markets LLC,James Knightley,540
2020-12-04,Nov-20,Intesa Sanpaolo Spa,Sergio Capaldi,540
2020-12-04,Nov-20,Investec Bank PLC,Shaw/Clarke,600
2020-12-04,Nov-20,Itau Asset Management SA/Brazil,,575
2020-12-04,Nov-20,Itau Unibanco SA,,250
2020-12-04,Nov-20,JP Morgan Securities LLC,Michael E Feroli,350
2020-12-04,Nov-20,Jefferies LLC,Aneta Markowska,340
2020-12-04,Nov-20,Landesbank Baden-Wuerttemberg,Dirk Chlench,600
2020-12-04,Nov-20,Lloyds Bank PLC,Rhys Herbert,600
2020-12-04,Nov-20,MUFG Union Bank NA,Chris Rupkey,600
2020-12-04,Nov-20,Market Securities LLP,Christophe Barraud,400
2020-12-04,Nov-20,Mizuho Securities USA LLC,Steven R Ricchiuto,550
2020-12-04,Nov-20,Moody's Analytics Inc,Ryan Sweet,325
2020-12-04,Nov-20,Morgan Stanley Group Inc,,630
2020-12-04,Nov-20,National Bank of Canada Financial Inc,Marion/Paquet,350
2020-12-04,Nov-20,Nationwide Insurance,David William Berson,638
2020-12-04,Nov-20,Natixis North America LLC,Troy Ludtka,433
2020-12-04,Nov-20,Natwest Markets,Kevin Cummins,375
2020-12-04,Nov-20,Nomura Securities International Inc,Lewis S Alexander,320
2020-12-04,Nov-20,Nord / LB,Bernd Krampen,425
2020-12-04,Nov-20,Oxford Economics USA Inc,,-60
2020-12-04,Nov-20,PNC Finl Services Group INC,Augustine Faucher,400
2020-12-04,Nov-20,Pantheon Macroeconomics Ltd,Ian C Shepherdson,200
2020-12-04,Nov-20,Paragon Research Ltd,Colm Fitzgerald,350
2020-12-04,Nov-20,Pinebridge Investments LLC,Markus Schomer,400
2020-12-04,Nov-20,Prestige Economics LLC,Jason M Schenker,475
2020-12-04,Nov-20,Raymond James & Assoc Inc,Scott J Brown,470
2020-12-04,Nov-20,Regions Financial Corp,Richard F Moody,481
2020-12-04,Nov-20,SMBC Nikko Securities Inc,Yoshimasa Maruyama,610
2020-12-04,Nov-20,Santander US CM (ex-Amherst Pierpont),Stephen L Stanley,440
2020-12-04,Nov-20,Scotiabank,Derek Holt,400
2020-12-04,Nov-20,Societe Generale,Stephen Gallagher,735
2020-12-04,Nov-20,Southbay Research,Andrew Zatlin,539
2020-12-04,Nov-20,TD Securities (USA) LLC,Oscar Munoz,200
2020-12-04,Nov-20,UBS Securities LLC,Samuel Coffin,505
2020-12-04,Nov-20,UniCredit Bank AG,Daniel Vernazza,400
2020-12-04,Nov-20,University of Maryland,Peter G Morici,550
2020-12-04,Nov-20,Vining Sparks IBG LP,Craig Dismuke,400
2020-12-04,Nov-20,Visa USA Inc,Michael Brown,475
2020-12-04,Nov-20,Wells Fargo Securities LLC,Jay H Bryson,425
2020-12-04,Nov-20,Westpac Banking Corp,,450
2020-12-04,Nov-20,Wrightson ICAP LLC,Crandall/Jordan,450
2021-01-08,Dec-20,4CAST/Continuum Economics,David H Sloan,0
2021-01-08,Dec-20,Action Economics LLC,Michael R Englund,100
2021-01-08,Dec-20,Ameriprise Financial Inc,Russell T Price,-60
2021-01-08,Dec-20,BNP Paribas SA,,0
2021-01-08,Dec-20,Bank of Montreal,Douglas Porter,0
2021-01-08,Dec-20,Bank of The West,Scott A Anderson,40
2021-01-08,Dec-20,Banque Pictet & Cie,Thomas Costerg,-175
2021-01-08,Dec-20,Bantleon Bank AG,Andreas Busch,40
2021-01-08,Dec-20,Barclays Capital Inc.,Jonathan Millar,-50
2021-01-08,Dec-20,Berenberg,Holger Schmieding,100
2021-01-08,Dec-20,Berliner Sparkasse,Uwe Duerkop,-400
2021-01-08,Dec-20,Bloomberg Economics,,-75
2021-01-08,Dec-20,BofA Securities Inc,Michelle Meyer,50
2021-01-08,Dec-20,Briefing.com,,125
2021-01-08,Dec-20,Canadian Imperial Bank of Commerce,Avery Shenfeld,-20
2021-01-08,Dec-20,Capital Economics Ltd,,-100
2021-01-08,Dec-20,Citigroup Inc,,120
2021-01-08,Dec-20,Commerzbank AG,Weidensteiner/Balz,50
2021-01-08,Dec-20,Credit Suisse Securities (USA) LLC,James Sweeney,-50
2021-01-08,Dec-20,Cti Capital Securities Inc,Stephan Buu,85
2021-01-08,Dec-20,Desjardins Financial Group,Jean/Genereux,150
2021-01-08,Dec-20,Deutsche Bank Securities Inc,Brett Ryan,50
2021-01-08,Dec-20,Evercore ISI,Stan Shipley,250
2021-01-08,Dec-20,Fact & Opinion Economics,Robert Brusca,200
2021-01-08,Dec-20,First Trust Portfolios LP,Stein/Wesbury,32
2021-01-08,Dec-20,Goldman Sachs & Co LLC,,-50
2021-01-08,Dec-20,HSBC Securities (USA) Inc,Ryan Wang,100
2021-01-08,Dec-20,High Frequency Economics,Rubeela Farooqi,20
2021-01-08,Dec-20,ING Financial Markets LLC,James Knightley,50
2021-01-08,Dec-20,Intesa Sanpaolo Spa,Sergio Capaldi,150
2021-01-08,Dec-20,Investec Bank PLC,Shaw/Clarke,200
2021-01-08,Dec-20,Itau Unibanco SA,,50
2021-01-08,Dec-20,JP Morgan Securities LLC,Michael E Feroli,-25
2021-01-08,Dec-20,Jefferies LLC,Aneta Markowska,-110
2021-01-08,Dec-20,Landesbank Baden-Wuerttemberg,Dirk Chlench,35
2021-01-08,Dec-20,Lloyds Bank PLC,Rhys Herbert,150
2021-01-08,Dec-20,MUFG Union Bank NA,Chris Rupkey,50
2021-01-08,Dec-20,Market Securities LLP,Christophe Barraud,-10
2021-01-08,Dec-20,Mizuho Securities USA LLC,Steven R Ricchiuto,100
2021-01-08,Dec-20,Moody's Analytics Inc,Ryan Sweet,-25
2021-01-08,Dec-20,Morgan Stanley Group Inc,,100
2021-01-08,Dec-20,National Bank of Canada Financial Inc,Marion/Paquet,50
2021-01-08,Dec-20,Nationwide Insurance,David William Berson,110
2021-01-08,Dec-20,Natixis North America LLC,Troy Ludtka,-84
2021-01-08,Dec-20,Natwest Markets,Kevin Cummins,-25
2021-01-08,Dec-20,Nomura Securities International Inc,Lewis S Alexander,-150
2021-01-08,Dec-20,Nord / LB,Bernd Krampen,200
2021-01-08,Dec-20,Oxford Economics USA Inc,,-24
2021-01-08,Dec-20,PNC Finl Services Group INC,Augustine Faucher,40
2021-01-08,Dec-20,Pantheon Macroeconomics Ltd,Ian C Shepherdson,300
2021-01-08,Dec-20,Paragon Research Ltd,Colm Fitzgerald,0
2021-01-08,Dec-20,Pinebridge Investments LLC,Markus Schomer,125
2021-01-08,Dec-20,Prestige Economics LLC,Jason M Schenker,100
2021-01-08,Dec-20,Raymond James & Assoc Inc,Scott J Brown,150
2021-01-08,Dec-20,Regions Financial Corp,Richard F Moody,73
2021-01-08,Dec-20,Santander US CM (ex-Amherst Pierpont),Stephen L Stanley,85
2021-01-08,Dec-20,Scotiabank,Derek Holt,75
2021-01-08,Dec-20,Societe Generale,Stephen Gallagher,150
2021-01-08,Dec-20,Southbay Research,Andrew Zatlin,35
2021-01-08,Dec-20,Stifel Nicolaus & Co Inc,Lindsey Piegza,50
2021-01-08,Dec-20,TD Securities (USA) LLC,Oscar Munoz,-50
2021-01-08,Dec-20,UBS Securities LLC,Samuel Coffin,-35
2021-01-08,Dec-20,University of Maryland,Peter G Morici,110
2021-01-08,Dec-20,Visa USA Inc,Michael Brown,90
2021-01-08,Dec-20,Wells Fargo Securities LLC,Jay H Bryson,-50
2021-01-08,Dec-20,Wrightson ICAP LLC,Crandall/Jordan,100
2021-02-05,Jan-21,4CAST/Continuum Economics,David H Sloan,-90
2021-02-05,Jan-21,Action Economics LLC,Michael R Englund,100
2021-02-05,Jan-21,Ameriprise Financial Inc,Russell T Price,230
2021-02-05,Jan-21,BNP Paribas SA,,150
2021-02-05,Jan-21,Bank of Montreal,Douglas Porter,0
2021-02-05,Jan-21,Bank of The West,Scott A Anderson,60
2021-02-05,Jan-21,Banque Pictet & Cie,Thomas Costerg,-50
2021-02-05,Jan-21,Bantleon Bank AG,Andreas Busch,180
2021-02-05,Jan-21,Barclays Capital Inc.,Jonathan Millar,-100
2021-02-05,Jan-21,Berenberg,Holger Schmieding,300
2021-02-05,Jan-21,Berliner Sparkasse,Uwe Duerkop,-250
2021-02-05,Jan-21,Bloomberg Economics,,-25
2021-02-05,Jan-21,BofA Securities Inc,Michelle Meyer,200
2021-02-05,Jan-21,Briefing.com,,35
2021-02-05,Jan-21,Canadian Imperial Bank of Commerce,Avery Shenfeld,90
2021-02-05,Jan-21,Citigroup Inc,,250
2021-02-05,Jan-21,Comerica Inc,Robert A Dye,110
2021-02-05,Jan-21,Commerzbank AG,Weidensteiner/Balz,200
2021-02-05,Jan-21,Credit Suisse Securities (USA) LLC,James Sweeney,-100
2021-02-05,Jan-21,Cti Capital Securities Inc,Stephan Buu,229
2021-02-05,Jan-21,Daiwa Capital Mkts,Michael Moran,50
2021-02-05,Jan-21,Dekabank Deutsche Girozentrale,Besch/Luetje,300
2021-02-05,Jan-21,Desjardins Financial Group,Jean/Genereux,50
2021-02-05,Jan-21,Deutsche Bank Securities Inc,Brett Ryan,50
2021-02-05,Jan-21,Evercore ISI,Stan Shipley,150
2021-02-05,Jan-21,FHN Financial,Christopher Low,25
2021-02-05,Jan-21,Fact & Opinion Economics,Robert Brusca,150
2021-02-05,Jan-21,First Trust Portfolios LP,Stein/Wesbury,105
2021-02-05,Jan-21,Goldman Sachs & Co LLC,,200
2021-02-05,Jan-21,HSBC Securities (USA) Inc,Ryan Wang,125
2021-02-05,Jan-21,Helaba Frankfurt,Patrick Franke,100
2021-02-05,Jan-21,High Frequency Economics,Rubeela Farooqi,105
2021-02-05,Jan-21,Hugh Johnson Advisors LLC,Hugh A Johnson,-15
2021-02-05,Jan-21,ING Financial Markets LLC,James Knightley,100
2021-02-05,Jan-21,Intesa Sanpaolo Spa,Sergio Capaldi,95
2021-02-05,Jan-21,Investec Bank PLC,Shaw/Clarke,50
2021-02-05,Jan-21,JP Morgan Securities LLC,Michael E Feroli,200
2021-02-05,Jan-21,Jefferies LLC,Aneta Markowska,-80
2021-02-05,Jan-21,Landesbank Baden-Wuerttemberg,Dirk Chlench,200
2021-02-05,Jan-21,Lloyds Bank PLC,Rhys Herbert,80
2021-02-05,Jan-21,MUFG Union Bank NA,Chris Rupkey,175
2021-02-05,Jan-21,Market Securities LLP,Christophe Barraud,180
2021-02-05,Jan-21,Mizuho Securities USA LLC,Steven R Ricchiuto,125
2021-02-05,Jan-21,Moody's Analytics Inc,Ryan Sweet,275
2021-02-05,Jan-21,Morgan Stanley Group Inc,,175
2021-02-05,Jan-21,National Bank of Canada Financial Inc,Marion/Paquet,-75
2021-02-05,Jan-21,Nationwide Insurance,David William Berson,110
2021-02-05,Jan-21,Natixis North America LLC,Troy Ludtka,175
2021-02-05,Jan-21,Natwest Markets,Kevin Cummins,300
2021-02-05,Jan-21,Nomura Securities International Inc,Lewis S Alexander,250
2021-02-05,Jan-21,Nord / LB,Bernd Krampen,50
2021-02-05,Jan-21,Oxford Economics USA Inc,,4
2021-02-05,Jan-21,PNC Finl Services Group INC,Augustine Faucher,50
2021-02-05,Jan-21,Pantheon Macroeconomics Ltd,Ian C Shepherdson,200
2021-02-05,Jan-21,Paragon Research Ltd,Colm Fitzgerald,200
2021-02-05,Jan-21,Pinebridge Investments LLC,Markus Schomer,150
2021-02-05,Jan-21,Prestige Economics LLC,Jason M Schenker,-75
2021-02-05,Jan-21,Raymond James & Assoc Inc,Scott J Brown,0
2021-02-05,Jan-21,Regions Financial Corp,Richard F Moody,254
2021-02-05,Jan-21,SMBC Nikko Securities Inc,Yoshimasa Maruyama,-40
2021-02-05,Jan-21,Santander US CM (ex-Amherst Pierpont),Stephen L Stanley,300
2021-02-05,Jan-21,Scotiabank,Derek Holt,100
2021-02-05,Jan-21,Societe Generale,Stephen Gallagher,215
2021-02-05,Jan-21,Southbay Research,Andrew Zatlin,241
2021-02-05,Jan-21,Standard Chartered PLC,,25
2021-02-05,Jan-21,Stifel Nicolaus & Co Inc,Lindsey Piegza,25
2021-02-05,Jan-21,TD Securities (USA) LLC,Oscar Munoz,400
2021-02-05,Jan-21,UBS Securities LLC,Samuel Coffin,200
2021-02-05,Jan-21,UniCredit Bank AG,Daniel Vernazza,100
2021-02-05,Jan-21,University of Maryland,Peter G Morici,20
2021-02-05,Jan-21,Vining Sparks IBG LP,Craig Dismuke,175
2021-02-05,Jan-21,Visa USA Inc,Michael Brown,50
2021-02-05,Jan-21,Wells Fargo Securities LLC,Jay H Bryson,60
2021-02-05,Jan-21,Westpac Banking Corp,,-50
2021-02-05,Jan-21,Wrightson ICAP LLC,Crandall/Jordan,400
2021-03-05,Feb-21,4CAST/Continuum Economics,David H Sloan,90
2021-03-05,Feb-21,Action Economics LLC,Michael R Englund,350
2021-03-05,Feb-21,Ameriprise Financial Inc,Russell T Price,170
2021-03-05,Feb-21,BBVA Research,Nathaniel Karp,112
2021-03-05,Feb-21,BNP Paribas SA,,140
2021-03-05,Feb-21,Bank of Montreal,Douglas Porter,200
2021-03-05,Feb-21,Bank of The West,Scott A Anderson,130
2021-03-05,Feb-21,Banque Pictet & Cie,Thomas Costerg,430
2021-03-05,Feb-21,Bantleon Bank AG,Andreas Busch,205
2021-03-05,Feb-21,Barclays Capital Inc.,Jonathan Millar,100
2021-03-05,Feb-21,Berliner Sparkasse,Uwe Duerkop,200
2021-03-05,Feb-21,Bloomberg Economics,,225
2021-03-05,Feb-21,BofA Securities Inc,Michelle Meyer,225
2021-03-05,Feb-21,Briefing.com,,170
2021-03-05,Feb-21,Canadian Imperial Bank of Commerce,Avery Shenfeld,240
2021-03-05,Feb-21,Capital Economics Ltd,,500
2021-03-05,Feb-21,Casa de Bolsa Banorte SA de CV,Katia Goya,150
2021-03-05,Feb-21,Citigroup Inc,,410
2021-03-05,Feb-21,Comerica Inc,Robert A Dye,140
2021-03-05,Feb-21,Commerzbank AG,Weidensteiner/Balz,200
2021-03-05,Feb-21,Credit Agricole CIB,Perrin/Van Ness,150
2021-03-05,Feb-21,Credit Suisse Securities (USA) LLC,James Sweeney,250
2021-03-05,Feb-21,Cti Capital Securities Inc,Stephan Buu,325
2021-03-05,Feb-21,Daiwa Capital Mkts,Michael Moran,100
2021-03-05,Feb-21,Dekabank Deutsche Girozentrale,Besch/Luetje,300
2021-03-05,Feb-21,Desjardins Financial Group,Jean/Genereux,300
2021-03-05,Feb-21,Deutsche Bank Securities Inc,Brett Ryan,200
2021-03-05,Feb-21,Evercore ISI,Stan Shipley,350
2021-03-05,Feb-21,FHN Financial,Christopher Low,180
2021-03-05,Feb-21,First Trust Portfolios LP,Stein/Wesbury,180
2021-03-05,Feb-21,Goldman Sachs & Co LLC,,225
2021-03-05,Feb-21,HSBC Securities (USA) Inc,Ryan Wang,150
2021-03-05,Feb-21,Helaba Frankfurt,Patrick Franke,150
2021-03-05,Feb-21,High Frequency Economics,Rubeela Farooqi,250
2021-03-05,Feb-21,Hugh Johnson Advisors LLC,Hugh A Johnson,181
2021-03-05,Feb-21,ING Financial Markets LLC,James Knightley,230
2021-03-05,Feb-21,Intesa Sanpaolo Spa,Sergio Capaldi,140
2021-03-05,Feb-21,Investec Bank PLC,Shaw/Clarke,175
2021-03-05,Feb-21,Itau Unibanco SA,,100
2021-03-05,Feb-21,JP Morgan Securities LLC,Michael E Feroli,200
2021-03-05,Feb-21,JPMorgan Asset Management Inc,David P Kelly,195
2021-03-05,Feb-21,Jefferies LLC,Aneta Markowska,360
2021-03-05,Feb-21,Landesbank Baden-Wuerttemberg,Dirk Chlench,250
2021-03-05,Feb-21,Lloyds Bank PLC,Rhys Herbert,145
2021-03-05,Feb-21,Market Securities LLP,Christophe Barraud,220
2021-03-05,Feb-21,Mizuho Securities USA LLC,Steven R Ricchiuto,175
2021-03-05,Feb-21,Moody's Analytics Inc,Ryan Sweet,280
2021-03-05,Feb-21,Morgan Stanley Group Inc,,60
2021-03-05,Feb-21,National Bank of Canada Financial Inc,Marion/Paquet,100
2021-03-05,Feb-21,Nationwide Insurance,David William Berson,250
2021-03-05,Feb-21,Natixis North America LLC,Troy Ludtka,166
2021-03-05,Feb-21,Natwest Markets,Kevin Cummins,-35
2021-03-05,Feb-21,Nomura Securities International Inc,Lewis S Alexander,200
2021-03-05,Feb-21,Nord / LB,Bernd Krampen,110
2021-03-05,Feb-21,Oxford Economics USA Inc,,284
2021-03-05,Feb-21,PNC Finl Services Group INC,Augustine Faucher,200
2021-03-05,Feb-21,Pantheon Macroeconomics Ltd,Ian C Shepherdson,300
2021-03-05,Feb-21,Paragon Research Ltd,Colm Fitzgerald,100
2021-03-05,Feb-21,Prestige Economics LLC,Jason M Schenker,125
2021-03-05,Feb-21,Raymond James & Assoc Inc,Scott J Brown,170
2021-03-05,Feb-21,Regions Financial Corp,Richard F Moody,266
2021-03-05,Feb-21,SMBC Nikko Securities Inc,Yoshimasa Maruyama,110
2021-03-05,Feb-21,Santander US CM (ex-Amherst Pierpont),Stephen L Stanley,275
2021-03-05,Feb-21,Scotiabank,Derek Holt,175
2021-03-05,Feb-21,Societe Generale,Stephen Gallagher,350
2021-03-05,Feb-21,Southbay Research,Andrew Zatlin,232
2021-03-05,Feb-21,Stifel Nicolaus & Co Inc,Lindsey Piegza,100
2021-03-05,Feb-21,TD Securities (USA) LLC,Oscar Munoz,300
2021-03-05,Feb-21,UBS Securities LLC,Samuel Coffin,200
2021-03-05,Feb-21,UniCredit Bank AG,Daniel Vernazza,200
2021-03-05,Feb-21,University of Maryland,Peter G Morici,150
2021-03-05,Feb-21,Vining Sparks IBG LP,Craig Dismuke,160
2021-03-05,Feb-21,Visa USA Inc,Michael Brown,120
2021-03-05,Feb-21,Wells Fargo Securities LLC,Jay H Bryson,210
2021-03-05,Feb-21,Westpac Banking Corp,,200
2021-03-05,Feb-21,Wrightson ICAP LLC,Crandall/Jordan,100
2021-04-02,Mar-21,4CAST/Continuum Economics,David H Sloan,800
2021-04-02,Mar-21,ABN Amro Bank NV,Bill Diviney,700
2021-04-02,Mar-21,Action Economics LLC,Michael R Englund,500
2021-04-02,Mar-21,Ameriprise Financial Inc,Russell T Price,650
2021-04-02,Mar-21,BNP Paribas SA,,650
2021-04-02,Mar-21,Bank of Montreal,Douglas Porter,600
2021-04-02,Mar-21,Bank of The West,Scott A Anderson,635
2021-04-02,Mar-21,Banque Pictet & Cie,Thomas Costerg,728
2021-04-02,Mar-21,Bantleon Bank AG,Andreas Busch,900
2021-04-02,Mar-21,Barclays Capital Inc.,Jonathan Millar,900
2021-04-02,Mar-21,Berenberg,Holger Schmieding,520
2021-04-02,Mar-21,Berliner Sparkasse,Uwe Duerkop,500
2021-04-02,Mar-21,Bloomberg Economics,,715
2021-04-02,Mar-21,BofA Securities Inc,Michelle Meyer,1000
2021-04-02,Mar-21,Canadian Imperial Bank of Commerce,Avery Shenfeld,850
2021-04-02,Mar-21,Casa de Bolsa Banorte SA de CV,Katia Goya,600
2021-04-02,Mar-21,Citigroup Inc,,600
2021-04-02,Mar-21,Comerica Inc,Robert A Dye,550
2021-04-02,Mar-21,Commerzbank AG,Weidensteiner/Balz,850
2021-04-02,Mar-21,Credit Suisse Securities (USA) LLC,James Sweeney,500
2021-04-02,Mar-21,Cti Capital Securities Inc,Stephan Buu,820
2021-04-02,Mar-21,Dai-Ichi Life Research Institute Inc,Seiji Katsurahata,626
2021-04-02,Mar-21,Daiwa Capital Mkts,Michael Moran,600
2021-04-02,Mar-21,Dekabank Deutsche Girozentrale,Besch/Luetje,800
2021-04-02,Mar-21,Desjardins Financial Group,Jean/Genereux,660
2021-04-02,Mar-21,Deutsche Bank Securities Inc,Brett Ryan,800
2021-04-02,Mar-21,Evercore ISI,Stan Shipley,500
2021-04-02,Mar-21,FHN Financial,Christopher Low,800
2021-04-02,Mar-21,Fact & Opinion Economics,Robert Brusca,350
2021-04-02,Mar-21,First Trust Portfolios LP,Stein/Wesbury,660
2021-04-02,Mar-21,Goldman Sachs & Co LLC,,775
2021-04-02,Mar-21,HSBC Securities (USA) Inc,Ryan Wang,650
2021-04-02,Mar-21,Helaba Frankfurt,Patrick Franke,500
2021-04-02,Mar-21,High Frequency Economics,Rubeela Farooqi,670
2021-04-02,Mar-21,Hugh Johnson Advisors LLC,Hugh A Johnson,450
2021-04-02,Mar-21,ING Financial Markets LLC,James Knightley,750
2021-04-02,Mar-21,Intesa Sanpaolo Spa,Sergio Capaldi,620
2021-04-02,Mar-21,Investec Bank PLC,Shaw/Clarke,650
2021-04-02,Mar-21,Itau Unibanco SA,,1000
2021-04-02,Mar-21,JP Morgan Securities LLC,Michael E Feroli,650
2021-04-02,Mar-21,Jefferies LLC,Aneta Markowska,765
2021-04-02,Mar-21,Landesbank Baden-Wuerttemberg,Dirk Chlench,800
2021-04-02,Mar-21,Lloyds Bank PLC,Rhys Herbert,630
2021-04-02,Mar-21,Market Securities LLP,Christophe Barraud,800
2021-04-02,Mar-21,Moody's Analytics Inc,Ryan Sweet,965
2021-04-02,Mar-21,Morgan Stanley Group Inc,,700
2021-04-02,Mar-21,National Bank of Canada Financial Inc,Marion/Paquet,600
2021-04-02,Mar-21,Nationwide Insurance,David William Berson,585
2021-04-02,Mar-21,Natixis North America LLC,Troy Ludtka,777
2021-04-02,Mar-21,Natwest Markets,Kevin Cummins,550
2021-04-02,Mar-21,Nomura Securities International Inc,Lewis S Alexander,950
2021-04-02,Mar-21,Nord / LB,Bernd Krampen,550
2021-04-02,Mar-21,Oxford Economics USA Inc,,694
2021-04-02,Mar-21,PNC Finl Services Group INC,Augustine Faucher,625
2021-04-02,Mar-21,Pantheon Macroeconomics Ltd,Ian C Shepherdson,800
2021-04-02,Mar-21,Paragon Research Ltd,Colm Fitzgerald,880
2021-04-02,Mar-21,Pinebridge Investments LLC,Markus Schomer,775
2021-04-02,Mar-21,Prestige Economics LLC,Jason M Schenker,450
2021-04-02,Mar-21,RBC Capital Markets LLC,Tom Porcelli,750
2021-04-02,Mar-21,Raymond James & Assoc Inc,Scott J Brown,580
2021-04-02,Mar-21,Regions Financial Corp,Richard F Moody,961
2021-04-02,Mar-21,SMBC Nikko Securities Inc,Yoshimasa Maruyama,460
2021-04-02,Mar-21,Santander US CM (ex-Amherst Pierpont),Stephen L Stanley,850
2021-04-02,Mar-21,Scotiabank,Derek Holt,660
2021-04-02,Mar-21,Societe Generale,Stephen Gallagher,615
2021-04-02,Mar-21,Southbay Research,Andrew Zatlin,637
2021-04-02,Mar-21,Standard Chartered PLC,,750
2021-04-02,Mar-21,Stifel Nicolaus & Co Inc,Lindsey Piegza,500
2021-04-02,Mar-21,TD Securities (USA) LLC,Oscar Munoz,1000
2021-04-02,Mar-21,UBS Securities LLC,Samuel Coffin,664
2021-04-02,Mar-21,UniCredit Bank AG,Daniel Vernazza,650
2021-04-02,Mar-21,University of Maryland,Peter G Morici,480
2021-04-02,Mar-21,Vining Sparks IBG LP,Craig Dismuke,800
2021-04-02,Mar-21,Visa USA Inc,Michael Brown,700
2021-04-02,Mar-21,Wells Fargo Securities LLC,Jay H Bryson,725
2021-04-02,Mar-21,Wrightson ICAP LLC,Crandall/Jordan,500
2021-05-07,Apr-21,4CAST/Continuum Economics,David H Sloan,850
2021-05-07,Apr-21,ABN Amro Bank NV,Bill Diviney,800
2021-05-07,Apr-21,Action Economics LLC,Michael R Englund,850
2021-05-07,Apr-21,Ameriprise Financial Inc,Russell T Price,925
2021-05-07,Apr-21,BBVA Research,Nathaniel Karp,800
2021-05-07,Apr-21,BNP Paribas SA,,1150
2021-05-07,Apr-21,Bank of Montreal,Douglas Porter,1100
2021-05-07,Apr-21,Bank of The West,Scott A Anderson,815
2021-05-07,Apr-21,Banque Pictet & Cie,Thomas Costerg,925
2021-05-07,Apr-21,Bantleon Bank AG,Andreas Busch,1100
2021-05-07,Apr-21,Barclays Capital Inc.,Jonathan Millar,950
2021-05-07,Apr-21,Berliner Sparkasse,Uwe Duerkop,1200
2021-05-07,Apr-21,Bloomberg Economics,,995
2021-05-07,Apr-21,BofA Securities Inc,Michelle Meyer,950
2021-05-07,Apr-21,Briefing.com,,1100
2021-05-07,Apr-21,Canadian Imperial Bank of Commerce,Avery Shenfeld,1200
2021-05-07,Apr-21,Capital Economics Ltd,,1200
2021-05-07,Apr-21,Casa de Bolsa Banorte SA de CV,Katia Goya,950
2021-05-07,Apr-21,Citigroup Inc,,1150
2021-05-07,Apr-21,Comerica Inc,Robert A Dye,850
2021-05-07,Apr-21,Commerzbank AG,Weidensteiner/Balz,850
2021-05-07,Apr-21,Credit Suisse Securities (USA) LLC,James Sweeney,1100
2021-05-07,Apr-21,Cti Capital Securities Inc,Stephan Buu,1160
2021-05-07,Apr-21,Dai-Ichi Life Research Institute Inc,Seiji Katsurahata,908
2021-05-07,Apr-21,Daiwa Capital Mkts,Michael Moran,1000
2021-05-07,Apr-21,Dekabank Deutsche Girozentrale,Besch/Luetje,850
2021-05-07,Apr-21,Desjardins Financial Group,Jean/Genereux,975
2021-05-07,Apr-21,Deutsche Bank Securities Inc,Brett Ryan,1275
2021-05-07,Apr-21,Evercore ISI,Stan Shipley,975
2021-05-07,Apr-21,FHN Financial,Christopher Low,1000
2021-05-07,Apr-21,Fact & Opinion Economics,Robert Brusca,1000
2021-05-07,Apr-21,First Trust Portfolios LP,Stein/Wesbury,990
2021-05-07,Apr-21,Goldman Sachs & Co LLC,,1300
2021-05-07,Apr-21,HSBC Securities (USA) Inc,Ryan Wang,900
2021-05-07,Apr-21,Helaba Frankfurt,Patrick Franke,800
2021-05-07,Apr-21,High Frequency Economics,Rubeela Farooqi,995
2021-05-07,Apr-21,Hugh Johnson Advisors LLC,Hugh A Johnson,925
2021-05-07,Apr-21,ING Financial Markets LLC,James Knightley,1050
2021-05-07,Apr-21,Intesa Sanpaolo Spa,Sergio Capaldi,980
2021-05-07,Apr-21,Investec Bank PLC,Shaw/Clarke,800
2021-05-07,Apr-21,Itau Unibanco SA,,1400
2021-05-07,Apr-21,JP Morgan Securities LLC,Michael E Feroli,1000
2021-05-07,Apr-21,JPMorgan Asset Management Inc,David P Kelly,1100
2021-05-07,Apr-21,Jefferies LLC,Aneta Markowska,2100
2021-05-07,Apr-21,Landesbank Baden-Wuerttemberg,Dirk Chlench,1100
2021-05-07,Apr-21,Lloyds Bank PLC,Rhys Herbert,925
2021-05-07,Apr-21,Market Securities (France) SA,Christophe Barraud,935
2021-05-07,Apr-21,Mizuho Securities USA LLC,Steven R Ricchiuto,900
2021-05-07,Apr-21,Moody's Analytics Inc,Ryan Sweet,900
2021-05-07,Apr-21,Morgan Stanley Group Inc,,1250
2021-05-07,Apr-21,National Bank of Canada Financial Inc,Marion/Paquet,1000
2021-05-07,Apr-21,Nationwide Insurance,David William Berson,1210
2021-05-07,Apr-21,Natixis North America LLC,Troy Ludtka,1224
2021-05-07,Apr-21,Natwest Markets,Kevin Cummins,1250
2021-05-07,Apr-21,Nomura Securities International Inc,Lewis S Alexander,1300
2021-05-07,Apr-21,Nord / LB,Bernd Krampen,950
2021-05-07,Apr-21,Oxford Economics USA Inc,,775
2021-05-07,Apr-21,PNC Finl Services Group INC,Augustine Faucher,900
2021-05-07,Apr-21,Pantheon Macroeconomics Ltd,Ian C Shepherdson,1100
2021-05-07,Apr-21,Paragon Research Ltd,Colm Fitzgerald,1100
2021-05-07,Apr-21,Prestige Economics LLC,Jason M Schenker,700
2021-05-07,Apr-21,Raymond James & Assoc Inc,Scott J Brown,840
2021-05-07,Apr-21,Regions Financial Corp,Richard F Moody,1216
2021-05-07,Apr-21,SMBC Nikko Securities Inc,Yoshimasa Maruyama,830
2021-05-07,Apr-21,Santander US CM (ex-Amherst Pierpont),Stephen L Stanley,965
2021-05-07,Apr-21,Scotiabank,Derek Holt,1300
2021-05-07,Apr-21,Societe Generale,Stephen Gallagher,900
2021-05-07,Apr-21,Southbay Research,Andrew Zatlin,1104
2021-05-07,Apr-21,Standard Chartered PLC,,1500
2021-05-07,Apr-21,TD Securities (USA) LLC,Oscar Munoz,875
2021-05-07,Apr-21,UBS Securities LLC,Samuel Coffin,1020
2021-05-07,Apr-21,University of Maryland,Peter G Morici,875
2021-05-07,Apr-21,Vining Sparks IBG LP,Craig Dismuke,1125
2021-05-07,Apr-21,Visa USA Inc,Michael Brown,1000
2021-05-07,Apr-21,Wells Fargo Securities LLC,Jay H Bryson,1100
2021-05-07,Apr-21,Westpac Banking Corp,,1100
2021-05-07,Apr-21,Wrightson ICAP LLC,Crandall/Jordan,1000
2021-06-04,May-21,4CAST/Continuum Economics,David H Sloan,400
2021-06-04,May-21,ABN Amro Bank NV,Bill Diviney,562
2021-06-04,May-21,Action Economics LLC,Michael R Englund,700
2021-06-04,May-21,Ameriprise Financial Inc,Russell T Price,750
2021-06-04,May-21,BBVA Research,Nathaniel Karp,515
2021-06-04,May-21,BNP Paribas SA,,450
2021-06-04,May-21,Bank of Montreal,Douglas Porter,650
2021-06-04,May-21,Bank of The West,Scott A Anderson,680
2021-06-04,May-21,Banque Pictet & Cie,Thomas Costerg,600
2021-06-04,May-21,Bantleon Bank AG,Andreas Busch,750
2021-06-04,May-21,Barclays Capital Inc.,Jonathan Millar,675
2021-06-04,May-21,Berliner Sparkasse,Uwe Duerkop,400
2021-06-04,May-21,Bloomberg Economics,,850
2021-06-04,May-21,BofA Securities Inc,Michelle Meyer,575
2021-06-04,May-21,Briefing.com,,740
2021-06-04,May-21,Canadian Imperial Bank of Commerce,Avery Shenfeld,575
2021-06-04,May-21,Capital Economics Ltd,,500
2021-06-04,May-21,Casa de Bolsa Banorte SA de CV,Katia Goya,600
2021-06-04,May-21,Citigroup Inc,,760
2021-06-04,May-21,Commerzbank AG,Weidensteiner/Balz,650
2021-06-04,May-21,Credit Suisse Securities (USA) LLC,James Sweeney,600
2021-06-04,May-21,Cti Capital Securities Inc,Stephan Buu,975
2021-06-04,May-21,Dai-Ichi Life Research Institute Inc,Seiji Katsurahata,688
2021-06-04,May-21,Daiwa Capital Mkts,Michael Moran,650
2021-06-04,May-21,Dekabank Deutsche Girozentrale,Besch/Luetje,800
2021-06-04,May-21,Desjardins Financial Group,Jean/Genereux,1000
2021-06-04,May-21,Deutsche Bank Securities Inc,Brett Ryan,800
2021-06-04,May-21,Evercore ISI,Stan Shipley,925
2021-06-04,May-21,FHN Financial,Christopher Low,600
2021-06-04,May-21,Fact & Opinion Economics,Robert Brusca,850
2021-06-04,May-21,First Trust Portfolios LP,Stein/Wesbury,672
2021-06-04,May-21,Goldman Sachs & Co LLC,,750
2021-06-04,May-21,HSBC Securities (USA) Inc,Ryan Wang,550
2021-06-04,May-21,Helaba Frankfurt,Patrick Franke,500
2021-06-04,May-21,High Frequency Economics,Rubeela Farooqi,655
2021-06-04,May-21,Hugh Johnson Advisors LLC,Hugh A Johnson,675
2021-06-04,May-21,ING Financial Markets LLC,James Knightley,500
2021-06-04,May-21,Intesa Sanpaolo Spa,Sergio Capaldi,650
2021-06-04,May-21,Investec Bank PLC,Shaw/Clarke,470
2021-06-04,May-21,Itau Unibanco SA,,450
2021-06-04,May-21,JP Morgan Securities LLC,Michael E Feroli,550
2021-06-04,May-21,Jefferies LLC,Aneta Markowska,450
2021-06-04,May-21,Kennesaw State University,Mikhail I Melnik,350
2021-06-04,May-21,Landesbank Baden-Wuerttemberg,Dirk Chlench,950
2021-06-04,May-21,Lloyds Bank PLC,Rhys Herbert,875
2021-06-04,May-21,Market Securities LLP,Christophe Barraud,730
2021-06-04,May-21,Mizuho Securities USA LLC,Steven R Ricchiuto,500
2021-06-04,May-21,Moody's Analytics Inc,Ryan Sweet,600
2021-06-04,May-21,Morgan Stanley Group Inc,,650
2021-06-04,May-21,National Bank of Canada Financial Inc,Marion/Paquet,900
2021-06-04,May-21,Nationwide Insurance,David William Berson,910
2021-06-04,May-21,Natixis North America LLC,Troy Ludtka,715
2021-06-04,May-21,Natwest Markets,Kevin Cummins,550
2021-06-04,May-21,Nomura Securities International Inc,Lewis S Alexander,700
2021-06-04,May-21,Nord / LB,Bernd Krampen,750
2021-06-04,May-21,Oxford Economics USA Inc,,854
2021-06-04,May-21,PNC Finl Services Group INC,Augustine Faucher,525
2021-06-04,May-21,Pantheon Macroeconomics Ltd,Ian C Shepherdson,550
2021-06-04,May-21,Paragon Research Ltd,Colm Fitzgerald,800
2021-06-04,May-21,Pinebridge Investments LLC,Markus Schomer,750
2021-06-04,May-21,Prestige Economics LLC,Jason M Schenker,335
2021-06-04,May-21,Raymond James & Assoc Inc,Scott J Brown,720
2021-06-04,May-21,Regions Financial Corp,Richard F Moody,693
2021-06-04,May-21,SMBC Nikko Securities Inc,Yoshimasa Maruyama,780
2021-06-04,May-21,Santander US CM (ex-Amherst Pierpont),Stephen L Stanley,700
2021-06-04,May-21,Scotiabank,Derek Holt,500
2021-06-04,May-21,Societe Generale,Stephen Gallagher,750
2021-06-04,May-21,Southbay Research,Andrew Zatlin,574
2021-06-04,May-21,Standard Chartered PLC,,800
2021-06-04,May-21,Stifel Nicolaus & Co Inc,Lindsey Piegza,600
2021-06-04,May-21,TD Securities (USA) LLC,Oscar Munoz,500
2021-06-04,May-21,UBS Securities LLC,Samuel Coffin,810
2021-06-04,May-21,UniCredit Group,Daniel Vernazza,600
2021-06-04,May-21,University of Maryland,Peter G Morici,750
2021-06-04,May-21,Vining Sparks IBG LP,Craig Dismuke,845
2021-06-04,May-21,Visa USA Inc,Michael Brown,750
2021-06-04,May-21,Wells Fargo Securities LLC,Jay H Bryson,700
2021-06-04,May-21,Westpac Banking Corp,,800
2021-06-04,May-21,Wrightson ICAP LLC,Crandall/Jordan,500
2021-07-02,Jun-21,4CAST/Continuum Economics,David H Sloan,730
2021-07-02,Jun-21,ABN Amro Bank NV,Bill Diviney,600
2021-07-02,Jun-21,Action Economics LLC,Michael R Englund,550
2021-07-02,Jun-21,Ameriprise Financial Inc,Russell T Price,750
2021-07-02,Jun-21,BNP Paribas SA,,625
2021-07-02,Jun-21,Bank of Montreal,Douglas Porter,550
2021-07-02,Jun-21,Bank of The West,Scott A Anderson,580
2021-07-02,Jun-21,Banque Pictet & Cie,Thomas Costerg,950
2021-07-02,Jun-21,Bantleon Bank AG,Andreas Busch,740
2021-07-02,Jun-21,Barclays Capital Inc.,Jonathan Millar,625
2021-07-02,Jun-21,Bayerische Landesbank,Charlotte Heck-Parsch,400
2021-07-02,Jun-21,Berliner Sparkasse,Uwe Duerkop,400
2021-07-02,Jun-21,Bloomberg Economics,,800
2021-07-02,Jun-21,BofA Securities Inc,Michelle Meyer,800
2021-07-02,Jun-21,Briefing.com,,725
2021-07-02,Jun-21,Canadian Imperial Bank of Commerce,Avery Shenfeld,785
2021-07-02,Jun-21,Capital Economics Ltd,,500
2021-07-02,Jun-21,Casa de Bolsa Banorte SA de CV,Katia Goya,640
2021-07-02,Jun-21,Citigroup Inc,,860
2021-07-02,Jun-21,Comerica Inc,Robert A Dye,600
2021-07-02,Jun-21,Credit Suisse Securities (USA) LLC,James Sweeney,700
2021-07-02,Jun-21,Cti Capital Securities Inc,Stephan Buu,883
2021-07-02,Jun-21,Dai-Ichi Life Research Institute Inc,Seiji Katsurahata,528
2021-07-02,Jun-21,Daiwa Capital Mkts,Michael Moran,800
2021-07-02,Jun-21,Dekabank Deutsche Girozentrale,Besch/Luetje,800
2021-07-02,Jun-21,Desjardins Financial Group,Jean/Genereux,725
2021-07-02,Jun-21,Deutsche Bank Securities Inc,Brett Ryan,700
2021-07-02,Jun-21,Evercore ISI,Stan Shipley,750
2021-07-02,Jun-21,FHN Financial,Christopher Low,650
2021-07-02,Jun-21,Fact & Opinion Economics,Robert Brusca,700
2021-07-02,Jun-21,First Trust Portfolios LP,Stein/Wesbury,720
2021-07-02,Jun-21,Goldman Sachs & Co LLC,,750
2021-07-02,Jun-21,HSBC Securities (USA) Inc,Ryan Wang,675
2021-07-02,Jun-21,Helaba Frankfurt,Patrick Franke,600
2021-07-02,Jun-21,High Frequency Economics,Rubeela Farooqi,780
2021-07-02,Jun-21,ING Financial Markets LLC,James Knightley,550
2021-07-02,Jun-21,Intesa Sanpaolo Spa,Sergio Capaldi,580
2021-07-02,Jun-21,Itau Unibanco SA,,650
2021-07-02,Jun-21,JP Morgan Securities LLC,Michael E Feroli,800
2021-07-02,Jun-21,JPMorgan Asset Management Inc,David P Kelly,594
2021-07-02,Jun-21,Jefferies LLC,Aneta Markowska,800
2021-07-02,Jun-21,Landesbank Baden-Wuerttemberg,Dirk Chlench,1000
2021-07-02,Jun-21,Lloyds Bank PLC,Rhys Herbert,800
2021-07-02,Jun-21,Market Securities LLP,Christophe Barraud,740
2021-07-02,Jun-21,Mizuho Securities USA LLC,Steven R Ricchiuto,700
2021-07-02,Jun-21,Moody's Analytics Inc,Ryan Sweet,750
2021-07-02,Jun-21,Morgan Stanley Group Inc,,620
2021-07-02,Jun-21,National Bank of Canada Financial Inc,Marion/Paquet,800
2021-07-02,Jun-21,Nationwide Insurance,David William Berson,870
2021-07-02,Jun-21,Natixis North America LLC,Troy Ludtka,644
2021-07-02,Jun-21,Natwest Markets,Kevin Cummins,800
2021-07-02,Jun-21,Nomura Securities International Inc,,720
2021-07-02,Jun-21,Nord / LB,Bernd Krampen,650
2021-07-02,Jun-21,Oxford Economics USA Inc,,826
2021-07-02,Jun-21,PNC Finl Services Group INC,Augustine Faucher,600
2021-07-02,Jun-21,Pantheon Macroeconomics Ltd,Ian C Shepherdson,1050
2021-07-02,Jun-21,Paragon Research Ltd,Colm Fitzgerald,800
2021-07-02,Jun-21,Pinebridge Investments LLC,Markus Schomer,800
2021-07-02,Jun-21,Prestige Economics LLC,Jason M Schenker,495
2021-07-02,Jun-21,Raymond James & Assoc Inc,Scott J Brown,550
2021-07-02,Jun-21,Regions Financial Corp,Richard F Moody,721
2021-07-02,Jun-21,Santander US CM (ex-Amherst Pierpont),Stephen L Stanley,690
2021-07-02,Jun-21,Scotiabank,Derek Holt,700
2021-07-02,Jun-21,Societe Generale,Stephen Gallagher,730
2021-07-02,Jun-21,Southbay Research,Andrew Zatlin,557
2021-07-02,Jun-21,Standard Chartered PLC,,675
2021-07-02,Jun-21,TD Securities (USA) LLC,Oscar Munoz,800
2021-07-02,Jun-21,UBS Securities LLC,Samuel Coffin,711
2021-07-02,Jun-21,UniCredit Group,Daniel Vernazza,750
2021-07-02,Jun-21,University of Maryland,Peter G Morici,520
2021-07-02,Jun-21,Vining Sparks IBG LP,Craig Dismuke,900
2021-07-02,Jun-21,Visa USA Inc,Michael Brown,600
2021-07-02,Jun-21,Wells Fargo Securities LLC,Jay H Bryson,750
2021-07-02,Jun-21,Westpac Banking Corp,,750
2021-07-02,Jun-21,Wrightson ICAP LLC,Crandall/Jordan,750
2021-08-06,Jul-21,4CAST/Continuum Economics,David H Sloan,950
2021-08-06,Jul-21,Action Economics LLC,Michael R Englund,600
2021-08-06,Jul-21,Ameriprise Financial Inc,Russell T Price,850
2021-08-06,Jul-21,BNP Paribas SA,,1000
2021-08-06,Jul-21,Bank of Montreal,Douglas Porter,675
2021-08-06,Jul-21,Bank of The West,Scott A Anderson,640
2021-08-06,Jul-21,Banque Pictet & Cie,Thomas Costerg,1050
2021-08-06,Jul-21,Bantleon Bank AG,Andreas Busch,880
2021-08-06,Jul-21,Barclays Capital Inc.,Jonathan Millar,750
2021-08-06,Jul-21,Berliner Sparkasse,Uwe Duerkop,350
2021-08-06,Jul-21,Bloomberg Economics,,950
2021-08-06,Jul-21,BofA Securities Inc,Michelle Meyer,750
2021-08-06,Jul-21,Briefing.com,,900
2021-08-06,Jul-21,Canadian Imperial Bank of Commerce,Avery Shenfeld,1010
2021-08-06,Jul-21,Casa de Bolsa Banorte SA de CV,Katia Goya,950
2021-08-06,Jul-21,Citigroup Inc,,1150
2021-08-06,Jul-21,Credit Suisse Securities (USA) LLC,James Sweeney,1100
2021-08-06,Jul-21,Cti Capital Securities Inc,Stephan Buu,525
2021-08-06,Jul-21,Dai-Ichi Life Research Institute Inc,Seiji Katsurahata,784
2021-08-06,Jul-21,Daiwa Capital Mkts,Michael Moran,750
2021-08-06,Jul-21,Desjardins Financial Group,Jean/Genereux,750
2021-08-06,Jul-21,Deutsche Bank Securities Inc,Brett Ryan,1000
2021-08-06,Jul-21,Evercore ISI,Stan Shipley,550
2021-08-06,Jul-21,FHN Financial,Christopher Low,950
2021-08-06,Jul-21,Fact & Opinion Economics,Robert Brusca,700
2021-08-06,Jul-21,First Trust Portfolios LP,Stein/Wesbury,833
2021-08-06,Jul-21,Goldman Sachs & Co LLC,,1150
2021-08-06,Jul-21,HSBC Securities (USA) Inc,Ryan Wang,900
2021-08-06,Jul-21,Helaba Frankfurt,Patrick Franke,750
2021-08-06,Jul-21,High Frequency Economics,Rubeela Farooqi,875
2021-08-06,Jul-21,Hugh Johnson Advisors LLC,Hugh A Johnson,838
2021-08-06,Jul-21,ING Financial Markets LLC,James Knightley,900
2021-08-06,Jul-21,Itau Unibanco SA,,800
2021-08-06,Jul-21,JP Morgan Securities LLC,Michael E Feroli,900
2021-08-06,Jul-21,JPMorgan Asset Management Inc,David P Kelly,779
2021-08-06,Jul-21,Jefferies LLC,Aneta Markowska,1200
2021-08-06,Jul-21,Landesbank Baden-Wuerttemberg,Dirk Chlench,900
2021-08-06,Jul-21,Lloyds Bank PLC,Rhys Herbert,950
2021-08-06,Jul-21,Market Securities LLP,Christophe Barraud,930
2021-08-06,Jul-21,Mizuho Securities USA LLC,Steven R Ricchiuto,775
2021-08-06,Jul-21,Moody's Analytics Inc,Ryan Sweet,1150
2021-08-06,Jul-21,Morgan Stanley Group Inc,,1025
2021-08-06,Jul-21,National Bank of Canada Financial Inc,Marion/Paquet,750
2021-08-06,Jul-21,Nationwide Insurance,David William Berson,720
2021-08-06,Jul-21,Natixis North America LLC,Troy Ludtka,801
2021-08-06,Jul-21,Natwest Markets,Kevin Cummins,700
2021-08-06,Jul-21,Nomura Securities International Inc,,1050
2021-08-06,Jul-21,Nord / LB,Bernd Krampen,850
2021-08-06,Jul-21,Oxford Economics USA Inc,,1024
2021-08-06,Jul-21,PNC Finl Services Group INC,Augustine Faucher,700
2021-08-06,Jul-21,Pantheon Macroeconomics Ltd,Ian C Shepherdson,750
2021-08-06,Jul-21,Paragon Research Ltd,Colm Fitzgerald,750
2021-08-06,Jul-21,Pinebridge Investments LLC,Markus Schomer,850
2021-08-06,Jul-21,Prestige Economics LLC,Jason M Schenker,750
2021-08-06,Jul-21,Raymond James & Assoc Inc,Scott J Brown,650
2021-08-06,Jul-21,Regions Financial Corp,Richard F Moody,936
2021-08-06,Jul-21,SMBC Nikko Securities Inc,Yoshimasa Maruyama,960
2021-08-06,Jul-21,Santander US CM (ex-Amherst Pierpont),Stephen L Stanley,1015
2021-08-06,Jul-21,Scotiabank,Derek Holt,800
2021-08-06,Jul-21,Societe Generale,Stephen Gallagher,825
2021-08-06,Jul-21,Southbay Research,Andrew Zatlin,703
2021-08-06,Jul-21,Standard Chartered PLC,,915
2021-08-06,Jul-21,Stifel Nicolaus & Co Inc,Lindsey Piegza,900
2021-08-06,Jul-21,TD Securities (USA) LLC,Oscar Munoz,1000
2021-08-06,Jul-21,UBS Securities LLC,Samuel Coffin,953
2021-08-06,Jul-21,UniCredit Group,Daniel Vernazza,800
2021-08-06,Jul-21,University of Maryland,Peter G Morici,700
2021-08-06,Jul-21,Vining Sparks IBG LP,Craig Dismuke,950
2021-08-06,Jul-21,Visa USA Inc,Michael Brown,900
2021-08-06,Jul-21,Wells Fargo Securities LLC,Jay H Bryson,865
2021-08-06,Jul-21,Westpac Banking Corp,,875
2021-08-06,Jul-21,Wrightson ICAP LLC,Crandall/Jordan,900
2021-09-03,Aug-21,4CAST/Continuum Economics,David H Sloan,500
2021-09-03,Aug-21,Action Economics LLC,Michael R Englund,800
2021-09-03,Aug-21,BNP Paribas SA,,775
2021-09-03,Aug-21,Bank of Montreal,Douglas Porter,750
2021-09-03,Aug-21,Bank of The West,Scott A Anderson,665
2021-09-03,Aug-21,Banque Pictet & Cie,Thomas Costerg,575
2021-09-03,Aug-21,Bantleon Bank AG,Andreas Busch,750
2021-09-03,Aug-21,Barclays Capital Inc.,Jonathan Millar,850
2021-09-03,Aug-21,Berliner Sparkasse,Uwe Duerkop,750
2021-09-03,Aug-21,Bloomberg Economics,,725
2021-09-03,Aug-21,BofA Securities Inc,Michelle Meyer,600
2021-09-03,Aug-21,Briefing.com,,800
2021-09-03,Aug-21,Canadian Imperial Bank of Commerce,Avery Shenfeld,800
2021-09-03,Aug-21,Capital Economics Ltd,,750
2021-09-03,Aug-21,Casa de Bolsa Banorte SA de CV,Katia Goya,900
2021-09-03,Aug-21,Citigroup Inc,,850
2021-09-03,Aug-21,Comerica Inc,Robert A Dye,700
2021-09-03,Aug-21,Credit Suisse Securities (USA) LLC,James Sweeney,850
2021-09-03,Aug-21,Cti Capital Securities Inc,Stephan Buu,975
2021-09-03,Aug-21,Dai-Ichi Life Research Institute Inc,Seiji Katsurahata,748
2021-09-03,Aug-21,Daiwa Capital Mkts,Michael Moran,750
2021-09-03,Aug-21,Danske Bank A/S,Mikael Olai Milhoj,850
2021-09-03,Aug-21,Dekabank Deutsche Girozentrale,Besch/Luetje,550
2021-09-03,Aug-21,Desjardins Financial Group,Jean/Genereux,725
2021-09-03,Aug-21,Deutsche Bank Securities Inc,Brett Ryan,750
2021-09-03,Aug-21,Evercore ISI,Stan Shipley,800
2021-09-03,Aug-21,FHN Financial,Christopher Low,750
2021-09-03,Aug-21,First Trust Portfolios LP,Stein/Wesbury,710
2021-09-03,Aug-21,Goldman Sachs & Co LLC,,500
2021-09-03,Aug-21,Graypoint LLC,Hugh A Johnson,900
2021-09-03,Aug-21,Helaba Frankfurt,Patrick Franke,750
2021-09-03,Aug-21,High Frequency Economics,Rubeela Farooqi,740
2021-09-03,Aug-21,Intesa Sanpaolo Spa,Sergio Capaldi,800
2021-09-03,Aug-21,Investec Bank PLC,Shaw/Clarke,725
2021-09-03,Aug-21,Itau Unibanco SA,,700
2021-09-03,Aug-21,JP Morgan Securities LLC,Michael E Feroli,625
2021-09-03,Aug-21,Jefferies LLC,Aneta Markowska,570
2021-09-03,Aug-21,Landesbank Baden-Wuerttemberg,Dirk Chlench,450
2021-09-03,Aug-21,Lloyds Bank PLC,Rhys Herbert,810
2021-09-03,Aug-21,Market Securities LLP,Christophe Barraud,625
2021-09-03,Aug-21,Mizuho Securities USA LLC,Steven R Ricchiuto,850
2021-09-03,Aug-21,Moody's Analytics Inc,Ryan Sweet,500
2021-09-03,Aug-21,Morgan Stanley Group Inc,,725
2021-09-03,Aug-21,National Bank of Canada Financial Inc,Marion/Paquet,800
2021-09-03,Aug-21,Nationwide Insurance,David William Berson,810
2021-09-03,Aug-21,Natixis North America LLC,Troy Ludtka,787
2021-09-03,Aug-21,Natwest Markets,Kevin Cummins,525
2021-09-03,Aug-21,Nomura Securities International Inc,,690
2021-09-03,Aug-21,Oxford Economics USA Inc,,674
2021-09-03,Aug-21,PNC Finl Services Group INC,Augustine Faucher,585
2021-09-03,Aug-21,Pantheon Macroeconomics Ltd,Ian C Shepherdson,400
2021-09-03,Aug-21,Paragon Research Ltd,Colm Fitzgerald,400
2021-09-03,Aug-21,Prestige Economics LLC,Jason M Schenker,1000
2021-09-03,Aug-21,Raymond James & Assoc Inc,Scott J Brown,570
2021-09-03,Aug-21,Regions Financial Corp,Richard F Moody,521
2021-09-03,Aug-21,SMBC Nikko Securities Inc,Yoshimasa Maruyama,600
2021-09-03,Aug-21,Santander US CM (ex-Amherst Pierpont),Stephen L Stanley,950
2021-09-03,Aug-21,Scotiabank,Derek Holt,625
2021-09-03,Aug-21,Societe Generale,Stephen Gallagher,690
2021-09-03,Aug-21,Southbay Research,Andrew Zatlin,685
2021-09-03,Aug-21,Standard Chartered PLC,,500
2021-09-03,Aug-21,Stifel Nicolaus & Co Inc,Lindsey Piegza,700
2021-09-03,Aug-21,TD Securities (USA) LLC,Oscar Munoz,400
2021-09-03,Aug-21,UBS Securities LLC,Samuel Coffin,1000
2021-09-03,Aug-21,University of Maryland,Peter G Morici,800
2021-09-03,Aug-21,Vining Sparks IBG LP,Craig Dismuke,759
2021-09-03,Aug-21,Visa USA Inc,Michael Brown,610
2021-09-03,Aug-21,Wells Fargo Securities LLC,Jay H Bryson,750
2021-09-03,Aug-21,Westpac Banking Corp,,850
2021-09-03,Aug-21,Wrightson ICAP LLC,Crandall/Jordan,500
2021-10-08,Sep-21,4CAST/Continuum Economics,David H Sloan,400
2021-10-08,Sep-21,Action Economics LLC,Michael R Englund,400
2021-10-08,Sep-21,Ameriprise Financial Inc,Russell T Price,500
2021-10-08,Sep-21,Bank of Montreal,Douglas Porter,400
2021-10-08,Sep-21,Bank of The West,Scott A Anderson,400
2021-10-08,Sep-21,Banque Pictet & Cie,Thomas Costerg,0
2021-10-08,Sep-21,Barclays Capital Inc.,Jonathan Millar,475
2021-10-08,Sep-21,Berliner Sparkasse,Uwe Duerkop,550
2021-10-08,Sep-21,Bloomberg Economics,,750
2021-10-08,Sep-21,BofA Securities Inc,Michelle Meyer,325
2021-10-08,Sep-21,Briefing.com,,420
2021-10-08,Sep-21,Canadian Imperial Bank of Commerce,Avery Shenfeld,420
2021-10-08,Sep-21,Capital Economics Ltd,,500
2021-10-08,Sep-21,Casa de Bolsa Banorte SA de CV,Katia Goya,550
2021-10-08,Sep-21,Citigroup Inc,,560
2021-10-08,Sep-21,Comerica Inc,Robert A Dye,375
2021-10-08,Sep-21,Cti Capital Securities Inc,Stephan Buu,335
2021-10-08,Sep-21,Dai-Ichi Life Research Institute Inc,Seiji Katsurahata,682
2021-10-08,Sep-21,Daiwa Capital Mkts,Michael Moran,400
2021-10-08,Sep-21,Dekabank Deutsche Girozentrale,Besch/Luetje,300
2021-10-08,Sep-21,Desjardins Financial Group,Jean/Genereux,600
2021-10-08,Sep-21,Deutsche Bank Securities Inc,Brett Ryan,550
2021-10-08,Sep-21,Evercore ISI,Stan Shipley,600
2021-10-08,Sep-21,FHN Financial,Christopher Low,400
2021-10-08,Sep-21,First Trust Portfolios LP,Stein/Wesbury,550
2021-10-08,Sep-21,Goldman Sachs & Co LLC,,600
2021-10-08,Sep-21,HSBC Securities (USA) Inc,Ryan Wang,525
2021-10-08,Sep-21,Helaba Frankfurt,Patrick Franke,500
2021-10-08,Sep-21,High Frequency Economics,Rubeela Farooqi,520
2021-10-08,Sep-21,ING Financial Markets LLC,James Knightley,470
2021-10-08,Sep-21,Intesa Sanpaolo Spa,Sergio Capaldi,450
2021-10-08,Sep-21,Investec Bank PLC,Shaw/Clarke,525
2021-10-08,Sep-21,Itau Unibanco SA,,450
2021-10-08,Sep-21,JP Morgan Securities LLC,Michael E Feroli,575
2021-10-08,Sep-21,JPMorgan Asset Management Inc,David P Kelly,513
2021-10-08,Sep-21,Jefferies LLC,Aneta Markowska,300
2021-10-08,Sep-21,Landesbank Baden-Wuerttemberg,Dirk Chlench,400
2021-10-08,Sep-21,Lloyds Bank PLC,Rhys Herbert,550
2021-10-08,Sep-21,Market Securities LLP,Christophe Barraud,525
2021-10-08,Sep-21,Mizuho Securities USA LLC,Steven R Ricchiuto,450
2021-10-08,Sep-21,Moody's Analytics Inc,Ryan Sweet,475
2021-10-08,Sep-21,Morgan Stanley Group Inc,,700
2021-10-08,Sep-21,National Bank of Canada Financial Inc,Marion/Paquet,540
2021-10-08,Sep-21,Nationwide Insurance,David William Berson,570
2021-10-08,Sep-21,Natixis North America LLC,Troy Ludtka,403
2021-10-08,Sep-21,Natwest Markets,Kevin Cummins,400
2021-10-08,Sep-21,Nomura Securities International Inc,,400
2021-10-08,Sep-21,Nord / LB,Bernd Krampen,450
2021-10-08,Sep-21,Oxford Economics USA Inc,,384
2021-10-08,Sep-21,PNC Finl Services Group INC,Augustine Faucher,400
2021-10-08,Sep-21,Pantheon Macroeconomics Ltd,Ian C Shepherdson,600
2021-10-08,Sep-21,Paragon Research Ltd,Colm Fitzgerald,450
2021-10-08,Sep-21,Pinebridge Investments LLC,Markus Schomer,500
2021-10-08,Sep-21,Prestige Economics LLC,Jason M Schenker,200
2021-10-08,Sep-21,Raymond James & Assoc Inc,Scott J Brown,440
2021-10-08,Sep-21,Regions Financial Corp,Richard F Moody,536
2021-10-08,Sep-21,SMBC Nikko Securities Inc,Yoshimasa Maruyama,400
2021-10-08,Sep-21,Santander US CM (ex-Amherst Pierpont),Stephen L Stanley,590
2021-10-08,Sep-21,Scotiabank,Derek Holt,250
2021-10-08,Sep-21,Societe Generale,Stephen Gallagher,470
2021-10-08,Sep-21,Southbay Research,Andrew Zatlin,312
2021-10-08,Sep-21,Standard Chartered PLC,,500
2021-10-08,Sep-21,Stifel Nicolaus & Co Inc,Lindsey Piegza,500
2021-10-08,Sep-21,TD Securities (USA) LLC,Oscar Munoz,525
2021-10-08,Sep-21,UBS Securities LLC,Samuel Coffin,635
2021-10-08,Sep-21,UniCredit Group,Daniel Vernazza,600
2021-10-08,Sep-21,University of Maryland,Peter G Morici,525
2021-10-08,Sep-21,Vining Sparks IBG LP,Craig Dismuke,600
2021-10-08,Sep-21,Visa USA Inc,Michael Brown,450
2021-10-08,Sep-21,Wells Fargo Securities LLC,Jay H Bryson,535
2021-10-08,Sep-21,Wrightson ICAP LLC,Crandall/Jordan,500
2021-11-05,Oct-21,4CAST/Continuum Economics,David H Sloan,500
2021-11-05,Oct-21,ABN Amro Bank NV,Bill Diviney,500
2021-11-05,Oct-21,Action Economics LLC,Michael R Englund,380
2021-11-05,Oct-21,Ameriprise Financial Inc,Russell T Price,475
2021-11-05,Oct-21,BNP Paribas SA,,450
2021-11-05,Oct-21,Bank of Montreal,Douglas Porter,450
2021-11-05,Oct-21,Bank of The West,Scott A Anderson,450
2021-11-05,Oct-21,Banque Pictet & Cie,Thomas Costerg,250
2021-11-05,Oct-21,Bantleon Bank AG,Andreas Busch,480
2021-11-05,Oct-21,Barclays Capital Inc.,Jonathan Millar,450
2021-11-05,Oct-21,Berliner Sparkasse,Uwe Duerkop,300
2021-11-05,Oct-21,Bloomberg Economics,,450
2021-11-05,Oct-21,BofA Securities Inc,Michelle Meyer,450
2021-11-05,Oct-21,Briefing.com,,450
2021-11-05,Oct-21,Canadian Imperial Bank of Commerce,Avery Shenfeld,485
2021-11-05,Oct-21,Capital Economics Ltd,,300
2021-11-05,Oct-21,Casa de Bolsa Banorte SA de CV,Katia Goya,350
2021-11-05,Oct-21,Citigroup Inc,,410
2021-11-05,Oct-21,Comerica Inc,Robert A Dye,325
2021-11-05,Oct-21,Credit Suisse Securities (USA) LLC,James Sweeney,350
2021-11-05,Oct-21,Cti Capital Securities Inc,Stephan Buu,300
2021-11-05,Oct-21,Dai-Ichi Life Research Institute Inc,Seiji Katsurahata,386
2021-11-05,Oct-21,Daiwa Capital Mkts,Michael Moran,500
2021-11-05,Oct-21,Dekabank Deutsche Girozentrale,Besch/Luetje,400
2021-11-05,Oct-21,Desjardins Financial Group,Jean/Genereux,350
2021-11-05,Oct-21,Deutsche Bank Securities Inc,Brett Ryan,400
2021-11-05,Oct-21,Evercore ISI,Stan Shipley,500
2021-11-05,Oct-21,FHN Financial,Christopher Low,650
2021-11-05,Oct-21,First Trust Portfolios LP,Stein/Wesbury,455
2021-11-05,Oct-21,Goldman Sachs & Co LLC,,525
2021-11-05,Oct-21,HSBC Securities (USA) Inc,Ryan Wang,400
2021-11-05,Oct-21,Helaba Frankfurt,Patrick Franke,400
2021-11-05,Oct-21,High Frequency Economics,Rubeela Farooqi,450
2021-11-05,Oct-21,ING Financial Markets LLC,James Knightley,450
2021-11-05,Oct-21,Intesa Sanpaolo Spa,Sergio Capaldi,400
2021-11-05,Oct-21,Investec Bank PLC,Shaw/Clarke,605
2021-11-05,Oct-21,Itau Unibanco SA,,500
2021-11-05,Oct-21,JP Morgan Securities LLC,Michael E Feroli,450
2021-11-05,Oct-21,JPMorgan Asset Management Inc,David P Kelly,497
2021-11-05,Oct-21,Jefferies LLC,Aneta Markowska,525
2021-11-05,Oct-21,Landesbank Baden-Wuerttemberg,Dirk Chlench,700
2021-11-05,Oct-21,Lloyds Bank PLC,Rhys Herbert,520
2021-11-05,Oct-21,Market Securities LLP,Christophe Barraud,480
2021-11-05,Oct-21,Mizuho Securities USA LLC,Steven R Ricchiuto,350
2021-11-05,Oct-21,Moody's Analytics Inc,Ryan Sweet,525
2021-11-05,Oct-21,Morgan Stanley Group Inc,,460
2021-11-05,Oct-21,National Bank of Canada Financial Inc,Marion/Paquet,350
2021-11-05,Oct-21,Nationwide Insurance,David William Berson,620
2021-11-05,Oct-21,Natixis North America LLC,Troy Ludtka,508
2021-11-05,Oct-21,Natwest Markets,Kevin Cummins,350
2021-11-05,Oct-21,Nomura Securities International Inc,,650
2021-11-05,Oct-21,Nord / LB,Bernd Krampen,290
2021-11-05,Oct-21,Oxford Economics USA Inc,,427
2021-11-05,Oct-21,PNC Finl Services Group INC,Augustine Faucher,475
2021-11-05,Oct-21,Pantheon Macroeconomics Ltd,Ian C Shepherdson,525
2021-11-05,Oct-21,Paragon Research Ltd,Colm Fitzgerald,540
2021-11-05,Oct-21,Prestige Economics LLC,Jason M Schenker,325
2021-11-05,Oct-21,Raymond James & Assoc Inc,Scott J Brown,350
2021-11-05,Oct-21,Regions Financial Corp,Richard F Moody,503
2021-11-05,Oct-21,SMBC Nikko Securities Inc,Yoshimasa Maruyama,400
2021-11-05,Oct-21,Santander US CM (ex-Amherst Pierpont),Stephen L Stanley,650
2021-11-05,Oct-21,Scotiabank,Derek Holt,675
2021-11-05,Oct-21,Societe Generale,Stephen Gallagher,520
2021-11-05,Oct-21,Southbay Research,Andrew Zatlin,519
2021-11-05,Oct-21,Standard Chartered PLC,,650
2021-11-05,Oct-21,Stifel Nicolaus & Co Inc,Lindsey Piegza,375
2021-11-05,Oct-21,TD Securities (USA) LLC,Oscar Munoz,550
2021-11-05,Oct-21,UBS Securities LLC,Samuel Coffin,355
2021-11-05,Oct-21,UniCredit Group,Daniel Vernazza,400
2021-11-05,Oct-21,University of Maryland,Peter G Morici,390
2021-11-05,Oct-21,Vining Sparks IBG LP,Craig Dismuke,490
2021-11-05,Oct-21,Visa USA Inc,Michael Brown,325
2021-11-05,Oct-21,Wells Fargo Securities LLC,Jay H Bryson,390
2021-11-05,Oct-21,Westpac Banking Corp,,500
2021-11-05,Oct-21,Wrightson ICAP LLC,Crandall/Jordan,300
2021-12-03,Nov-21,4CAST/Continuum Economics,David H Sloan,490
2021-12-03,Nov-21,ABN Amro Bank NV,Bill Diviney,500
2021-12-03,Nov-21,Action Economics LLC,Michael R Englund,440
2021-12-03,Nov-21,Ameriprise Financial Inc,Russell T Price,600
2021-12-03,Nov-21,BNP Paribas SA,,625
2021-12-03,Nov-21,Bank of Montreal,Douglas Porter,450
2021-12-03,Nov-21,Bank of The West,Scott A Anderson,500
2021-12-03,Nov-21,Banque Pictet & Cie,Thomas Costerg,390
2021-12-03,Nov-21,Bantleon Bank AG,Andreas Busch,570
2021-12-03,Nov-21,Barclays Capital Inc.,Jonathan Millar,500
2021-12-03,Nov-21,Berliner Sparkasse,Uwe Duerkop,375
2021-12-03,Nov-21,Bloomberg Economics,,700
2021-12-03,Nov-21,BofA Securities Inc,Michelle Meyer,450
2021-12-03,Nov-21,Briefing.com,,545
2021-12-03,Nov-21,Canadian Imperial Bank of Commerce,Avery Shenfeld,550
2021-12-03,Nov-21,Capital Economics Ltd,,500
2021-12-03,Nov-21,Casa de Bolsa Banorte SA de CV,Katia Goya,510
2021-12-03,Nov-21,Citigroup Inc,,450
2021-12-03,Nov-21,Credit Agricole CIB,Perrin/Van Ness,600
2021-12-03,Nov-21,Credit Suisse Securities (USA) LLC,James Sweeney,500
2021-12-03,Nov-21,Cti Capital Securities Inc,Stephan Buu,456
2021-12-03,Nov-21,Dai-Ichi Life Research Institute Inc,Seiji Katsurahata,498
2021-12-03,Nov-21,Daiwa Capital Mkts,Michael Moran,600
2021-12-03,Nov-21,Danske Bank A/S,Mikael Olai Milhoj,500
2021-12-03,Nov-21,Dekabank Deutsche Girozentrale,Besch/Luetje,530
2021-12-03,Nov-21,Desjardins Financial Group,Jean/Genereux,560
2021-12-03,Nov-21,Deutsche Bank Securities Inc,Brett Ryan,600
2021-12-03,Nov-21,Evercore ISI,Stan Shipley,600
2021-12-03,Nov-21,First Trust Portfolios LP,Stein/Wesbury,545
2021-12-03,Nov-21,Goldman Sachs & Co LLC,,550
2021-12-03,Nov-21,Graypoint LLC,Hugh A Johnson,629
2021-12-03,Nov-21,HSBC Securities (USA) Inc,Ryan Wang,550
2021-12-03,Nov-21,Helaba Frankfurt,Patrick Franke,500
2021-12-03,Nov-21,High Frequency Economics,Rubeela Farooqi,605
2021-12-03,Nov-21,ING Financial Markets LLC,James Knightley,550
2021-12-03,Nov-21,Intesa Sanpaolo Spa,Sergio Capaldi,540
2021-12-03,Nov-21,Investec Bank PLC,Shaw/Clarke,515
2021-12-03,Nov-21,Itau Unibanco SA,,450
2021-12-03,Nov-21,JP Morgan Securities LLC,Michael E Feroli,550
2021-12-03,Nov-21,JPMorgan Asset Management Inc,David P Kelly,566
2021-12-03,Nov-21,Jefferies LLC,Aneta Markowska,800
2021-12-03,Nov-21,Jobdig Inc,Toby Dayton,380
2021-12-03,Nov-21,Landesbank Baden-Wuerttemberg,Dirk Chlench,625
2021-12-03,Nov-21,Lloyds Bank PLC,Rhys Herbert,560
2021-12-03,Nov-21,Market Securities LLP,Christophe Barraud,575
2021-12-03,Nov-21,Mizuho Securities USA LLC,Steven R Ricchiuto,600
2021-12-03,Nov-21,Moody's Analytics Inc,Ryan Sweet,620
2021-12-03,Nov-21,Morgan Stanley Group Inc,,560
2021-12-03,Nov-21,National Bank of Canada Financial Inc,Marion/Paquet,475
2021-12-03,Nov-21,Natixis North America LLC,Troy Ludtka,497
2021-12-03,Nov-21,Natwest Markets,Kevin Cummins,550
2021-12-03,Nov-21,Nomura Securities International Inc,,640
2021-12-03,Nov-21,Nord / LB,Bernd Krampen,525
2021-12-03,Nov-21,Oxford Economics USA Inc,,596
2021-12-03,Nov-21,PNC Finl Services Group INC,Augustine Faucher,575
2021-12-03,Nov-21,Pantheon Macroeconomics Ltd,Ian C Shepherdson,550
2021-12-03,Nov-21,Paragon Research Ltd,Colm Fitzgerald,546
2021-12-03,Nov-21,Prestige Economics LLC,Jason M Schenker,630
2021-12-03,Nov-21,Raymond James & Assoc Inc,Scott J Brown,460
2021-12-03,Nov-21,Regions Financial Corp,Richard F Moody,662
2021-12-03,Nov-21,SMBC Nikko Securities Inc,Yoshimasa Maruyama,550
2021-12-03,Nov-21,Santander US CM (ex-Amherst Pierpont),Stephen L Stanley,615
2021-12-03,Nov-21,Scotiabank,Derek Holt,450
2021-12-03,Nov-21,Societe Generale,Stephen Gallagher,515
2021-12-03,Nov-21,Southbay Research,Andrew Zatlin,498
2021-12-03,Nov-21,Standard Chartered PLC,,650
2021-12-03,Nov-21,Stifel Nicolaus & Co Inc,Lindsey Piegza,480
2021-12-03,Nov-21,TD Securities (USA) LLC,Oscar Munoz,650
2021-12-03,Nov-21,UBS Securities LLC,Samuel Coffin,500
2021-12-03,Nov-21,UniCredit Group,Daniel Vernazza,550
2021-12-03,Nov-21,University of Maryland,Peter G Morici,480
2021-12-03,Nov-21,Vining Sparks IBG LP,Craig Dismuke,590
2021-12-03,Nov-21,Visa USA Inc,Michael Brown,525
2021-12-03,Nov-21,Wells Fargo Securities LLC,Jay H Bryson,600
2021-12-03,Nov-21,Westpac Banking Corp,,550
2021-12-03,Nov-21,Wrightson ICAP LLC,Crandall/Jordan,500
2022-01-07,Dec-21,4CAST/Continuum Economics,David H Sloan,350
2022-01-07,Dec-21,Action Economics LLC,Michael R Englund,440
2022-01-07,Dec-21,Ameriprise Financial Inc,Russell T Price,500
2022-01-07,Dec-21,BNP Paribas SA,,500
2022-01-07,Dec-21,Bank of Montreal,Douglas Porter,300
2022-01-07,Dec-21,Bank of The West,Scott A Anderson,450
2022-01-07,Dec-21,Banque Pictet & Cie,Thomas Costerg,310
2022-01-07,Dec-21,Bantleon Bank AG,Andreas Busch,400
2022-01-07,Dec-21,Barclays Capital Inc.,Jonathan Millar,400
2022-01-07,Dec-21,Berliner Sparkasse,Uwe Duerkop,150
2022-01-07,Dec-21,Bloomberg Economics,,300
2022-01-07,Dec-21,BofA Securities Inc,Michelle Meyer,500
2022-01-07,Dec-21,Briefing.com,,475
2022-01-07,Dec-21,Canadian Imperial Bank of Commerce,Avery Shenfeld,300
2022-01-07,Dec-21,Capital Economics Ltd,,350
2022-01-07,Dec-21,Citigroup Inc,,450
2022-01-07,Dec-21,Credit Agricole CIB,Perrin/Van Ness,500
2022-01-07,Dec-21,Credit Suisse Securities (USA) LLC,,450
2022-01-07,Dec-21,Cti Capital Securities Inc,Stephan Buu,350
2022-01-07,Dec-21,Dai-Ichi Life Research Institute Inc,Seiji Katsurahata,524
2022-01-07,Dec-21,Dekabank Deutsche Girozentrale,Besch/Luetje,500
2022-01-07,Dec-21,Desjardins Financial Group,Jean/Genereux,350
2022-01-07,Dec-21,Deutsche Bank Securities Inc,Brett Ryan,600
2022-01-07,Dec-21,Evercore ISI,Stan Shipley,600
2022-01-07,Dec-21,FHN Financial,Christopher Low,350
2022-01-07,Dec-21,First Trust Portfolios LP,Stein/Wesbury,465
2022-01-07,Dec-21,Goldman Sachs & Co LLC,,500
2022-01-07,Dec-21,Graypoint LLC,Hugh A Johnson,420
2022-01-07,Dec-21,HSBC Securities (USA) Inc,Ryan Wang,450
2022-01-07,Dec-21,High Frequency Economics,Rubeela Farooqi,385
2022-01-07,Dec-21,ING Financial Markets LLC,James Knightley,450
2022-01-07,Dec-21,Investec Bank PLC,Shaw/Clarke,720
2022-01-07,Dec-21,Itau Unibanco SA,,300
2022-01-07,Dec-21,JP Morgan Securities LLC,Michael E Feroli,450
2022-01-07,Dec-21,JPMorgan Asset Management Inc,David P Kelly,424
2022-01-07,Dec-21,Jefferies LLC,Aneta Markowska,530
2022-01-07,Dec-21,Landesbank Baden-Wuerttemberg,Dirk Chlench,500
2022-01-07,Dec-21,Lloyds Bank PLC,Rhys Herbert,575
2022-01-07,Dec-21,Market Securities LLP,Christophe Barraud,450
2022-01-07,Dec-21,Mizuho Securities USA LLC,Steven R Ricchiuto,350
2022-01-07,Dec-21,Moody's Analytics Inc,Ryan Sweet,580
2022-01-07,Dec-21,Morgan Stanley Group Inc,,260
2022-01-07,Dec-21,National Bank of Canada Financial Inc,Marion/Paquet,400
2022-01-07,Dec-21,Nationwide Insurance,David William Berson,580
2022-01-07,Dec-21,Natixis North America LLC,Troy Ludtka,419
2022-01-07,Dec-21,Natwest Markets,Kevin Cummins,500
2022-01-07,Dec-21,Nomura Securities International Inc,,500
2022-01-07,Dec-21,Nord / LB,Bernd Krampen,350
2022-01-07,Dec-21,Oxford Economics USA Inc,,405
2022-01-07,Dec-21,PNC Finl Services Group INC,Augustine Faucher,425
2022-01-07,Dec-21,Pantheon Macroeconomics Ltd,Ian C Shepherdson,850
2022-01-07,Dec-21,Paragon Research Ltd,Colm Fitzgerald,315
2022-01-07,Dec-21,Pinebridge Investments LLC,Markus Schomer,450
2022-01-07,Dec-21,Prestige Economics LLC,Jason M Schenker,325
2022-01-07,Dec-21,Regions Financial Corp,Richard F Moody,484
2022-01-07,Dec-21,SMBC Nikko Securities Inc,Yoshimasa Maruyama,400
2022-01-07,Dec-21,Santander US CM (ex-Amherst Pierpont),Stephen L Stanley,540
2022-01-07,Dec-21,Scotiabank,Derek Holt,600
2022-01-07,Dec-21,Societe Generale,Stephen Gallagher,400
2022-01-07,Dec-21,Southbay Research,Andrew Zatlin,444
2022-01-07,Dec-21,TD Securities (USA) LLC,Oscar Munoz,500
2022-01-07,Dec-21,UBS Securities LLC,Samuel Coffin,375
2022-01-07,Dec-21,University of Maryland,Peter G Morici,400
2022-01-07,Dec-21,Vining Sparks IBG LP,Craig Dismuke,560
2022-01-07,Dec-21,Visa USA Inc,Michael Brown,550
2022-01-07,Dec-21,Wells Fargo Securities LLC,Jay H Bryson,400
2022-01-07,Dec-21,Wrightson ICAP LLC,Crandall/Jordan,350
2022-02-04,Jan-22,4CAST/Continuum Economics,David H Sloan,150
2022-02-04,Jan-22,ABN Amro Bank NV,Bill Diviney,200
2022-02-04,Jan-22,Action Economics LLC,Michael R Englund,250
2022-02-04,Jan-22,Ameriprise Financial Inc,Russell T Price,-150
2022-02-04,Jan-22,BNP Paribas SA,,150
2022-02-04,Jan-22,Bank of Montreal,Douglas Porter,100
2022-02-04,Jan-22,Bank of The West,Scott A Anderson,175
2022-02-04,Jan-22,Banque Pictet & Cie,Thomas Costerg,-250
2022-02-04,Jan-22,Bantleon Bank AG,Andreas Busch,-150
2022-02-04,Jan-22,Barclays Capital Inc.,Jonathan Millar,50
2022-02-04,Jan-22,Berliner Sparkasse,Uwe Duerkop,100
2022-02-04,Jan-22,Bloomberg Economics,,66
2022-02-04,Jan-22,BofA Securities Inc,Ethan S Harris,-150
2022-02-04,Jan-22,Briefing.com,,150
2022-02-04,Jan-22,Canadian Imperial Bank of Commerce,Avery Shenfeld,102
2022-02-04,Jan-22,Capital Economics Ltd,,-200
2022-02-04,Jan-22,Casa de Bolsa Banorte SA de CV,Katia Goya,175
2022-02-04,Jan-22,Citigroup Inc,,70
2022-02-04,Jan-22,Credit Agricole CIB,Perrin/Van Ness,150
2022-02-04,Jan-22,Credit Suisse Securities (USA) LLC,,200
2022-02-04,Jan-22,Cti Capital Securities Inc,Stephan Buu,-269
2022-02-04,Jan-22,Dai-Ichi Life Research Institute Inc,Seiji Katsurahata,212
2022-02-04,Jan-22,Daiwa Capital Mkts,Michael Moran,200
2022-02-04,Jan-22,Danske Bank A/S,Mikael Olai Milhoj,200
2022-02-04,Jan-22,Dekabank Deutsche Girozentrale,Besch/Luetje,150
2022-02-04,Jan-22,Desjardins Financial Group,Jean/Genereux,200
2022-02-04,Jan-22,Deutsche Bank Securities Inc,Brett Ryan,150
2022-02-04,Jan-22,Evercore ISI,Stan Shipley,0
2022-02-04,Jan-22,FHN Financial,Christopher Low,150
2022-02-04,Jan-22,First Trust Portfolios LP,Stein/Wesbury,45
2022-02-04,Jan-22,Goldman Sachs & Co LLC,,-250
2022-02-04,Jan-22,HSBC Securities (USA) Inc,Ryan Wang,225
2022-02-04,Jan-22,Helaba Frankfurt,Patrick Franke,250
2022-02-04,Jan-22,High Frequency Economics,Rubeela Farooqi,145
2022-02-04,Jan-22,ING Financial Markets LLC,James Knightley,100
2022-02-04,Jan-22,Intesa Sanpaolo Spa,Sergio Capaldi,170
2022-02-04,Jan-22,Investec Bank PLC,Shaw/Henderson,145
2022-02-04,Jan-22,Itau Unibanco SA,,-150
2022-02-04,Jan-22,JP Morgan Securities LLC,Michael E Feroli,150
2022-02-04,Jan-22,JPMorgan Asset Management Inc,David P Kelly,-70
2022-02-04,Jan-22,Jefferies LLC,Aneta Markowska,-200
2022-02-04,Jan-22,Kennesaw State University,Mikhail I Melnik,50
2022-02-04,Jan-22,Landesbank Baden-Wuerttemberg,Dirk Chlench,150
2022-02-04,Jan-22,Lloyds Bank PLC,Rhys Herbert,210
2022-02-04,Jan-22,Market Securities LLP,Christophe Barraud,-25
2022-02-04,Jan-22,Mizuho Securities USA LLC,Steven R Ricchiuto,200
2022-02-04,Jan-22,Moody's Analytics Inc,Ryan Sweet,-150
2022-02-04,Jan-22,Morgan Stanley Group Inc,,-215
2022-02-04,Jan-22,National Bank of Canada Financial Inc,Marion/Paquet,-250
2022-02-04,Jan-22,Nationwide Insurance,David William Berson,150
2022-02-04,Jan-22,Natixis North America LLC,Troy Ludtka,-46
2022-02-04,Jan-22,Natwest Markets,Kevin Cummins,-350
2022-02-04,Jan-22,Nomura Securities International Inc,,-50
2022-02-04,Jan-22,Nord / LB,Bernd Krampen,150
2022-02-04,Jan-22,Oxford Economics USA Inc,,-45
2022-02-04,Jan-22,PNC Finl Services Group INC,Augustine Faucher,-400
2022-02-04,Jan-22,Pantheon Macroeconomics Ltd,Ian C Shepherdson,-100
2022-02-04,Jan-22,Paragon Research Ltd,Colm Fitzgerald,120
2022-02-04,Jan-22,Prestige Economics LLC,Jason M Schenker,130
2022-02-04,Jan-22,Raymond James & Assoc Inc,Scott J Brown,250
2022-02-04,Jan-22,Regions Financial Corp,Richard F Moody,138
2022-02-04,Jan-22,SMBC Nikko Securities Inc,Yoshimasa Maruyama,200
2022-02-04,Jan-22,Santander US CM (ex-Amherst Pierpont),Stephen L Stanley,170
2022-02-04,Jan-22,Scotiabank,Derek Holt,-100
2022-02-04,Jan-22,Societe Generale,Stephen Gallagher,155
2022-02-04,Jan-22,Southbay Research,Andrew Zatlin,94
2022-02-04,Jan-22,Standard Chartered PLC,,50
2022-02-04,Jan-22,Stifel Nicolaus & Co Inc,Lindsey Piegza,150
2022-02-04,Jan-22,TD Securities (USA) LLC,Oscar Munoz,-200
2022-02-04,Jan-22,UBS Securities LLC,Samuel Coffin,50
2022-02-04,Jan-22,UniCredit Group,Daniel Vernazza,175
2022-02-04,Jan-22,Union Graduate College,Hugh A Johnson,150
2022-02-04,Jan-22,University of Maryland,Peter G Morici,240
2022-02-04,Jan-22,Vining Sparks IBG LP,Craig Dismuke,-250
2022-02-04,Jan-22,Visa USA Inc,Michael Brown,120
2022-02-04,Jan-22,Wells Fargo Securities LLC,Jay H Bryson,-100
2022-02-04,Jan-22,Westpac Banking Corp,,200
2022-02-04,Jan-22,Wrightson ICAP LLC,Crandall/Jordan,200
2022-03-04,Feb-22,4CAST/Continuum Economics,David H Sloan,350
2022-03-04,Feb-22,ABN Amro Bank NV,Bill Diviney,300
2022-03-04,Feb-22,Ameriprise Financial Inc,Russell T Price,425
2022-03-04,Feb-22,BNP Paribas SA,,400
2022-03-04,Feb-22,Bank of Montreal,Douglas Porter,420
2022-03-04,Feb-22,Bank of The West,Scott A Anderson,450
2022-03-04,Feb-22,Banque Pictet & Cie,Thomas Costerg,250
2022-03-04,Feb-22,Bantleon Bank AG,Andreas Busch,475
2022-03-04,Feb-22,Barclays Capital Inc.,Jonathan Millar,450
2022-03-04,Feb-22,Berliner Sparkasse,Uwe Duerkop,400
2022-03-04,Feb-22,Bloomberg Economics,,350
2022-03-04,Feb-22,BofA Securities Inc,Ethan S Harris,375
2022-03-04,Feb-22,Briefing.com,,390
2022-03-04,Feb-22,Canadian Imperial Bank of Commerce,Avery Shenfeld,405
2022-03-04,Feb-22,Capital Economics Ltd,,600
2022-03-04,Feb-22,Casa de Bolsa Banorte SA de CV,Katia Goya,350
2022-03-04,Feb-22,Citigroup Inc,,510
2022-03-04,Feb-22,Comerica Bank,William Adams,400
2022-03-04,Feb-22,Credit Agricole CIB,Perrin/Van Ness,425
2022-03-04,Feb-22,Credit Suisse Securities (USA) LLC,,250
2022-03-04,Feb-22,Cti Capital Securities Inc,Stephan Buu,605
2022-03-04,Feb-22,Dai-Ichi Life Research Institute Inc,Seiji Katsurahata,286
2022-03-04,Feb-22,Daiwa Capital Mkts,Michael Moran,450
2022-03-04,Feb-22,Danske Bank A/S,Mikael Olai Milhoj,400
2022-03-04,Feb-22,Dekabank Deutsche Girozentrale,Besch/Luetje,350
2022-03-04,Feb-22,Desjardins Financial Group,Jean/Genereux,310
2022-03-04,Feb-22,Deutsche Bank Securities Inc,Brett Ryan,200
2022-03-04,Feb-22,Evercore ISI,Stan Shipley,350
2022-03-04,Feb-22,FHN Financial,Christopher Low,500
2022-03-04,Feb-22,First Trust Portfolios LP,Stein/Wesbury,415
2022-03-04,Feb-22,Goldman Sachs & Co LLC,,500
2022-03-04,Feb-22,HSBC Securities (USA) Inc,Ryan Wang,400
2022-03-04,Feb-22,Helaba Frankfurt,Patrick Franke,400
2022-03-04,Feb-22,High Frequency Economics,Rubeela Farooqi,530
2022-03-04,Feb-22,Hugh Johnson Economics LLC,Hugh A Johnson,400
2022-03-04,Feb-22,ING Financial Markets LLC,James Knightley,450
2022-03-04,Feb-22,Intesa Sanpaolo Spa,Sergio Capaldi,490
2022-03-04,Feb-22,Investec Bank PLC,Shaw/Henderson,480
2022-03-04,Feb-22,Itau Unibanco SA,,500
2022-03-04,Feb-22,JP Morgan Securities LLC,Michael E Feroli,500
2022-03-04,Feb-22,JPMorgan Asset Management Inc,David P Kelly,434
2022-03-04,Feb-22,Jefferies LLC,Aneta Markowska,550
2022-03-04,Feb-22,Kennesaw State University,Mikhail I Melnik,80
2022-03-04,Feb-22,Landesbank Baden-Wuerttemberg,Dirk Chlench,600
2022-03-04,Feb-22,Lloyds Bank PLC,Rhys Herbert,520
2022-03-04,Feb-22,Lpl Financial LLC,Jeffrey Roach,275
2022-03-04,Feb-22,Mizuho Securities USA LLC,Steven R Ricchiuto,300
2022-03-04,Feb-22,Moody's Analytics Inc,Ryan Sweet,515
2022-03-04,Feb-22,Morgan Stanley Group Inc,,730
2022-03-04,Feb-22,National Bank of Canada Financial Inc,Marion/Paquet,250
2022-03-04,Feb-22,Nationwide Insurance,David William Berson,375
2022-03-04,Feb-22,Natixis North America LLC,Troy Ludtka,440
2022-03-04,Feb-22,Natwest Markets,Kevin Cummins,650
2022-03-04,Feb-22,Nomura Securities International Inc,,500
2022-03-04,Feb-22,Nord / LB,Bernd Krampen,400
2022-03-04,Feb-22,Oxford Economics USA Inc,,426
2022-03-04,Feb-22,PNC Finl Services Group INC,Augustine Faucher,400
2022-03-04,Feb-22,Pantheon Macroeconomics Ltd,Ian C Shepherdson,600
2022-03-04,Feb-22,Paragon Research Ltd,Colm Fitzgerald,320
2022-03-04,Feb-22,Prestige Economics LLC,Jason M Schenker,500
2022-03-04,Feb-22,Raymond James & Assoc Inc,Scott J Brown,470
2022-03-04,Feb-22,Regions Financial Corp,Richard F Moody,334
2022-03-04,Feb-22,SMBC Nikko Securities Inc,Yoshimasa Maruyama,600
2022-03-04,Feb-22,Santander US CM (ex-Amherst Pierpont),Stephen L Stanley,700
2022-03-04,Feb-22,Scotiabank,Derek Holt,450
2022-03-04,Feb-22,Societe Generale,Stephen Gallagher,555
2022-03-04,Feb-22,Southbay Research,Andrew Zatlin,283
2022-03-04,Feb-22,Standard Chartered PLC,,475
2022-03-04,Feb-22,Stifel Nicolaus & Co Inc,Lindsey Piegza,300
2022-03-04,Feb-22,TD Securities (USA) LLC,Oscar Munoz,300
2022-03-04,Feb-22,UBS Securities LLC,Samuel Coffin,425
2022-03-04,Feb-22,UniCredit Group,Daniel Vernazza,450
2022-03-04,Feb-22,University of Maryland,Peter G Morici,350
2022-03-04,Feb-22,Vining Sparks IBG LP,Craig Dismuke,450
2022-03-04,Feb-22,Visa USA Inc,Michael Brown,350
2022-03-04,Feb-22,Wells Fargo Securities LLC,Jay H Bryson,375
2022-03-04,Feb-22,Westpac Banking Corp,,350
2022-03-04,Feb-22,Wrightson ICAP LLC,Crandall/Jordan,500
2022-04-01,Mar-22,4CAST/Continuum Economics,David H Sloan,490
2022-04-01,Mar-22,ABN Amro Bank NV,Bill Diviney,400
2022-04-01,Mar-22,Action Economics LLC,Michael R Englund,380
2022-04-01,Mar-22,Ameriprise Financial Inc,Russell T Price,470
2022-04-01,Mar-22,BNP Paribas SA,,375
2022-04-01,Mar-22,Bank of Montreal,Douglas Porter,490
2022-04-01,Mar-22,Bank of The West,Scott A Anderson,470
2022-04-01,Mar-22,Banque Pictet & Cie,Thomas Costerg,250
2022-04-01,Mar-22,Bantleon Bank AG,Andreas Busch,540
2022-04-01,Mar-22,Barclays Capital Inc.,Jonathan Millar,550
2022-04-01,Mar-22,Berliner Sparkasse,Uwe Duerkop,500
2022-04-01,Mar-22,Bloomberg Economics,,550
2022-04-01,Mar-22,BofA Securities Inc,Ethan S Harris,525
2022-04-01,Mar-22,Briefing.com,,525
2022-04-01,Mar-22,Canadian Imperial Bank of Commerce,Avery Shenfeld,490
2022-04-01,Mar-22,Capital Economics Ltd,,450
2022-04-01,Mar-22,Casa de Bolsa Banorte SA de CV,Katia Goya,480
2022-04-01,Mar-22,Citigroup Inc,,490
2022-04-01,Mar-22,Credit Agricole CIB,Perrin/Van Ness,500
2022-04-01,Mar-22,Credit Suisse Securities (USA) LLC,,550
2022-04-01,Mar-22,Cti Capital Securities Inc,Stephan Buu,597
2022-04-01,Mar-22,Dai-Ichi Life Research Institute Inc,Seiji Katsurahata,480
2022-04-01,Mar-22,Daiwa Capital Mkts,Michael Moran,500
2022-04-01,Mar-22,Danske Bank A/S,Mikael Olai Milhoj,450
2022-04-01,Mar-22,Dekabank Deutsche Girozentrale,Besch/Luetje,530
2022-04-01,Mar-22,Desjardins Financial Group,Jean/Genereux,425
2022-04-01,Mar-22,Deutsche Bank Securities Inc,Brett Ryan,400
2022-04-01,Mar-22,FHN Financial,Christopher Low,500
2022-04-01,Mar-22,First Trust Portfolios LP,Stein/Wesbury,495
2022-04-01,Mar-22,Goldman Sachs & Co LLC,,575
2022-04-01,Mar-22,HSBC Securities (USA) Inc,Ryan Wang,475
2022-04-01,Mar-22,Helaba Frankfurt,Patrick Franke,500
2022-04-01,Mar-22,High Frequency Economics,Rubeela Farooqi,540
2022-04-01,Mar-22,Hugh Johnson Economics LLC,Hugh A Johnson,400
2022-04-01,Mar-22,ING Financial Markets LLC,James Knightley,500
2022-04-01,Mar-22,Intesa Sanpaolo Spa,Sergio Capaldi,490
2022-04-01,Mar-22,Investec Bank PLC,Shaw/Henderson,485
2022-04-01,Mar-22,Itau Unibanco SA,,500
2022-04-01,Mar-22,JP Morgan Securities LLC,Michael E Feroli,550
2022-04-01,Mar-22,JPMorgan Asset Management Inc,David P Kelly,407
2022-04-01,Mar-22,Jefferies LLC,Aneta Markowska,560
2022-04-01,Mar-22,Kennesaw State University,Mikhail I Melnik,70
2022-04-01,Mar-22,Landesbank Baden-Wuerttemberg,Dirk Chlench,700
2022-04-01,Mar-22,Lloyds Bank PLC,Rhys Herbert,500
2022-04-01,Mar-22,Lpl Financial LLC,Jeffrey Roach,510
2022-04-01,Mar-22,Market Securities LLP,Christophe Barraud,505
2022-04-01,Mar-22,Mizuho Securities USA LLC,Steven R Ricchiuto,350
2022-04-01,Mar-22,Moody's Analytics Inc,Ryan Sweet,400
2022-04-01,Mar-22,Morgan Stanley Group Inc,,550
2022-04-01,Mar-22,National Bank of Canada Financial Inc,Marion/Paquet,450
2022-04-01,Mar-22,Nationwide Insurance,David William Berson,475
2022-04-01,Mar-22,Natixis North America LLC,Troy Ludtka,527
2022-04-01,Mar-22,Natwest Markets,Kevin Cummins,200
2022-04-01,Mar-22,Nomura Securities International Inc,,560
2022-04-01,Mar-22,Nord / LB,Bernd Krampen,425
2022-04-01,Mar-22,Oxford Economics USA Inc,,550
2022-04-01,Mar-22,PNC Finl Services Group INC,Augustine Faucher,450
2022-04-01,Mar-22,Pantheon Macroeconomics Ltd,Ian C Shepherdson,0
2022-04-01,Mar-22,Paragon Research Ltd,Colm Fitzgerald,410
2022-04-01,Mar-22,Prestige Economics LLC,Jason M Schenker,550
2022-04-01,Mar-22,Raymond James & Assoc Inc,Scott J Brown,470
2022-04-01,Mar-22,Regions Financial Corp,Richard F Moody,566
2022-04-01,Mar-22,SMBC Nikko Securities Inc,Yoshimasa Maruyama,500
2022-04-01,Mar-22,Santander US CM (ex-Amherst Pierpont),Stephen L Stanley,520
2022-04-01,Mar-22,Scotiabank,Derek Holt,450
2022-04-01,Mar-22,Societe Generale,Stephen Gallagher,525
2022-04-01,Mar-22,Southbay Research,Andrew Zatlin,460
2022-04-01,Mar-22,Standard Chartered PLC,,400
2022-04-01,Mar-22,Stifel Nicolaus & Co Inc,Lindsey Piegza,450
2022-04-01,Mar-22,TD Securities (USA) LLC,Oscar Munoz,350
2022-04-01,Mar-22,UBS Securities LLC,Samuel Coffin,525
2022-04-01,Mar-22,UniCredit Group,Daniel Vernazza,475
2022-04-01,Mar-22,University of Maryland,Peter G Morici,400
2022-04-01,Mar-22,Vining Sparks IBG LP,Craig Dismuke,550
2022-04-01,Mar-22,Visa USA Inc,Michael Brown,380
2022-04-01,Mar-22,Wells Fargo Securities LLC,Jay H Bryson,450
2022-04-01,Mar-22,Westpac Banking Corp,,500
2022-04-01,Mar-22,Wrightson ICAP LLC,Crandall/Jordan,600
2022-05-06,Apr-22,4CAST/Continuum Economics,David H Sloan,410
2022-05-06,Apr-22,ABN Amro Bank NV,Bill Diviney,350
2022-05-06,Apr-22,Action Economics LLC,Michael R Englund,380
2022-05-06,Apr-22,Ameriprise Financial Inc,Russell T Price,370
2022-05-06,Apr-22,BNP Paribas SA,,460
2022-05-06,Apr-22,Bank of Montreal,Douglas Porter,380
2022-05-06,Apr-22,Bank of The West,Scott A Anderson,390
2022-05-06,Apr-22,Banque Pictet & Cie,Thomas Costerg,285
2022-05-06,Apr-22,Bantleon Bank AG,Andreas Busch,390
2022-05-06,Apr-22,Barclays Capital Inc.,Jonathan Millar,450
2022-05-06,Apr-22,Berliner Sparkasse,Uwe Duerkop,250
2022-05-06,Apr-22,Bloomberg Economics,,350
2022-05-06,Apr-22,BofA Securities Inc,Ethan S Harris,450
2022-05-06,Apr-22,Briefing.com,,415
2022-05-06,Apr-22,Canadian Imperial Bank of Commerce,Avery Shenfeld,315
2022-05-06,Apr-22,Capital Economics Ltd,,375
2022-05-06,Apr-22,Casa de Bolsa Banorte SA de CV,Katia Goya,400
2022-05-06,Apr-22,Citigroup Inc,,360
2022-05-06,Apr-22,Credit Agricole CIB,Perrin/Van Ness,400
2022-05-06,Apr-22,Credit Suisse Securities (USA) LLC,,350
2022-05-06,Apr-22,Cti Capital Securities Inc,Stephan Buu,263
2022-05-06,Apr-22,Dai-Ichi Life Research Institute Inc,Seiji Katsurahata,368
2022-05-06,Apr-22,Daiwa Capital Mkts,Michael Moran,500
2022-05-06,Apr-22,Danske Bank A/S,Mikael Olai Milhoj,400
2022-05-06,Apr-22,Dekabank Deutsche Girozentrale,Besch/Luetje,360
2022-05-06,Apr-22,Desjardins Financial Group,Jean/Genereux,375
2022-05-06,Apr-22,Deutsche Bank Securities Inc,Brett Ryan,300
2022-05-06,Apr-22,Evercore ISI,Stan Shipley,350
2022-05-06,Apr-22,FHN Financial,Christopher Low,350
2022-05-06,Apr-22,First Trust Portfolios LP,Stein/Wesbury,375
2022-05-06,Apr-22,Goldman Sachs & Co LLC,,300
2022-05-06,Apr-22,HSBC Securities (USA) Inc,Ryan Wang,405
2022-05-06,Apr-22,Helaba Frankfurt,Patrick Franke,450
2022-05-06,Apr-22,High Frequency Economics,Rubeela Farooqi,450
2022-05-06,Apr-22,Hugh Johnson Economics LLC,Hugh A Johnson,345
2022-05-06,Apr-22,ING Financial Markets LLC,James Knightley,400
2022-05-06,Apr-22,Intesa Sanpaolo Spa,Sergio Capaldi,420
2022-05-06,Apr-22,Investec Bank PLC,Shaw/Henderson,380
2022-05-06,Apr-22,Itau Unibanco SA,,400
2022-05-06,Apr-22,JP Morgan Securities LLC,Michael E Feroli,475
2022-05-06,Apr-22,JPMorgan Asset Management Inc,David P Kelly,342
2022-05-06,Apr-22,Jefferies LLC,Aneta Markowska,475
2022-05-06,Apr-22,Landesbank Baden-Wuerttemberg,Dirk Chlench,500
2022-05-06,Apr-22,Lloyds Bank PLC,Rhys Herbert,450
2022-05-06,Apr-22,Lpl Financial LLC,Jeffrey Roach,290
2022-05-06,Apr-22,Market Securities LLP,Christophe Barraud,360
2022-05-06,Apr-22,Mizuho Securities USA LLC,Steven R Ricchiuto,350
2022-05-06,Apr-22,Moody's Analytics Inc,Ryan Sweet,300
2022-05-06,Apr-22,Morgan Stanley Group Inc,,475
2022-05-06,Apr-22,National Bank of Canada Financial Inc,Marion/Paquet,375
2022-05-06,Apr-22,Nationwide Insurance,David William Berson,401
2022-05-06,Apr-22,Natixis North America LLC,Troy Ludtka,517
2022-05-06,Apr-22,Natwest Markets,Kevin Cummins,400
2022-05-06,Apr-22,Nomura Securities International Inc,,340
2022-05-06,Apr-22,Nord / LB,Bernd Krampen,375
2022-05-06,Apr-22,Oxford Economics USA Inc,,375
2022-05-06,Apr-22,PNC Finl Services Group INC,Augustine Faucher,465
2022-05-06,Apr-22,Pantheon Macroeconomics Ltd,Ian C Shepherdson,300
2022-05-06,Apr-22,Paragon Research Ltd,Colm Fitzgerald,400
2022-05-06,Apr-22,Pinebridge Investments LLC,Markus Schomer,350
2022-05-06,Apr-22,Prestige Economics LLC,Jason M Schenker,375
2022-05-06,Apr-22,Raymond James & Assoc Inc,Scott J Brown,500
2022-05-06,Apr-22,Regions Financial Corp,Richard F Moody,392
2022-05-06,Apr-22,SMBC Nikko Securities Inc,Yoshimasa Maruyama,300
2022-05-06,Apr-22,Santander US CM (ex-Amherst Pierpont),Stephen L Stanley,440
2022-05-06,Apr-22,Scotiabank,Derek Holt,400
2022-05-06,Apr-22,Societe Generale,Stephen Gallagher,475
2022-05-06,Apr-22,Southbay Research,Andrew Zatlin,453
2022-05-06,Apr-22,Standard Chartered PLC,,350
2022-05-06,Apr-22,Stifel Nicolaus & Co Inc,Lindsey Piegza,380
2022-05-06,Apr-22,TD Securities (USA) LLC,Oscar Munoz,400
2022-05-06,Apr-22,UBS Securities LLC,Samuel Coffin,300
2022-05-06,Apr-22,UniCredit Group,Daniel Vernazza,375
2022-05-06,Apr-22,University of Maryland,Peter G Morici,400
2022-05-06,Apr-22,Visa USA Inc,Michael Brown,380
2022-05-06,Apr-22,Wells Fargo Securities LLC,Jay H Bryson,300
2022-05-06,Apr-22,Westpac Banking Corp,,425
2022-05-06,Apr-22,Wrightson ICAP LLC,Crandall/Jordan,450
2022-06-03,May-22,4CAST/Continuum Economics,David H Sloan,310
2022-06-03,May-22,Action Economics LLC,Michael R Englund,360
2022-06-03,May-22,Ameriprise Financial Inc,Russell T Price,340
2022-06-03,May-22,BNP Paribas SA,,365
2022-06-03,May-22,Bank of Montreal,Douglas Porter,350
2022-06-03,May-22,Bank of The West,Scott A Anderson,310
2022-06-03,May-22,Banque Pictet & Cie,Thomas Costerg,240
2022-06-03,May-22,Bantleon Bank AG,Andreas Busch,300
2022-06-03,May-22,Barclays Capital Inc.,Jonathan Millar,375
2022-06-03,May-22,Berenberg,Holger Schmieding,330
2022-06-03,May-22,Berliner Sparkasse,Uwe Duerkop,250
2022-06-03,May-22,Bloomberg Economics,,300
2022-06-03,May-22,BofA Securities Inc,Ethan S Harris,375
2022-06-03,May-22,Briefing.com,,310
2022-06-03,May-22,Canadian Imperial Bank of Commerce,Avery Shenfeld,300
2022-06-03,May-22,Capital Economics Ltd,,300
2022-06-03,May-22,Citigroup Inc,,315
2022-06-03,May-22,Comerica Bank,William Adams,450
2022-06-03,May-22,Credit Agricole CIB,Perrin/Van Ness,300
2022-06-03,May-22,Cti Capital Securities Inc,Stephan Buu,285
2022-06-03,May-22,Dai-Ichi Life Research Institute Inc,Seiji Katsurahata,398
2022-06-03,May-22,Daiwa Capital Mkts,Michael Moran,400
2022-06-03,May-22,Dekabank Deutsche Girozentrale,Besch/Luetje,370
2022-06-03,May-22,Desjardins Financial Group,Jean/Genereux,300
2022-06-03,May-22,Deutsche Bank Securities Inc,Brett Ryan,325
2022-06-03,May-22,Evercore ISI,Stan Shipley,300
2022-06-03,May-22,First Trust Portfolios LP,Stein/Wesbury,312
2022-06-03,May-22,Goldman Sachs & Co LLC,,225
2022-06-03,May-22,HSBC Securities (USA) Inc,Ryan Wang,310
2022-06-03,May-22,Helaba Frankfurt,Patrick Franke,350
2022-06-03,May-22,High Frequency Economics,Rubeela Farooqi,335
2022-06-03,May-22,Hugh Johnson Economics LLC,Hugh A Johnson,320
2022-06-03,May-22,Intesa Sanpaolo Spa,Sergio Capaldi,330
2022-06-03,May-22,Investec Bank PLC,Shaw/Henderson,300
2022-06-03,May-22,Itau Unibanco SA,,275
2022-06-03,May-22,JP Morgan Securities LLC,Michael E Feroli,375
2022-06-03,May-22,JPMorgan Asset Management Inc,David P Kelly,297
2022-06-03,May-22,Jefferies LLC,Aneta Markowska,375
2022-06-03,May-22,Landesbank Baden-Wuerttemberg,Dirk Chlench,300
2022-06-03,May-22,Market Securities LLP,Christophe Barraud,280
2022-06-03,May-22,Mizuho Securities USA LLC,Steven R Ricchiuto,300
2022-06-03,May-22,Moody's Analytics Inc,Ryan Sweet,295
2022-06-03,May-22,Morgan Stanley Group Inc,,350
2022-06-03,May-22,National Bank of Canada Financial Inc,Marion/Paquet,325
2022-06-03,May-22,Nationwide Insurance,David William Berson,365
2022-06-03,May-22,Natixis North America LLC,Troy Ludtka,309
2022-06-03,May-22,Natwest Markets,Kevin Cummins,250
2022-06-03,May-22,Nomura Securities International Inc,,310
2022-06-03,May-22,Nord / LB,Bernd Krampen,325
2022-06-03,May-22,Oxford Economics USA Inc,,335
2022-06-03,May-22,PNC Finl Services Group INC,Augustine Faucher,285
2022-06-03,May-22,Pantheon Macroeconomics Ltd,Ian C Shepherdson,250
2022-06-03,May-22,Paragon Research Ltd,Colm Fitzgerald,220
2022-06-03,May-22,Prestige Economics LLC,Jason M Schenker,355
2022-06-03,May-22,Regions Financial Corp,Richard F Moody,297
2022-06-03,May-22,SMBC Nikko Securities Inc,Yoshimasa Maruyama,300
2022-06-03,May-22,Santander US CM (ex-Amherst Pierpont),Stephen L Stanley,380
2022-06-03,May-22,Scotiabank,Derek Holt,350
2022-06-03,May-22,Societe Generale,Stephen Gallagher,440
2022-06-03,May-22,Southbay Research,Andrew Zatlin,294
2022-06-03,May-22,Standard Chartered PLC,,300
2022-06-03,May-22,Stifel Nicolaus & Co Inc,Lindsey Piegza,330
2022-06-03,May-22,TD Securities (USA) LLC,Oscar Munoz,300
2022-06-03,May-22,UBS Securities LLC,Samuel Coffin,360
2022-06-03,May-22,UniCredit Group,Daniel Vernazza,325
2022-06-03,May-22,University of Maryland,Peter G Morici,332
2022-06-03,May-22,Visa USA Inc,Michael Brown,325
2022-06-03,May-22,Wells Fargo Bank NA,Jay H Bryson,325
2022-06-03,May-22,Westpac Banking Corp,,370
2022-06-03,May-22,Wrightson ICAP LLC,Crandall/Jordan,400
2022-07-08,Jun-22,4CAST/Continuum Economics,David H Sloan,215
2022-07-08,Jun-22,Action Economics LLC,Michael R Englund,310
2022-07-08,Jun-22,Ameriprise Financial Inc,Russell T Price,225
2022-07-08,Jun-22,BNP Paribas SA,,230
2022-07-08,Jun-22,Bank of Montreal,Douglas Porter,200
2022-07-08,Jun-22,Bank of The West,Scott A Anderson,230
2022-07-08,Jun-22,Banque Pictet & Cie,Thomas Costerg,90
2022-07-08,Jun-22,Barclays Capital Inc.,Jonathan Millar,275
2022-07-08,Jun-22,Berliner Sparkasse,Uwe Duerkop,350
2022-07-08,Jun-22,Bloomberg Economics,,210
2022-07-08,Jun-22,BofA Securities Inc,Ethan S Harris,325
2022-07-08,Jun-22,Briefing.com,,235
2022-07-08,Jun-22,Canadian Imperial Bank of Commerce,Avery Shenfeld,200
2022-07-08,Jun-22,Capital Economics Ltd,,250
2022-07-08,Jun-22,Citigroup Inc,,290
2022-07-08,Jun-22,Comerica Bank,William Adams,175
2022-07-08,Jun-22,Credit Agricole CIB,Perrin/Van Ness,285
2022-07-08,Jun-22,Credit Suisse Securities (USA) LLC,,275
2022-07-08,Jun-22,Cti Capital Securities Inc,Stephan Buu,415
2022-07-08,Jun-22,Dai-Ichi Life Research Institute Inc,Seiji Katsurahata,288
2022-07-08,Jun-22,Daiwa Capital Mkts,Michael Moran,300
2022-07-08,Jun-22,Danske Bank A/S,Mikael Olai Milhoj,400
2022-07-08,Jun-22,Dekabank Deutsche Girozentrale,Besch/Luetje,300
2022-07-08,Jun-22,Desjardins Financial Group,Jean/Genereux,330
2022-07-08,Jun-22,Deutsche Bank Securities Inc,Brett Ryan,225
2022-07-08,Jun-22,Evercore ISI,Stan Shipley,275
2022-07-08,Jun-22,FHN Financial,Christopher Low,300
2022-07-08,Jun-22,First Trust Portfolios LP,Stein/Wesbury,270
2022-07-08,Jun-22,Goldman Sachs & Co LLC,,250
2022-07-08,Jun-22,HSBC Securities (USA) Inc,Ryan Wang,250
2022-07-08,Jun-22,Helaba Frankfurt,Patrick Franke,190
2022-07-08,Jun-22,High Frequency Economics,Rubeela Farooqi,275
2022-07-08,Jun-22,Hugh Johnson Economics LLC,Hugh A Johnson,240
2022-07-08,Jun-22,ING Financial Markets LLC,James Knightley,270
2022-07-08,Jun-22,Intesa Sanpaolo Spa,Sergio Capaldi,260
2022-07-08,Jun-22,Investec Bank PLC,Shaw/Henderson,285
2022-07-08,Jun-22,Itau Unibanco SA,,250
2022-07-08,Jun-22,JP Morgan Securities LLC,Michael E Feroli,275
2022-07-08,Jun-22,JPMorgan Asset Management Inc,David P Kelly,278
2022-07-08,Jun-22,Jefferies LLC,Aneta Markowska,320
2022-07-08,Jun-22,Kennesaw State University,Mikhail I Melnik,220
2022-07-08,Jun-22,Landesbank Baden-Wuerttemberg,Dirk Chlench,350
2022-07-08,Jun-22,Lloyds Bank PLC,Rhys Herbert,300
2022-07-08,Jun-22,Market Securities LLP,Christophe Barraud,250
2022-07-08,Jun-22,Mizuho Securities USA LLC,Steven R Ricchiuto,200
2022-07-08,Jun-22,Moody's Analytics Inc,Ryan Sweet,250
2022-07-08,Jun-22,Morgan Stanley Group Inc,,325
2022-07-08,Jun-22,National Bank of Canada Financial Inc,Marion/Paquet,225
2022-07-08,Jun-22,Nationwide Insurance,David William Berson,295
2022-07-08,Jun-22,Natixis North America LLC,Troy Ludtka,205
2022-07-08,Jun-22,Natwest Markets,Kevin Cummins,300
2022-07-08,Jun-22,Nomura Securities International Inc,,290
2022-07-08,Jun-22,Nord / LB,Bernd Krampen,220
2022-07-08,Jun-22,Oxford Economics USA Inc,,265
2022-07-08,Jun-22,PNC Finl Services Group INC,Augustine Faucher,250
2022-07-08,Jun-22,Pantheon Macroeconomics Ltd,Ian C Shepherdson,225
2022-07-08,Jun-22,Paragon Research Ltd,Colm Fitzgerald,154
2022-07-08,Jun-22,Prestige Economics LLC,Jason M Schenker,275
2022-07-08,Jun-22,RSM US LLp,Joe Brusuelas/Tuan Nguyen,225
2022-07-08,Jun-22,Regions Financial Corp,Richard F Moody,202
2022-07-08,Jun-22,SMBC Nikko Securities Inc,Yoshimasa Maruyama,300
2022-07-08,Jun-22,Santander US CM (ex-Amherst Pierpont),Stephen L Stanley,375
2022-07-08,Jun-22,Scotiabank,Derek Holt,300
2022-07-08,Jun-22,Societe Generale,Stephen Gallagher,310
2022-07-08,Jun-22,Southbay Research,Andrew Zatlin,198
2022-07-08,Jun-22,Standard Chartered PLC,,240
2022-07-08,Jun-22,Stifel Nicolaus & Co Inc,Lindsey Piegza,250
2022-07-08,Jun-22,TD Securities (USA) LLC,Oscar Munoz,350
2022-07-08,Jun-22,UBS Securities LLC,Samuel Coffin,225
2022-07-08,Jun-22,UniCredit Group,Daniel Vernazza,300
2022-07-08,Jun-22,University of Maryland,Peter G Morici,250
2022-07-08,Jun-22,Visa USA Inc,Michael Brown,220
2022-07-08,Jun-22,Wells Fargo Bank NA,Jay H Bryson,240
2022-07-08,Jun-22,Westpac Banking Corp,,300
2022-07-08,Jun-22,Wrightson ICAP LLC,Crandall/Jordan,350
2022-08-05,Jul-22,4CAST/Continuum Economics,David H Sloan,250
2022-08-05,Jul-22,Action Economics LLC,Michael R Englund,260
2022-08-05,Jul-22,BNP Paribas SA,,280
2022-08-05,Jul-22,Bank of Montreal,Douglas Porter,150
2022-08-05,Jul-22,Bank of The West,Scott A Anderson,255
2022-08-05,Jul-22,Banque Pictet & Cie,Thomas Costerg,50
2022-08-05,Jul-22,Bantleon Bank AG,Andreas Busch,220
2022-08-05,Jul-22,Barclays Capital Inc.,Jonathan Millar,275
2022-08-05,Jul-22,Berliner Sparkasse,Uwe Duerkop,200
2022-08-05,Jul-22,Bloomberg Economics,,250
2022-08-05,Jul-22,BofA Securities Inc,Michael Gapen,275
2022-08-05,Jul-22,Briefing.com,,275
2022-08-05,Jul-22,Canadian Imperial Bank of Commerce,Avery Shenfeld,180
2022-08-05,Jul-22,Capital Economics Ltd,,250
2022-08-05,Jul-22,Citigroup Inc,,300
2022-08-05,Jul-22,Comerica Bank,William Adams,225
2022-08-05,Jul-22,Credit Agricole CIB,Perrin/Van Ness,240
2022-08-05,Jul-22,Credit Suisse Securities (USA) LLC,,300
2022-08-05,Jul-22,Cti Capital Securities Inc,Stephan Buu,180
2022-08-05,Jul-22,Dai-Ichi Life Research Institute Inc,Seiji Katsurahata,298
2022-08-05,Jul-22,Daiwa Capital Mkts,Michael Moran,275
2022-08-05,Jul-22,Dekabank Deutsche Girozentrale,Besch/Luetje,280
2022-08-05,Jul-22,Desjardins Financial Group,Jean/Genereux,325
2022-08-05,Jul-22,Deutsche Bank Securities Inc,Brett Ryan,250
2022-08-05,Jul-22,Evercore ISI,Stan Shipley,175
2022-08-05,Jul-22,FHN Financial,Christopher Low,200
2022-08-05,Jul-22,First Trust Portfolios LP,Stein/Wesbury,230
2022-08-05,Jul-22,Goldman Sachs & Co LLC,,225
2022-08-05,Jul-22,HSBC Securities (USA) Inc,Ryan Wang,250
2022-08-05,Jul-22,Helaba Frankfurt,Patrick Franke,250
2022-08-05,Jul-22,High Frequency Economics,Rubeela Farooqi,260
2022-08-05,Jul-22,Hugh Johnson Economics LLC,Hugh A Johnson,250
2022-08-05,Jul-22,ING Financial Markets LLC,James Knightley,220
2022-08-05,Jul-22,Intesa Sanpaolo Spa,Sergio Capaldi,240
2022-08-05,Jul-22,Investec Bank PLC,Shaw/Henderson,270
2022-08-05,Jul-22,Itau Unibanco SA,,220
2022-08-05,Jul-22,JP Morgan Securities LLC,Michael E Feroli,200
2022-08-05,Jul-22,Jefferies LLC,Aneta Markowska,260
2022-08-05,Jul-22,Landesbank Baden-Wuerttemberg,Dirk Chlench,150
2022-08-05,Jul-22,Lloyds Bank PLC,Rhys Herbert,250
2022-08-05,Jul-22,Market Securities LLP,Christophe Barraud,220
2022-08-05,Jul-22,Mizuho Securities USA LLC,Steven R Ricchiuto,200
2022-08-05,Jul-22,Moody's Analytics Inc,Ryan Sweet,225
2022-08-05,Jul-22,Morgan Stanley Group Inc,,300
2022-08-05,Jul-22,National Bank of Canada Financial Inc,Marion/Paquet,75
2022-08-05,Jul-22,Nationwide Insurance,David William Berson,310
2022-08-05,Jul-22,Natixis North America LLC,Troy Ludtka,78
2022-08-05,Jul-22,Natwest Markets,Kevin Cummins,270
2022-08-05,Jul-22,Nomura Securities International Inc,,240
2022-08-05,Jul-22,Nord / LB,Bernd Krampen,250
2022-08-05,Jul-22,Oxford Economics USA Inc,,260
2022-08-05,Jul-22,PNC Finl Services Group INC,Augustine Faucher,225
2022-08-05,Jul-22,Paragon Research Ltd,Colm Fitzgerald,104
2022-08-05,Jul-22,Prestige Economics LLC,Jason M Schenker,200
2022-08-05,Jul-22,RSM US LLp,Joe Brusuelas/Tuan Nguyen,225
2022-08-05,Jul-22,Regions Financial Corp,Richard F Moody,276
2022-08-05,Jul-22,SMBC Nikko Securities Inc,Yoshimasa Maruyama,250
2022-08-05,Jul-22,Santander US CM (ex-Amherst Pierpont),Stephen L Stanley,320
2022-08-05,Jul-22,Scotiabank,Derek Holt,290
2022-08-05,Jul-22,Societe Generale,Stephen Gallagher,225
2022-08-05,Jul-22,Southbay Research,Andrew Zatlin,235
2022-08-05,Jul-22,Standard Chartered PLC,,270
2022-08-05,Jul-22,Stifel Nicolaus & Co Inc,Lindsey Piegza,200
2022-08-05,Jul-22,TD Securities (USA) LLC,Oscar Munoz,300
2022-08-05,Jul-22,UBS Securities LLC,Samuel Coffin,150
2022-08-05,Jul-22,UniCredit Group,Daniel Vernazza,230
2022-08-05,Jul-22,University of Maryland,Peter G Morici,250
2022-08-05,Jul-22,Visa USA Inc,Michael Brown,280
2022-08-05,Jul-22,Wells Fargo Bank NA,Jay H Bryson,240
2022-08-05,Jul-22,Westpac Banking Corp,,200
2022-08-05,Jul-22,Wrightson ICAP LLC,Crandall/Jordan,275
2022-09-02,Aug-22,4CAST/Continuum Economics,David H Sloan,390
2022-09-02,Aug-22,Action Economics LLC,Michael R Englund,230
2022-09-02,Aug-22,Ameriprise Financial Inc,Russell T Price,260
2022-09-02,Aug-22,BNP Paribas SA,,375
2022-09-02,Aug-22,Bank of Montreal,Douglas Porter,250
2022-09-02,Aug-22,Bank of The West,Scott A Anderson,325
2022-09-02,Aug-22,Banque Pictet & Cie,Thomas Costerg,160
2022-09-02,Aug-22,Bantleon Bank AG,Andreas Busch,330
2022-09-02,Aug-22,Berliner Sparkasse,Uwe Duerkop,250
2022-09-02,Aug-22,Bloomberg Economics,,250
2022-09-02,Aug-22,BofA Securities Inc,Michael Gapen,325
2022-09-02,Aug-22,Briefing.com,,310
2022-09-02,Aug-22,Canadian Imperial Bank of Commerce,Avery Shenfeld,250
2022-09-02,Aug-22,Capital Economics Ltd,,350
2022-09-02,Aug-22,Citigroup Inc,,305
2022-09-02,Aug-22,Comerica Bank,William Adams,215
2022-09-02,Aug-22,Credit Agricole CIB,Perrin/Van Ness,325
2022-09-02,Aug-22,Credit Suisse Securities (USA) LLC,,300
2022-09-02,Aug-22,Cti Capital Securities Inc,Stephan Buu,360
2022-09-02,Aug-22,Dai-Ichi Life Research Institute Inc,Seiji Katsurahata,288
2022-09-02,Aug-22,Danske Bank A/S,Mikael Olai Milhoj,300
2022-09-02,Aug-22,Desjardins Financial Group,Jean/Genereux,275
2022-09-02,Aug-22,Deutsche Bank Securities Inc,Brett Ryan,300
2022-09-02,Aug-22,Evercore ISI,Stan Shipley,250
2022-09-02,Aug-22,FHN Financial,Christopher Low,250
2022-09-02,Aug-22,First Trust Portfolios LP,Stein/Wesbury,295
2022-09-02,Aug-22,Goldman Sachs & Co LLC,,350
2022-09-02,Aug-22,HSBC Securities (USA) Inc,Ryan Wang,300
2022-09-02,Aug-22,Helaba Frankfurt,Patrick Franke,250
2022-09-02,Aug-22,High Frequency Economics,Rubeela Farooqi,345
2022-09-02,Aug-22,Hugh Johnson Economics LLC,Hugh A Johnson,250
2022-09-02,Aug-22,ING Financial Markets LLC,James Knightley,250
2022-09-02,Aug-22,Intesa Sanpaolo Spa,Sergio Capaldi,270
2022-09-02,Aug-22,Investec Bank PLC,Shaw/Henderson,425
2022-09-02,Aug-22,Itau Unibanco SA,,320
2022-09-02,Aug-22,JP Morgan Securities LLC,Michael E Feroli,300
2022-09-02,Aug-22,JPMorgan Asset Management Inc,David P Kelly,452
2022-09-02,Aug-22,Jefferies LLC,Aneta Markowska,270
2022-09-02,Aug-22,Landesbank Baden-Wuerttemberg,Dirk Chlench,250
2022-09-02,Aug-22,Lloyds Bank PLC,Rhys Herbert,285
2022-09-02,Aug-22,Market Securities LLP,Christophe Barraud,285
2022-09-02,Aug-22,Mizuho Securities USA LLC,Steven R Ricchiuto,250
2022-09-02,Aug-22,Moody's Analytics Inc,Ryan Sweet,255
2022-09-02,Aug-22,Morgan Stanley Group Inc,,350
2022-09-02,Aug-22,National Bank of Canada Financial Inc,Marion/Paquet,75
2022-09-02,Aug-22,Nationwide Insurance,David William Berson,340
2022-09-02,Aug-22,Natixis North America LLC,Troy Ludtka,306
2022-09-02,Aug-22,Natwest Markets,Kevin Cummins,200
2022-09-02,Aug-22,Nomura Securities International Inc,,290
2022-09-02,Aug-22,Nord / LB,Bernd Krampen,250
2022-09-02,Aug-22,Oxford Economics USA Inc,,315
2022-09-02,Aug-22,PNC Finl Services Group INC,Augustine Faucher,290
2022-09-02,Aug-22,Pantheon Macroeconomics Ltd,Ian C Shepherdson,400
2022-09-02,Aug-22,Paragon Research Ltd,Colm Fitzgerald,160
2022-09-02,Aug-22,Pinebridge Investments LLC,Markus Schomer,350
2022-09-02,Aug-22,Prestige Economics LLC,Jason M Schenker,250
2022-09-02,Aug-22,RSM US LLp,Joe Brusuelas/Tuan Nguyen,400
2022-09-02,Aug-22,Regions Financial Corp,Richard F Moody,272
2022-09-02,Aug-22,SMBC Nikko Securities Inc,Yoshimasa Maruyama,250
2022-09-02,Aug-22,Santander US CM (ex-Amherst Pierpont),Stephen L Stanley,370
2022-09-02,Aug-22,Scotiabank,Derek Holt,350
2022-09-02,Aug-22,Societe Generale,Stephen Gallagher,300
2022-09-02,Aug-22,Southbay Research,Andrew Zatlin,293
2022-09-02,Aug-22,Standard Chartered PLC,,275
2022-09-02,Aug-22,Stifel Nicolaus & Co Inc,Lindsey Piegza,280
2022-09-02,Aug-22,TD Securities (USA) LLC,Oscar Munoz,370
2022-09-02,Aug-22,UBS Securities LLC,Samuel Coffin,300
2022-09-02,Aug-22,University of Maryland,Peter G Morici,325
2022-09-02,Aug-22,Visa USA Inc,Michael Brown,325
2022-09-02,Aug-22,Wells Fargo Bank NA,Jay H Bryson,375
2022-09-02,Aug-22,Westpac Banking Corp,,250
2022-09-02,Aug-22,Wrightson ICAP LLC,Crandall/Jordan,300
2022-10-07,Sep-22,4CAST/Continuum Economics,David H Sloan,300
2022-10-07,Sep-22,ABN Amro Bank NV,Bill Diviney,200
2022-10-07,Sep-22,Action Economics LLC,Michael R Englund,210
2022-10-07,Sep-22,Ameriprise Financial Inc,Russell T Price,250
2022-10-07,Sep-22,BNP Paribas SA,,315
2022-10-07,Sep-22,Bank of Montreal,Douglas Porter,225
2022-10-07,Sep-22,Bank of The West,Scott A Anderson,225
2022-10-07,Sep-22,Banque Pictet & Cie,Thomas Costerg,220
2022-10-07,Sep-22,Bantleon Bank AG,Andreas Busch,240
2022-10-07,Sep-22,Barclays Capital Inc.,Jonathan Millar,250
2022-10-07,Sep-22,Berliner Sparkasse,Uwe Duerkop,225
2022-10-07,Sep-22,Bloomberg Economics,,250
2022-10-07,Sep-22,BofA Securities Inc,Michael Gapen,300
2022-10-07,Sep-22,Briefing.com,,238
2022-10-07,Sep-22,Canadian Imperial Bank of Commerce,Avery Shenfeld,240
2022-10-07,Sep-22,Capital Economics Ltd,,275
2022-10-07,Sep-22,Citigroup Inc,,265
2022-10-07,Sep-22,Comerica Bank,William Adams,215
2022-10-07,Sep-22,Credit Agricole CIB,Perrin/Van Ness,270
2022-10-07,Sep-22,Credit Suisse Securities (USA) LLC,,300
2022-10-07,Sep-22,Cti Capital Securities Inc,Stephan Buu,212
2022-10-07,Sep-22,Daiwa Capital Mkts,Michael Moran,375
2022-10-07,Sep-22,Danske Bank A/S,Mikael Olai Milhoj,280
2022-10-07,Sep-22,Dekabank Deutsche Girozentrale,Besch/Luetje,220
2022-10-07,Sep-22,Desjardins Financial Group,Jean/Genereux,230
2022-10-07,Sep-22,Deutsche Bank Securities Inc,Brett Ryan,275
2022-10-07,Sep-22,Evercore ISI,Stan Shipley,225
2022-10-07,Sep-22,First Trust Portfolios LP,Stein/Wesbury,285
2022-10-07,Sep-22,Goldman Sachs & Co LLC,,200
2022-10-07,Sep-22,HSBC Securities (USA) Inc,Ryan Wang,275
2022-10-07,Sep-22,Helaba Frankfurt,Patrick Franke,250
2022-10-07,Sep-22,High Frequency Economics,Rubeela Farooqi,260
2022-10-07,Sep-22,Hugh Johnson Economics LLC,Hugh A Johnson,307
2022-10-07,Sep-22,ING Financial Markets LLC,James Knightley,220
2022-10-07,Sep-22,Intesa Sanpaolo Spa,Sergio Capaldi,250
2022-10-07,Sep-22,Investec Bank PLC,Shaw/Henderson,310
2022-10-07,Sep-22,Itau Unibanco SA,,250
2022-10-07,Sep-22,JP Morgan Securities LLC,Michael E Feroli,300
2022-10-07,Sep-22,JPMorgan Asset Management Inc,David P Kelly,389
2022-10-07,Sep-22,Jefferies LLC,Aneta Markowska,350
2022-10-07,Sep-22,Landesbank Baden-Wuerttemberg,Dirk Chlench,250
2022-10-07,Sep-22,Lloyds Bank PLC,Rhys Herbert,280
2022-10-07,Sep-22,Market Securities LLP,Christophe Barraud,270
2022-10-07,Sep-22,Moody's Analytics Inc,Ryan Sweet,275
2022-10-07,Sep-22,Morgan Stanley Group Inc,,250
2022-10-07,Sep-22,National Bank of Canada Financial Inc,Marion/Paquet,250
2022-10-07,Sep-22,Nationwide Insurance,David William Berson,265
2022-10-07,Sep-22,Natixis North America LLC,Troy Ludtka,201
2022-10-07,Sep-22,Natwest Markets,Kevin Cummins,300
2022-10-07,Sep-22,Nomura Securities International Inc,,280
2022-10-07,Sep-22,Nord / LB,Bernd Krampen,240
2022-10-07,Sep-22,Oxford Economics USA Inc,,280
2022-10-07,Sep-22,PNC Finl Services Group INC,Augustine Faucher,325
2022-10-07,Sep-22,Pantheon Macroeconomics Ltd,Ian C Shepherdson,300
2022-10-07,Sep-22,Paragon Research Ltd,Colm Fitzgerald,210
2022-10-07,Sep-22,Pinebridge Investments LLC,Markus Schomer,200
2022-10-07,Sep-22,Prestige Economics LLC,Jason M Schenker,310
2022-10-07,Sep-22,RSM US LLp,Joe Brusuelas/Tuan Nguyen,300
2022-10-07,Sep-22,Regions Financial Corp,Richard F Moody,337
2022-10-07,Sep-22,SMBC Nikko Securities Inc,Yoshimasa Maruyama,240
2022-10-07,Sep-22,Santander US CM (ex-Amherst Pierpont),Stephen L Stanley,350
2022-10-07,Sep-22,Scotiabank,Derek Holt,300
2022-10-07,Sep-22,Societe Generale,Stephen Gallagher,280
2022-10-07,Sep-22,Southbay Research,Andrew Zatlin,199
2022-10-07,Sep-22,Standard Chartered PLC,,250
2022-10-07,Sep-22,Stifel Nicolaus & Co Inc,Lindsey Piegza,225
2022-10-07,Sep-22,TD Securities (USA) LLC,Oscar Munoz,300
2022-10-07,Sep-22,UBS Securities LLC,Samuel Coffin,250
2022-10-07,Sep-22,UniCredit Group,Daniel Vernazza,250
2022-10-07,Sep-22,University of Maryland,Peter G Morici,250
2022-10-07,Sep-22,Visa USA Inc,Michael Brown,275
2022-10-07,Sep-22,Wells Fargo Bank NA,Jay H Bryson,275
2022-10-07,Sep-22,Westpac Banking Corp,,250
2022-10-07,Sep-22,Wrightson ICAP LLC,Crandall/Jordan,300
2022-11-04,Oct-22,4CAST/Continuum Economics,David H Sloan,175
2022-11-04,Oct-22,ABN Amro Bank NV,Bill Diviney,150
2022-11-04,Oct-22,Acciones y Valores SA/Colombia,,175
2022-11-04,Oct-22,Action Economics LLC,Michael R Englund,200
2022-11-04,Oct-22,Ameriprise Financial Inc,Russell T Price,180
2022-11-04,Oct-22,BNP Paribas SA,,215
2022-11-04,Oct-22,Bank of Montreal,Douglas Porter,180
2022-11-04,Oct-22,Bank of The West,Scott A Anderson,180
2022-11-04,Oct-22,Banque Pictet & Cie,Thomas Costerg,270
2022-11-04,Oct-22,Bantleon Bank AG,Andreas Busch,180
2022-11-04,Oct-22,Barclays Capital Inc.,Jonathan Millar,175
2022-11-04,Oct-22,Berliner Sparkasse,Uwe Duerkop,175
2022-11-04,Oct-22,Bloomberg Economics,,210
2022-11-04,Oct-22,BofA Securities Inc,Michael Gapen,225
2022-11-04,Oct-22,Briefing.com,,242
2022-11-04,Oct-22,Canadian Imperial Bank of Commerce,Avery Shenfeld,175
2022-11-04,Oct-22,Capital Economics Ltd,,225
2022-11-04,Oct-22,Casa de Bolsa Banorte SA de CV,Katia Goya,215
2022-11-04,Oct-22,Citigroup Inc,,190
2022-11-04,Oct-22,Comerica Bank,William Adams,150
2022-11-04,Oct-22,Credit Agricole CIB,Nicholas Van Ness,200
2022-11-04,Oct-22,Credit Suisse Securities (USA) LLC,,250
2022-11-04,Oct-22,Cti Capital Securities Inc,Stephan Buu,280
2022-11-04,Oct-22,Dai-Ichi Life Research Institute Inc,Seiji Katsurahata,226
2022-11-04,Oct-22,Daiwa Capital Mkts,Michael Moran,225
2022-11-04,Oct-22,Danske Bank A/S,Mikael Olai Milhoj,220
2022-11-04,Oct-22,Deutsche Bank Securities Inc,Brett Ryan,225
2022-11-04,Oct-22,Dgopp Inc,Jean/Genereux,180
2022-11-04,Oct-22,Evercore ISI,Stan Shipley,175
2022-11-04,Oct-22,FHN Financial,Christopher Low,200
2022-11-04,Oct-22,First Trust Portfolios LP,Stein/Wesbury,195
2022-11-04,Oct-22,Goldman Sachs & Co LLC,,225
2022-11-04,Oct-22,HSBC Securities (USA) Inc,Ryan Wang,175
2022-11-04,Oct-22,Helaba Frankfurt,Patrick Franke,200
2022-11-04,Oct-22,High Frequency Economics,Rubeela Farooqi,220
2022-11-04,Oct-22,Hugh Johnson Economics LLC,Hugh A Johnson,200
2022-11-04,Oct-22,ING Financial Markets LLC,James Knightley,220
2022-11-04,Oct-22,Intesa Sanpaolo Spa,Sergio Capaldi,190
2022-11-04,Oct-22,Investec Bank PLC,Shaw/Henderson,215
2022-11-04,Oct-22,Itau Unibanco SA,,180
2022-11-04,Oct-22,JP Morgan Securities LLC,Michael E Feroli,175
2022-11-04,Oct-22,JPMorgan Asset Management Inc,David P Kelly,255
2022-11-04,Oct-22,Jefferies LLC,Aneta Markowska,170
2022-11-04,Oct-22,Lloyds Bank PLC,Rhys Herbert,240
2022-11-04,Oct-22,Market Securities LLP,Christophe Barraud,185
2022-11-04,Oct-22,Mizuho Securities USA LLC,Steven R Ricchiuto,175
2022-11-04,Oct-22,Moody's Analytics Inc,,175
2022-11-04,Oct-22,Morgan Stanley Group Inc,,180
2022-11-04,Oct-22,National Bank of Canada Financial Inc,Marion/Paquet,175
2022-11-04,Oct-22,Nationwide Insurance,David William Berson,225
2022-11-04,Oct-22,Natixis North America LLC,Troy Ludtka,165
2022-11-04,Oct-22,Natwest Markets,Kevin Cummins,125
2022-11-04,Oct-22,Nomura Securities International Inc,,180
2022-11-04,Oct-22,Nord / LB,Bernd Krampen,150
2022-11-04,Oct-22,Oxford Economics USA Inc,,215
2022-11-04,Oct-22,PNC Finl Services Group INC,Augustine Faucher,235
2022-11-04,Oct-22,Pantheon Macroeconomics Ltd,Ian C Shepherdson,175
2022-11-04,Oct-22,Paragon Research Ltd,Colm Fitzgerald,80
2022-11-04,Oct-22,Prestige Economics LLC,Jason M Schenker,225
2022-11-04,Oct-22,RSM US LLp,Joe Brusuelas/Tuan Nguyen,180
2022-11-04,Oct-22,Regions Financial Corp,Richard F Moody,234
2022-11-04,Oct-22,SMBC Nikko Securities Inc,Yoshimasa Maruyama,230
2022-11-04,Oct-22,Santander US CM (ex-Amherst Pierpont),Stephen L Stanley,260
2022-11-04,Oct-22,Scotiabank,Derek Holt,150
2022-11-04,Oct-22,Societe Generale,Stephen Gallagher,300
2022-11-04,Oct-22,Southbay Research,Andrew Zatlin,191
2022-11-04,Oct-22,Standard Chartered PLC,,200
2022-11-04,Oct-22,Stifel Nicolaus & Co Inc,Lindsey Piegza,190
2022-11-04,Oct-22,TD Securities (USA) LLC,Oscar Munoz,220
2022-11-04,Oct-22,UBS Securities LLC,Samuel Coffin,125
2022-11-04,Oct-22,UniCredit Group,Daniel Vernazza,200
2022-11-04,Oct-22,University of Maryland,Peter G Morici,225
2022-11-04,Oct-22,Visa USA Inc,Michael Brown,125
2022-11-04,Oct-22,Wells Fargo Bank NA,Jay H Bryson,190
2022-11-04,Oct-22,Westpac Banking Corp,,220
2022-11-04,Oct-22,Wrightson ICAP LLC,Crandall/Jordan,150
2022-12-02,Nov-22,4CAST/Continuum Economics,David H Sloan,235
2022-12-02,Nov-22,ABN Amro Bank NV,Bill Diviney,200
2022-12-02,Nov-22,Action Economics LLC,Michael R Englund,200
2022-12-02,Nov-22,Ameriprise Financial Inc,Russell T Price,185
2022-12-02,Nov-22,BNP Paribas SA,,210
2022-12-02,Nov-22,Bank of Montreal,Douglas Porter,200
2022-12-02,Nov-22,Bank of The West,Scott A Anderson,180
2022-12-02,Nov-22,Banque Pictet & Cie,Thomas Costerg,195
2022-12-02,Nov-22,Barclays Capital Inc.,Jonathan Millar,175
2022-12-02,Nov-22,Bloomberg Economics,,180
2022-12-02,Nov-22,Briefing.com,,215
2022-12-02,Nov-22,Canadian Imperial Bank of Commerce,Avery Shenfeld,180
2022-12-02,Nov-22,Capital Economics Ltd,,175
2022-12-02,Nov-22,Citigroup Inc,,225
2022-12-02,Nov-22,Comerica Bank,William Adams,150
2022-12-02,Nov-22,Credit Agricole CIB,Nicholas Van Ness,175
2022-12-02,Nov-22,Credit Suisse Securities (USA) LLC,,225
2022-12-02,Nov-22,Cti Capital Securities Inc,Stephan Buu,130
2022-12-02,Nov-22,Dai-Ichi Life Research Institute Inc,Seiji Katsurahata,208
2022-12-02,Nov-22,Daiwa Capital Mkts,Michael Moran,200
2022-12-02,Nov-22,Danske Bank A/S,Mikael Olai Milhoj,220
2022-12-02,Nov-22,Dekabank Deutsche Girozentrale,Besch/Luetje,175
2022-12-02,Nov-22,Desjardins Financial Group,Jean/Genereux,210
2022-12-02,Nov-22,Deutsche Bank Securities Inc,Brett Ryan,200
2022-12-02,Nov-22,Evercore ISI,Stan Shipley,150
2022-12-02,Nov-22,FHN Financial,Christopher Low,230
2022-12-02,Nov-22,First Trust Portfolios LP,Stein/Wesbury,183
2022-12-02,Nov-22,Goldman Sachs & Co LLC,,175
2022-12-02,Nov-22,HSBC Securities (USA) Inc,Ryan Wang,210
2022-12-02,Nov-22,Helaba Frankfurt,Patrick Franke,200
2022-12-02,Nov-22,High Frequency Economics,Rubeela Farooqi,195
2022-12-02,Nov-22,Hugh Johnson Economics LLC,Hugh A Johnson,190
2022-12-02,Nov-22,ING Financial Markets LLC,James Knightley,220
2022-12-02,Nov-22,Intesa Sanpaolo Spa,Sergio Capaldi,190
2022-12-02,Nov-22,Itau Unibanco SA,,220
2022-12-02,Nov-22,JP Morgan Securities LLC,Michael E Feroli,150
2022-12-02,Nov-22,JPMorgan Asset Management Inc,David P Kelly,260
2022-12-02,Nov-22,Jefferies LLC,Aneta Markowska,185
2022-12-02,Nov-22,Kennesaw State University,Mikhail I Melnik,140
2022-12-02,Nov-22,Landesbank Baden-Wuerttemberg,Dirk Chlench,220
2022-12-02,Nov-22,Lloyds Bank PLC,Rhys Herbert,240
2022-12-02,Nov-22,Market Securities LLP,Christophe Barraud,185
2022-12-02,Nov-22,Mizuho Securities USA LLC,Steven R Ricchiuto,210
2022-12-02,Nov-22,Moody's Analytics Inc,,190
2022-12-02,Nov-22,Morgan Stanley Group Inc,,180
2022-12-02,Nov-22,National Bank of Canada Financial Inc,Marion/Paquet,150
2022-12-02,Nov-22,Nationwide Life Insurance Co,Kathleen Bostjancic,220
2022-12-02,Nov-22,Nomura Securities International Inc,,180
2022-12-02,Nov-22,Nord / LB,Bernd Krampen,190
2022-12-02,Nov-22,Oxford Economics USA Inc,,185
2022-12-02,Nov-22,PNC Finl Services Group INC,Augustine Faucher,200
2022-12-02,Nov-22,Pantheon Macroeconomics Ltd,Ian C Shepherdson,250
2022-12-02,Nov-22,Paragon Research Ltd,Colm Fitzgerald,60
2022-12-02,Nov-22,Prestige Economics LLC,Jason M Schenker,200
2022-12-02,Nov-22,RSM US LLp,Joe Brusuelas/Tuan Nguyen,185
2022-12-02,Nov-22,Regions Financial Corp,Richard F Moody,244
2022-12-02,Nov-22,SMBC Nikko Securities Inc,Yoshimasa Maruyama,200
2022-12-02,Nov-22,Santander US CM (ex-Amherst Pierpont),Stephen L Stanley,240
2022-12-02,Nov-22,Scotiabank,Derek Holt,205
2022-12-02,Nov-22,Societe Generale,Stephen Gallagher,270
2022-12-02,Nov-22,Southbay Research,Andrew Zatlin,136
2022-12-02,Nov-22,Standard Chartered PLC,,180
2022-12-02,Nov-22,Stifel Nicolaus & Co Inc,Lindsey Piegza,180
2022-12-02,Nov-22,TD Securities (USA) LLC,Oscar Munoz,240
2022-12-02,Nov-22,UBS Securities LLC,Samuel Coffin,200
2022-12-02,Nov-22,UniCredit Group,Daniel Vernazza,200
2022-12-02,Nov-22,University of Maryland,Peter G Morici,220
2022-12-02,Nov-22,Visa USA Inc,Michael Brown,175
2022-12-02,Nov-22,Wells Fargo Bank NA,Jay H Bryson,190
2022-12-02,Nov-22,Westpac Banking Corp,,180
2022-12-02,Nov-22,Wrightson ICAP LLC,Crandall/Jordan,225
2023-01-06,Dec-22,4CAST/Continuum Economics,David H Sloan,200
2023-01-06,Dec-22,Action Economics LLC,Michael R Englund,180
2023-01-06,Dec-22,Ameriprise Financial Inc,Russell T Price,150
2023-01-06,Dec-22,BNP Paribas SA,,240
2023-01-06,Dec-22,Bank of Montreal,Douglas Porter,240
2023-01-06,Dec-22,Bank of The West,Scott A Anderson,180
2023-01-06,Dec-22,Banque Pictet & Cie,Thomas Costerg,170
2023-01-06,Dec-22,Bantleon AG,Andreas Busch,185
2023-01-06,Dec-22,Barclays Capital Inc.,Marc Giannoni,200
2023-01-06,Dec-22,Berliner Sparkasse,Uwe Duerkop,175
2023-01-06,Dec-22,Bloomberg Economics,,200
2023-01-06,Dec-22,BofA Securities Inc,Michael Gapen,215
2023-01-06,Dec-22,Briefing.com,,225
2023-01-06,Dec-22,Capital Economics Ltd,,160
2023-01-06,Dec-22,Casa de Bolsa Banorte SA de CV,Katia Goya,215
2023-01-06,Dec-22,Citigroup Inc,,195
2023-01-06,Dec-22,Comerica Bank,William Adams,203
2023-01-06,Dec-22,Credit Agricole CIB,Nicholas Van Ness,190
2023-01-06,Dec-22,Credit Suisse Securities (USA) LLC,,225
2023-01-06,Dec-22,Cti Capital Securities Inc,Stephan Buu,260
2023-01-06,Dec-22,Danske Bank A/S,Mikael Olai Milhoj,220
2023-01-06,Dec-22,Dekabank Deutsche Girozentrale,Besch/Luetje,180
2023-01-06,Dec-22,Desjardins Financial Group,Jean/Genereux,160
2023-01-06,Dec-22,Evercore ISI,Stan Shipley,150
2023-01-06,Dec-22,First Trust Portfolios LP,Stein/Wesbury,205
2023-01-06,Dec-22,Goldman Sachs & Co LLC,,225
2023-01-06,Dec-22,HSBC Securities (USA) Inc,Ryan Wang,240
2023-01-06,Dec-22,Helaba Frankfurt,Patrick Franke,200
2023-01-06,Dec-22,High Frequency Economics,Rubeela Farooqi,195
2023-01-06,Dec-22,Hugh Johnson Economics LLC,Hugh A Johnson,180
2023-01-06,Dec-22,Intesa Sanpaolo Spa,Sergio Capaldi,180
2023-01-06,Dec-22,Investec Bank PLC,Shaw/Henderson,200
2023-01-06,Dec-22,Itau Unibanco SA,,220
2023-01-06,Dec-22,JP Morgan Securities LLC,Michael E Feroli,200
2023-01-06,Dec-22,JPMorgan Asset Management Inc,David P Kelly,280
2023-01-06,Dec-22,Jefferies LLC,Aneta Markowska,175
2023-01-06,Dec-22,Landesbank Baden-Wuerttemberg,Dirk Chlench,200
2023-01-06,Dec-22,Lloyds Bank PLC,Rhys Herbert,240
2023-01-06,Dec-22,Market Securities LLP,Christophe Barraud,215
2023-01-06,Dec-22,Mizuho Securities USA LLC,Steven R Ricchiuto,190
2023-01-06,Dec-22,Moody's Analytics Inc,,215
2023-01-06,Dec-22,Morgan Stanley Group Inc,,185
2023-01-06,Dec-22,National Bank of Canada Financial Inc,Marion/Paquet,150
2023-01-06,Dec-22,Nationwide Life Insurance Co,Kathleen Bostjancic,185
2023-01-06,Dec-22,Nomura Securities International Inc,,210
2023-01-06,Dec-22,Nord / LB,Bernd Krampen,220
2023-01-06,Dec-22,Oxford Economics USA Inc,,225
2023-01-06,Dec-22,PNC Finl Services Group INC,Augustine Faucher,200
2023-01-06,Dec-22,Pantheon Macroeconomics Ltd,Ian C Shepherdson,275
2023-01-06,Dec-22,Paragon Research Ltd,Colm Fitzgerald,70
2023-01-06,Dec-22,Prestige Economics LLC,Jason M Schenker,200
2023-01-06,Dec-22,RSM US LLp,Joe Brusuelas/Tuan Nguyen,220
2023-01-06,Dec-22,Regions Financial Corp,Richard F Moody,229
2023-01-06,Dec-22,SMBC Nikko Securities Inc,Yoshimasa Maruyama,240
2023-01-06,Dec-22,Santander US CM (ex-Amherst Pierpont),Stephen L Stanley,270
2023-01-06,Dec-22,Scotiabank,Derek Holt,220
2023-01-06,Dec-22,Societe Generale,Stephen Gallagher,245
2023-01-06,Dec-22,Southbay Research,Andrew Zatlin,231
2023-01-06,Dec-22,Standard Chartered PLC,,225
2023-01-06,Dec-22,TD Securities (USA) LLC,Oscar Munoz,350
2023-01-06,Dec-22,UBS Securities LLC,Samuel Coffin,210
2023-01-06,Dec-22,University of Maryland,Peter G Morici,190
2023-01-06,Dec-22,Visa USA Inc,Michael Brown,225
2023-01-06,Dec-22,Wells Fargo Bank NA,Jay H Bryson,205
2023-01-06,Dec-22,Wrightson ICAP LLC,Crandall/Jordan,225
2023-02-03,Jan-23,4CAST/Continuum Economics,David H Sloan,250
2023-02-03,Jan-23,ABN Amro Bank NV,Bill Diviney,150
2023-02-03,Jan-23,Acciones y Valores SA/Colombia,,190
2023-02-03,Jan-23,Action Economics LLC,Michael R Englund,170
2023-02-03,Jan-23,Ameriprise Financial Inc,Russell T Price,185
2023-02-03,Jan-23,BNP Paribas SA,,230
2023-02-03,Jan-23,Bank of Montreal,Douglas Porter,170
2023-02-03,Jan-23,Bank of The West,Scott A Anderson,185
2023-02-03,Jan-23,Banque Pictet & Cie,Thomas Costerg,170
2023-02-03,Jan-23,Bantleon AG,Daniel Hartmann,175
2023-02-03,Jan-23,Barclays Capital Inc.,Marc Giannoni,225
2023-02-03,Jan-23,Berliner Sparkasse,Uwe Duerkop,175
2023-02-03,Jan-23,Bloomberg Economics,,180
2023-02-03,Jan-23,BofA Securities Inc,Michael Gapen,225
2023-02-03,Jan-23,Briefing.com,,200
2023-02-03,Jan-23,Canadian Imperial Bank of Commerce,Avery Shenfeld,170
2023-02-03,Jan-23,Capital Economics Ltd,,150
2023-02-03,Jan-23,Citigroup Inc,,305
2023-02-03,Jan-23,Comerica Bank,William Adams,200
2023-02-03,Jan-23,Credit Agricole CIB,Nicholas Van Ness,175
2023-02-03,Jan-23,Credit Suisse Securities (USA) LLC,,225
2023-02-03,Jan-23,Cti Capital Securities Inc,Stephan Buu,320
2023-02-03,Jan-23,Dai-Ichi Life Research Institute Inc,Seiji Katsurahata,188
2023-02-03,Jan-23,Daiwa Capital Mkts,Michael Moran,190
2023-02-03,Jan-23,Danske Bank A/S,Mikael Olai Milhoj,200
2023-02-03,Jan-23,Dekabank Deutsche Girozentrale,Besch/Luetje,190
2023-02-03,Jan-23,Desjardins Financial Group,Jean/Genereux,185
2023-02-03,Jan-23,Deutsche Bank Securities Inc,Brett Ryan,175
2023-02-03,Jan-23,Evercore ISI,Stan Shipley,175
2023-02-03,Jan-23,FHN Financial,Christopher Low,150
2023-02-03,Jan-23,First Trust Portfolios LP,Stein/Wesbury,185
2023-02-03,Jan-23,Goldman Sachs & Co LLC,,300
2023-02-03,Jan-23,HSBC Securities (USA) Inc,Ryan Wang,232
2023-02-03,Jan-23,Helaba Frankfurt,Patrick Franke,175
2023-02-03,Jan-23,Herrmann Forecasting LLC,John D Herrmann,284
2023-02-03,Jan-23,High Frequency Economics,Rubeela Farooqi,180
2023-02-03,Jan-23,Hugh Johnson Economics LLC,Hugh A Johnson,170
2023-02-03,Jan-23,ING Financial Markets LLC,James Knightley,185
2023-02-03,Jan-23,Intesa Sanpaolo Spa,Sergio Capaldi,130
2023-02-03,Jan-23,Investec Bank PLC,Shaw/Henderson,200
2023-02-03,Jan-23,Itau Unibanco SA,,190
2023-02-03,Jan-23,JP Morgan Securities LLC,Michael E Feroli,175
2023-02-03,Jan-23,JPMorgan Asset Management Inc,David P Kelly,196
2023-02-03,Jan-23,Jefferies LLC,Aneta Markowska,260
2023-02-03,Jan-23,Landesbank Baden-Wuerttemberg,Dirk Chlench,260
2023-02-03,Jan-23,Lloyds Bank PLC,Rhys Herbert,200
2023-02-03,Jan-23,Market Securities LLP,Christophe Barraud,175
2023-02-03,Jan-23,Mizuho Securities USA LLC,Steven R Ricchiuto,160
2023-02-03,Jan-23,Moody's Analytics Inc,,180
2023-02-03,Jan-23,Morgan Stanley Group Inc,,175
2023-02-03,Jan-23,National Bank of Canada Financial Inc,Marion/Paquet,150
2023-02-03,Jan-23,Nationwide Life Insurance Co,Kathleen Bostjancic,175
2023-02-03,Jan-23,Natwest Markets,Kevin Cummins,150
2023-02-03,Jan-23,Nomura Securities International Inc,,195
2023-02-03,Jan-23,Nord / LB,Bernd Krampen,170
2023-02-03,Jan-23,Oxford Economics USA Inc,,215
2023-02-03,Jan-23,PNC Finl Services Group INC,Augustine Faucher,175
2023-02-03,Jan-23,Pantheon Macroeconomics Ltd,Ian C Shepherdson,175
2023-02-03,Jan-23,Paragon Research Ltd,Colm Fitzgerald,130
2023-02-03,Jan-23,Prestige Economics LLC,Jason M Schenker,205
2023-02-03,Jan-23,RSM US LLp,Joe Brusuelas/Tuan Nguyen,215
2023-02-03,Jan-23,Regions Financial Corp,Richard F Moody,216
2023-02-03,Jan-23,SMBC Nikko Securities Inc,Yoshimasa Maruyama,210
2023-02-03,Jan-23,Santander US CM (ex-Amherst Pierpont),Stephen L Stanley,300
2023-02-03,Jan-23,Scotiabank,Derek Holt,200
2023-02-03,Jan-23,Societe Generale,Stephen Gallagher,205
2023-02-03,Jan-23,Southbay Research,Andrew Zatlin,226
2023-02-03,Jan-23,Standard Chartered PLC,,170
2023-02-03,Jan-23,Stifel Nicolaus & Co Inc,Lindsey Piegza,170
2023-02-03,Jan-23,TD Securities (USA) LLC,Oscar Munoz,220
2023-02-03,Jan-23,UBS Securities LLC,Samuel Coffin,290
2023-02-03,Jan-23,UniCredit Group,Daniel Vernazza,190
2023-02-03,Jan-23,University of Maryland,Peter G Morici,190
2023-02-03,Jan-23,University of Michigan,Daniil Manaenkov,240
2023-02-03,Jan-23,Visa USA Inc,Michael Brown,175
2023-02-03,Jan-23,Wells Fargo Bank NA,Jay H Bryson,190
2023-02-03,Jan-23,Westpac Banking Corp,,185
2023-02-03,Jan-23,Wrightson ICAP LLC,Crandall/Jordan,225
2023-03-10,Feb-23,4CAST/Continuum Economics,David H Sloan,325
2023-03-10,Feb-23,Acciones y Valores SA/Colombia,,230
2023-03-10,Feb-23,Action Economics LLC,Michael R Englund,240
2023-03-10,Feb-23,Ameriprise Financial Inc,Russell T Price,225
2023-03-10,Feb-23,BMO Harris Bank NA,Scott A Anderson,200
2023-03-10,Feb-23,BNP Paribas SA,,240
2023-03-10,Feb-23,Bank of Montreal,Douglas Porter,220
2023-03-10,Feb-23,Bantleon AG,Daniel Hartmann,150
2023-03-10,Feb-23,Barclays Capital Inc.,Marc Giannoni,225
2023-03-10,Feb-23,Berliner Sparkasse,Uwe Duerkop,175
2023-03-10,Feb-23,Bloomberg Economics,,223
2023-03-10,Feb-23,BofA Securities Inc,Michael Gapen,230
2023-03-10,Feb-23,Briefing.com,,220
2023-03-10,Feb-23,Canadian Imperial Bank of Commerce,Avery Shenfeld,205
2023-03-10,Feb-23,Capital Economics Ltd,,200
2023-03-10,Feb-23,Casa de Bolsa Banorte SA de CV,Katia Goya,250
2023-03-10,Feb-23,Citigroup Inc,,255
2023-03-10,Feb-23,Comerica Bank,William Adams,160
2023-03-10,Feb-23,Credit Agricole CIB,Nicholas Van Ness,260
2023-03-10,Feb-23,Credit Suisse Securities (USA) LLC,,200
2023-03-10,Feb-23,Cti Capital Securities Inc,Stephan Buu,305
2023-03-10,Feb-23,Daiwa Capital Mkts,Michael Moran,225
2023-03-10,Feb-23,Danske Bank A/S,Mikael Olai Milhoj,220
2023-03-10,Feb-23,Dekabank Deutsche Girozentrale,Besch/Luetje,200
2023-03-10,Feb-23,Desjardins Financial Group,Jean/Genereux,180
2023-03-10,Feb-23,Deutsche Bank Securities Inc,Brett Ryan,300
2023-03-10,Feb-23,Evercore ISI,Stan Shipley,250
2023-03-10,Feb-23,First Trust Portfolios LP,Stein/Wesbury,232
2023-03-10,Feb-23,Goldman Sachs & Co LLC,,250
2023-03-10,Feb-23,HSBC Securities (USA) Inc,Ryan Wang,190
2023-03-10,Feb-23,Helaba Frankfurt,Patrick Franke,200
2023-03-10,Feb-23,Herrmann Forecasting LLC,John D Herrmann,262
2023-03-10,Feb-23,High Frequency Economics,Rubeela Farooqi,280
2023-03-10,Feb-23,Hugh Johnson Economics LLC,Hugh A Johnson,200
2023-03-10,Feb-23,ING Financial Markets LLC,James Knightley,200
2023-03-10,Feb-23,Intesa Sanpaolo Spa,Sergio Capaldi,200
2023-03-10,Feb-23,Investec Bank PLC,Shaw/Henderson,100
2023-03-10,Feb-23,JP Morgan Securities LLC,Michael E Feroli,200
2023-03-10,Feb-23,JPMorgan Asset Management Inc,David P Kelly,304
2023-03-10,Feb-23,Jefferies LLC,Aneta Markowska,290
2023-03-10,Feb-23,Kennesaw State University,Mikhail I Melnik,160
2023-03-10,Feb-23,Landesbank Baden-Wuerttemberg,Dirk Chlench,270
2023-03-10,Feb-23,Lloyds Bank PLC,Rhys Herbert,200
2023-03-10,Feb-23,Market Securities LLP,Christophe Barraud,235
2023-03-10,Feb-23,Mizrahi Tefahot Bank Limited,Yonie Fanning,245
2023-03-10,Feb-23,Mizuho Securities USA LLC,Steven R Ricchiuto,300
2023-03-10,Feb-23,Moody's Analytics Inc,,225
2023-03-10,Feb-23,Morgan Stanley Group Inc,,190
2023-03-10,Feb-23,National Bank of Canada Financial Inc,Marion/Paquet,190
2023-03-10,Feb-23,Nationwide Life Insurance Co,Kathleen Bostjancic,273
2023-03-10,Feb-23,Natwest Markets,Kevin Cummins,175
2023-03-10,Feb-23,Nomura Securities International Inc,,265
2023-03-10,Feb-23,Nord / LB,Bernd Krampen,200
2023-03-10,Feb-23,Oxford Economics USA Inc,,235
2023-03-10,Feb-23,PNC Finl Services Group INC,Augustine Faucher,215
2023-03-10,Feb-23,Pantheon Macroeconomics Ltd,Ian C Shepherdson,200
2023-03-10,Feb-23,Paragon Research Ltd,Colm Fitzgerald,80
2023-03-10,Feb-23,Prestige Economics LLC,Jason M Schenker,235
2023-03-10,Feb-23,RSM US LLp,Joe Brusuelas/Tuan Nguyen,310
2023-03-10,Feb-23,Regions Financial Corp,Richard F Moody,266
2023-03-10,Feb-23,SMBC Nikko Securities Inc,Yoshimasa Maruyama,200
2023-03-10,Feb-23,Santander US CM (ex-Amherst Pierpont),Stephen L Stanley,300
2023-03-10,Feb-23,Scotiabank,Derek Holt,240
2023-03-10,Feb-23,Societe Generale,Stephen Gallagher,280
2023-03-10,Feb-23,Southbay Research,Andrew Zatlin,169
2023-03-10,Feb-23,Standard Chartered PLC,,150
2023-03-10,Feb-23,Stifel Nicolaus & Co Inc,Lindsey Piegza,180
2023-03-10,Feb-23,TD Securities (USA) LLC,Oscar Munoz,230
2023-03-10,Feb-23,UBS Securities LLC,Samuel Coffin,275
2023-03-10,Feb-23,UniCredit Group,Daniel Vernazza,190
2023-03-10,Feb-23,University of Maryland,Peter G Morici,290
2023-03-10,Feb-23,University of Michigan,Daniil Manaenkov,162
2023-03-10,Feb-23,Visa USA Inc,Michael Brown,225
2023-03-10,Feb-23,Wells Fargo Bank NA,Jay H Bryson,270
2023-03-10,Feb-23,Westpac Banking Corp,,180
2023-03-10,Feb-23,Wrightson ICAP LLC,Crandall/Jordan,150
2023-04-07,Mar-23,4CAST/Continuum Economics,David H Sloan,250
2023-04-07,Mar-23,Acciones y Valores SA/Colombia,,235
2023-04-07,Mar-23,Action Economics LLC,Michael R Englund,220
2023-04-07,Mar-23,Ameriprise Financial Inc,Russell T Price,220
2023-04-07,Mar-23,BMO Harris Bank NA,Scott A Anderson,250
2023-04-07,Mar-23,BNP Paribas SA,,230
2023-04-07,Mar-23,Bank of Montreal,Douglas Porter,240
2023-04-07,Mar-23,Bantleon AG,Daniel Hartmann,210
2023-04-07,Mar-23,Barclays Capital Inc.,Marc Giannoni,250
2023-04-07,Mar-23,Berliner Sparkasse,Uwe Duerkop,150
2023-04-07,Mar-23,Bloomberg Economics,,230
2023-04-07,Mar-23,BofA Securities Inc,Michael Gapen,265
2023-04-07,Mar-23,Briefing.com,,245
2023-04-07,Mar-23,Canadian Imperial Bank of Commerce,Avery Shenfeld,220
2023-04-07,Mar-23,Capital Economics Ltd,,200
2023-04-07,Mar-23,Citigroup Inc,,250
2023-04-07,Mar-23,Comerica Bank,William Adams,220
2023-04-07,Mar-23,Credit Agricole CIB,Nicholas Van Ness,250
2023-04-07,Mar-23,Credit Suisse Securities (USA) LLC,,250
2023-04-07,Mar-23,Cti Capital Securities Inc,Stephan Buu,170
2023-04-07,Mar-23,Dai-Ichi Life Research Institute Inc,Seiji Katsurahata,198
2023-04-07,Mar-23,Daiwa Capital Mkts,Michael Moran,250
2023-04-07,Mar-23,Dekabank Deutsche Girozentrale,Besch/Luetje,190
2023-04-07,Mar-23,Desjardins Financial Group,Jean/Genereux,255
2023-04-07,Mar-23,Deutsche Bank Securities Inc,Brett Ryan,200
2023-04-07,Mar-23,Evercore ISI,Stan Shipley,175
2023-04-07,Mar-23,FHN Financial,Christopher Low,225
2023-04-07,Mar-23,First Trust Portfolios LP,Stein/Wesbury,230
2023-04-07,Mar-23,Goldman Sachs & Co LLC,,260
2023-04-07,Mar-23,HSBC Securities (USA) Inc,Ryan Wang,270
2023-04-07,Mar-23,Helaba Frankfurt,Patrick Franke,200
2023-04-07,Mar-23,Herrmann Forecasting LLC,John D Herrmann,230
2023-04-07,Mar-23,High Frequency Economics,Rubeela Farooqi,210
2023-04-07,Mar-23,Hugh Johnson Economics LLC,Hugh A Johnson,200
2023-04-07,Mar-23,ING Financial Markets LLC,James Knightley,260
2023-04-07,Mar-23,Intesa Sanpaolo Spa,Sergio Capaldi,250
2023-04-07,Mar-23,Investec Bank PLC,Shaw/Henderson,240
2023-04-07,Mar-23,Itau Unibanco SA,,250
2023-04-07,Mar-23,JP Morgan Securities LLC,Michael E Feroli,200
2023-04-07,Mar-23,JPMorgan Asset Management Inc,David P Kelly,255
2023-04-07,Mar-23,Jefferies LLC,Thomas Simons,215
2023-04-07,Mar-23,Landesbank Baden-Wuerttemberg,Dirk Chlench,180
2023-04-07,Mar-23,Lloyds Bank PLC,Rhys Herbert,250
2023-04-07,Mar-23,Lpl Financial LLC,Jeffrey Roach,190
2023-04-07,Mar-23,Market Securities LLP,Christophe Barraud,218
2023-04-07,Mar-23,Mizuho Securities USA LLC,Steven R Ricchiuto,300
2023-04-07,Mar-23,Moody's Analytics Inc,,275
2023-04-07,Mar-23,Morgan Stanley Group Inc,,240
2023-04-07,Mar-23,National Bank of Canada Financial Inc,Marion/Paquet,190
2023-04-07,Mar-23,Nationwide Life Insurance Co,Kathleen Bostjancic,230
2023-04-07,Mar-23,Natwest Markets,Kevin Cummins,155
2023-04-07,Mar-23,Nomura Securities International Inc,,250
2023-04-07,Mar-23,Nord / LB,Bernd Krampen,200
2023-04-07,Mar-23,Oxford Economics USA Inc,,215
2023-04-07,Mar-23,PNC Finl Services Group INC,Augustine Faucher,260
2023-04-07,Mar-23,Pantheon Macroeconomics Ltd,Ian C Shepherdson,250
2023-04-07,Mar-23,Paragon Research Ltd,Colm Fitzgerald,-10
2023-04-07,Mar-23,Prestige Economics LLC,Jason M Schenker,180
2023-04-07,Mar-23,RSM US LLp,Joe Brusuelas/Tuan Nguyen,195
2023-04-07,Mar-23,Regions Financial Corp,Richard F Moody,219
2023-04-07,Mar-23,SMBC Nikko Securities Inc,Yoshimasa Maruyama,250
2023-04-07,Mar-23,Santander US CM (ex-Amherst Pierpont),Stephen L Stanley,240
2023-04-07,Mar-23,Scotiabank,Derek Holt,300
2023-04-07,Mar-23,Societe Generale,Stephen Gallagher,215
2023-04-07,Mar-23,Southbay Research,Andrew Zatlin,197
2023-04-07,Mar-23,Standard Chartered PLC,,190
2023-04-07,Mar-23,Sterna Capital Partners,Mikael Olai Milhoj,250
2023-04-07,Mar-23,Stifel Nicolaus & Co Inc,Lindsey Piegza,215
2023-04-07,Mar-23,TD Securities (USA) LLC,Oscar Munoz,270
2023-04-07,Mar-23,UBS Securities LLC,Samuel Coffin,200
2023-04-07,Mar-23,UniCredit Group,Daniel Vernazza,200
2023-04-07,Mar-23,University of Maryland,Peter G Morici,235
2023-04-07,Mar-23,University of Michigan,Daniil Manaenkov,170
2023-04-07,Mar-23,Visa USA Inc,Michael Brown,275
2023-04-07,Mar-23,Wells Fargo Bank NA,Jay H Bryson,190
2023-04-07,Mar-23,Westpac Banking Corp,,270
2023-04-07,Mar-23,Wrightson ICAP LLC,Crandall/Jordan,300
2023-05-05,Apr-23,4CAST/Continuum Economics,David H Sloan,200
2023-05-05,Apr-23,ABN Amro Bank NV,Bill Diviney,150
2023-05-05,Apr-23,Acciones y Valores SA/Colombia,,200
2023-05-05,Apr-23,Action Economics LLC,Michael R Englund,170
2023-05-05,Apr-23,Ameriprise Financial Inc,Russell T Price,180
2023-05-05,Apr-23,BMO Harris Bank NA,Scott A Anderson,175
2023-05-05,Apr-23,BNP Paribas SA,,160
2023-05-05,Apr-23,Bank of Montreal,Douglas Porter,180
2023-05-05,Apr-23,Bantleon AG,Daniel Hartmann,175
2023-05-05,Apr-23,Barclays Capital Inc.,Marc Giannoni,200
2023-05-05,Apr-23,Bayerische Landesbank,Charlotte Heck-Parsch,200
2023-05-05,Apr-23,Berliner Sparkasse,Uwe Duerkop,150
2023-05-05,Apr-23,Bloomberg Economics,,171
2023-05-05,Apr-23,BofA Securities Inc,Michael Gapen,200
2023-05-05,Apr-23,Briefing.com,,195
2023-05-05,Apr-23,Canadian Imperial Bank of Commerce,Avery Shenfeld,160
2023-05-05,Apr-23,Capital Economics Ltd,,180
2023-05-05,Apr-23,Citigroup Inc,,215
2023-05-05,Apr-23,Comerica Bank,William Adams,140
2023-05-05,Apr-23,Credit Agricole CIB,Nicholas Van Ness,175
2023-05-05,Apr-23,Credit Suisse Securities (USA) LLC,,190
2023-05-05,Apr-23,Cti Capital Securities Inc,Stephan Buu,270
2023-05-05,Apr-23,Dai-Ichi Life Research Institute Inc,Seiji Katsurahata,218
2023-05-05,Apr-23,Daiwa Capital Mkts,Michael Moran,225
2023-05-05,Apr-23,Danske Bank A/S,,200
2023-05-05,Apr-23,Dekabank Deutsche Girozentrale,Besch/Luetje,210
2023-05-05,Apr-23,Desjardins Financial Group,Jean/Genereux,190
2023-05-05,Apr-23,Deutsche Bank Securities Inc,Brett Ryan,150
2023-05-05,Apr-23,Evercore ISI,Stan Shipley,160
2023-05-05,Apr-23,FHN Financial,Christopher Low,175
2023-05-05,Apr-23,First Trust Portfolios LP,Stein/Wesbury,190
2023-05-05,Apr-23,Goldman Sachs & Co LLC,,250
2023-05-05,Apr-23,HSBC Securities (USA) Inc,Ryan Wang,185
2023-05-05,Apr-23,Helaba Frankfurt,Patrick Franke,175
2023-05-05,Apr-23,Herrmann Forecasting LLC,John D Herrmann,204
2023-05-05,Apr-23,High Frequency Economics,Rubeela Farooqi,175
2023-05-05,Apr-23,Hugh Johnson Economics LLC,Hugh A Johnson,150
2023-05-05,Apr-23,ING Financial Markets LLC,James Knightley,175
2023-05-05,Apr-23,Intesa Sanpaolo Spa,Sergio Capaldi,170
2023-05-05,Apr-23,Investec Bank PLC,Shaw/Henderson,210
2023-05-05,Apr-23,Itau Unibanco SA,,200
2023-05-05,Apr-23,JP Morgan Securities LLC,Michael E Feroli,185
2023-05-05,Apr-23,JPMorgan Asset Management Inc,David P Kelly,195
2023-05-05,Apr-23,Jefferies LLC,Thomas Simons,185
2023-05-05,Apr-23,Landesbank Baden-Wuerttemberg,Dirk Chlench,200
2023-05-05,Apr-23,Lloyds Bank PLC,Rhys Herbert,170
2023-05-05,Apr-23,Market Securities LLP,Christophe Barraud,192
2023-05-05,Apr-23,Mizuho Securities USA LLC,Steven R Ricchiuto,200
2023-05-05,Apr-23,Moody's Analytics Inc,,200
2023-05-05,Apr-23,Morgan Stanley Group Inc,,183
2023-05-05,Apr-23,National Bank of Canada Financial Inc,Marion/Paquet,185
2023-05-05,Apr-23,Nationwide Life Insurance Co,Kathleen Bostjancic,190
2023-05-05,Apr-23,Natwest Markets,Kevin Cummins,140
2023-05-05,Apr-23,Nomura Securities International Inc,,265
2023-05-05,Apr-23,Nord / LB,Bernd Krampen,150
2023-05-05,Apr-23,Oxford Economics USA Inc,,185
2023-05-05,Apr-23,PNC Finl Services Group INC,Augustine Faucher,180
2023-05-05,Apr-23,Pantheon Macroeconomics Ltd,Ian C Shepherdson,125
2023-05-05,Apr-23,Paragon Research Ltd,Colm Fitzgerald,125
2023-05-05,Apr-23,Prestige Economics LLC,Jason M Schenker,175
2023-05-05,Apr-23,RSM US LLp,Joe Brusuelas/Tuan Nguyen,195
2023-05-05,Apr-23,Regions Financial Corp,Richard F Moody,146
2023-05-05,Apr-23,SMBC Nikko Securities Inc,Yoshimasa Maruyama,180
2023-05-05,Apr-23,Santander US CM (ex-Amherst Pierpont),Stephen L Stanley,220
2023-05-05,Apr-23,Scotiabank,Derek Holt,220
2023-05-05,Apr-23,Societe Generale,Stephen Gallagher,260
2023-05-05,Apr-23,Southbay Research,Andrew Zatlin,146
2023-05-05,Apr-23,Standard Chartered PLC,,175
2023-05-05,Apr-23,TD Securities (USA) LLC,Oscar Munoz,150
2023-05-05,Apr-23,UBS Securities LLC,Samuel Coffin,175
2023-05-05,Apr-23,UniCredit Group,Daniel Vernazza,170
2023-05-05,Apr-23,University of Maryland,Peter G Morici,185
2023-05-05,Apr-23,University of Michigan,Daniil Manaenkov,195
2023-05-05,Apr-23,Visa USA Inc,Michael Brown,200
2023-05-05,Apr-23,Wells Fargo Bank NA,Jay H Bryson,195
2023-05-05,Apr-23,Westpac Banking Corp,,150
2023-05-05,Apr-23,Wrightson ICAP LLC,Crandall/Jordan,250
2023-06-02,May-23,4CAST/Continuum Economics,David H Sloan,190
2023-06-02,May-23,ABN Amro Bank NV,Bill Diviney,150
2023-06-02,May-23,Acciones y Valores SA/Colombia,,190
2023-06-02,May-23,Action Economics LLC,Michael R Englund,180
2023-06-02,May-23,Ameriprise Financial Inc,Russell T Price,200
2023-06-02,May-23,BMO Harris Bank NA,Scott A Anderson,185
2023-06-02,May-23,BNP Paribas SA,,190
2023-06-02,May-23,Bank of Montreal,Douglas Porter,200
2023-06-02,May-23,Bantleon AG,Daniel Hartmann,175
2023-06-02,May-23,Barclays Capital Inc.,Marc Giannoni,200
2023-06-02,May-23,Berliner Sparkasse,Uwe Duerkop,150
2023-06-02,May-23,Bloomberg Economics,,185
2023-06-02,May-23,BofA Securities Inc,Michael Gapen,200
2023-06-02,May-23,Briefing.com,,210
2023-06-02,May-23,Canadian Imperial Bank of Commerce,Avery Shenfeld,195
2023-06-02,May-23,Capital Economics Ltd,,200
2023-06-02,May-23,Citigroup Inc,,200
2023-06-02,May-23,Comerica Bank,William Adams,175
2023-06-02,May-23,Credit Agricole CIB,Nicholas Van Ness,195
2023-06-02,May-23,Credit Suisse Securities (USA) LLC,,200
2023-06-02,May-23,Cti Capital Securities Inc,Stephan Buu,175
2023-06-02,May-23,Dai-Ichi Life Research Institute Inc,Seiji Katsurahata,218
2023-06-02,May-23,Danske Bank A/S,,200
2023-06-02,May-23,Dekabank Deutsche Girozentrale,Besch/Luetje,200
2023-06-02,May-23,Desjardins Financial Group,Jean/Genereux,190
2023-06-02,May-23,Deutsche Bank Securities Inc,Brett Ryan,200
2023-06-02,May-23,Evercore ISI,Stan Shipley,160
2023-06-02,May-23,FHN Financial,Christopher Low,200
2023-06-02,May-23,First Trust Portfolios LP,Stein/Wesbury,190
2023-06-02,May-23,Goldman Sachs & Co LLC,,175
2023-06-02,May-23,HSBC Securities (USA) Inc,Ryan Wang,195
2023-06-02,May-23,Helaba Frankfurt,Patrick Franke,100
2023-06-02,May-23,Herrmann Forecasting LLC,John D Herrmann,241
2023-06-02,May-23,High Frequency Economics,Rubeela Farooqi,190
2023-06-02,May-23,Hugh Johnson Economics LLC,Hugh A Johnson,150
2023-06-02,May-23,ING Financial Markets LLC,James Knightley,195
2023-06-02,May-23,Intesa Sanpaolo Spa,Sergio Capaldi,175
2023-06-02,May-23,Investec Bank PLC,Shaw/Henderson,210
2023-06-02,May-23,Itau Unibanco SA,,250
2023-06-02,May-23,JP Morgan Securities LLC,Michael E Feroli,150
2023-06-02,May-23,JPMorgan Asset Management Inc,David P Kelly,205
2023-06-02,May-23,Jefferies LLC,Thomas Simons,230
2023-06-02,May-23,Landesbank Baden-Wuerttemberg,Dirk Chlench,190
2023-06-02,May-23,Lloyds Bank PLC,Rhys Herbert,195
2023-06-02,May-23,Market Securities LLP,Christophe Barraud,187
2023-06-02,May-23,Mizuho Securities USA LLC,Steven R Ricchiuto,230
2023-06-02,May-23,Moody's Analytics Inc,,215
2023-06-02,May-23,Morgan Stanley Group Inc,,170
2023-06-02,May-23,National Bank of Canada Financial Inc,Marion/Paquet,220
2023-06-02,May-23,Nationwide Life Insurance Co,Kathleen Bostjancic,205
2023-06-02,May-23,Natwest Markets,Kevin Cummins,185
2023-06-02,May-23,Nomura Securities International Inc,,235
2023-06-02,May-23,Nord / LB,Bernd Krampen,160
2023-06-02,May-23,Oxford Economics USA Inc,,185
2023-06-02,May-23,PNC Finl Services Group INC,Augustine Faucher,190
2023-06-02,May-23,Pantheon Macroeconomics Ltd,Ian C Shepherdson,125
2023-06-02,May-23,Paragon Research Ltd,Colm Fitzgerald,195
2023-06-02,May-23,Prestige Economics LLC,Jason M Schenker,220
2023-06-02,May-23,RBC Capital Markets LLC,Michael Reid,215
2023-06-02,May-23,RSM US LLp,Joe Brusuelas/Tuan Nguyen,230
2023-06-02,May-23,Regions Financial Corp,Richard F Moody,169
2023-06-02,May-23,SMBC Nikko Securities Inc,Yoshimasa Maruyama,220
2023-06-02,May-23,Santander US CM (ex-Amherst Pierpont),Stephen L Stanley,220
2023-06-02,May-23,Scotiabank,Derek Holt,225
2023-06-02,May-23,Societe Generale,Stephen Gallagher,210
2023-06-02,May-23,Southbay Research,Andrew Zatlin,163
2023-06-02,May-23,Standard Chartered PLC,,175
2023-06-02,May-23,Stifel Nicolaus & Co Inc,Lindsey Piegza,170
2023-06-02,May-23,TD Securities (USA) LLC,Oscar Munoz,210
2023-06-02,May-23,UBS Securities LLC,Samuel Coffin,185
2023-06-02,May-23,UniCredit Group,Daniel Vernazza,180
2023-06-02,May-23,University of Maryland,Peter G Morici,180
2023-06-02,May-23,University of Michigan,Daniil Manaenkov,225
2023-06-02,May-23,Visa USA Inc,Michael Brown,185
2023-06-02,May-23,Wells Fargo Bank NA,Jay H Bryson,210
2023-06-02,May-23,Wrightson ICAP LLC,Crandall/Jordan,175
2023-07-07,Jun-23,4CAST/Continuum Economics,David H Sloan,235
2023-07-07,Jun-23,ABN Amro Bank NV,Bill Diviney,200
2023-07-07,Jun-23,Acciones y Valores SA/Colombia,,230
2023-07-07,Jun-23,Action Economics LLC,Michael R Englund,200
2023-07-07,Jun-23,Ameriprise Financial Inc,Russell T Price,260
2023-07-07,Jun-23,BMO Harris Bank NA,Scott A Anderson,220
2023-07-07,Jun-23,BNP Paribas SA,,230
2023-07-07,Jun-23,Bank of Montreal,Douglas Porter,220
2023-07-07,Jun-23,Bantleon AG,Daniel Hartmann,250
2023-07-07,Jun-23,Barclays Capital Inc.,Marc Giannoni,225
2023-07-07,Jun-23,Berliner Sparkasse,Uwe Duerkop,250
2023-07-07,Jun-23,Bloomberg Economics,,225
2023-07-07,Jun-23,BofA Securities Inc,Michael Gapen,250
2023-07-07,Jun-23,Briefing.com,,230
2023-07-07,Jun-23,Canadian Imperial Bank of Commerce,Avery Shenfeld,185
2023-07-07,Jun-23,Capital Economics Ltd,,250
2023-07-07,Jun-23,Citigroup Inc,,170
2023-07-07,Jun-23,Comerica Bank,William Adams,252
2023-07-07,Jun-23,Credit Agricole CIB,Nicholas Van Ness,250
2023-07-07,Jun-23,Credit Suisse Securities (USA) LLC,,190
2023-07-07,Jun-23,Cti Capital Securities Inc,Stephan Buu,253
2023-07-07,Jun-23,Dai-Ichi Life Research Institute Inc,Seiji Katsurahata,248
2023-07-07,Jun-23,Daiwa Capital Mkts,Michael Moran,250
2023-07-07,Jun-23,Danske Bank A/S,,180
2023-07-07,Jun-23,Dekabank Deutsche Girozentrale,Besch/Luetje,230
2023-07-07,Jun-23,Desjardins Financial Group,Jean/Genereux,210
2023-07-07,Jun-23,Deutsche Bank Securities Inc,Brett Ryan,200
2023-07-07,Jun-23,Evercore ISI,Stan Shipley,220
2023-07-07,Jun-23,FHN Financial,Christopher Low,220
2023-07-07,Jun-23,First Trust Portfolios LP,Stein/Wesbury,240
2023-07-07,Jun-23,Goldman Sachs & Co LLC,,250
2023-07-07,Jun-23,HSBC Securities (USA) Inc,Ryan Wang,235
2023-07-07,Jun-23,Helaba Frankfurt,Patrick Franke,200
2023-07-07,Jun-23,Herrmann Forecasting LLC,John D Herrmann,273
2023-07-07,Jun-23,High Frequency Economics,Rubeela Farooqi,225
2023-07-07,Jun-23,Hugh Johnson Economics LLC,Hugh A Johnson,190
2023-07-07,Jun-23,ING Financial Markets LLC,James Knightley,225
2023-07-07,Jun-23,Intesa Sanpaolo Spa,Sergio Capaldi,190
2023-07-07,Jun-23,Investec Bank PLC,Shaw/Henderson,270
2023-07-07,Jun-23,Itau Unibanco SA,,275
2023-07-07,Jun-23,JP Morgan Securities LLC,Michael E Feroli,200
2023-07-07,Jun-23,JPMorgan Asset Management Inc,David P Kelly,260
2023-07-07,Jun-23,Jefferies LLC,Thomas Simons,250
2023-07-07,Jun-23,Landesbank Baden-Wuerttemberg,Dirk Chlench,110
2023-07-07,Jun-23,Lloyds Bank PLC,Rhys Herbert,225
2023-07-07,Jun-23,Market Securities LLP,Christophe Barraud,240
2023-07-07,Jun-23,Mizuho Securities USA LLC,Steven R Ricchiuto,255
2023-07-07,Jun-23,Moody's Analytics Inc,,220
2023-07-07,Jun-23,Morgan Stanley Group Inc,,270
2023-07-07,Jun-23,National Bank of Canada Financial Inc,Marion/Paquet,175
2023-07-07,Jun-23,Nationwide Life Insurance Co,Kathleen Bostjancic,190
2023-07-07,Jun-23,Natwest Markets,Kevin Cummins,240
2023-07-07,Jun-23,Nomura Securities International Inc,,255
2023-07-07,Jun-23,Nord / LB,Bernd Krampen,200
2023-07-07,Jun-23,Oxford Economics USA Inc,,250
2023-07-07,Jun-23,Pantheon Macroeconomics Ltd,Ian C Shepherdson,250
2023-07-07,Jun-23,Paragon Research Ltd,Colm Fitzgerald,235
2023-07-07,Jun-23,Prestige Economics LLC,Jason M Schenker,200
2023-07-07,Jun-23,RBC Capital Markets LLC,Michael Reid,260
2023-07-07,Jun-23,RSM US LLp,Joe Brusuelas/Tuan Nguyen,245
2023-07-07,Jun-23,Regions Financial Corp,Richard F Moody,214
2023-07-07,Jun-23,Santander US CM (ex-Amherst Pierpont),Stephen L Stanley,225
2023-07-07,Jun-23,Scotiabank,Derek Holt,275
2023-07-07,Jun-23,Societe Generale,Stephen Gallagher,250
2023-07-07,Jun-23,Southbay Research,Andrew Zatlin,124
2023-07-07,Jun-23,Standard Chartered PLC,,225
2023-07-07,Jun-23,Stifel Nicolaus & Co Inc,Lindsey Piegza,200
2023-07-07,Jun-23,TD Securities (USA) LLC,Oscar Munoz,240
2023-07-07,Jun-23,UBS Securities LLC,,175
2023-07-07,Jun-23,UniCredit Group,Daniel Vernazza,190
2023-07-07,Jun-23,University of Maryland,Peter G Morici,245
2023-07-07,Jun-23,Visa USA Inc,Michael Brown,275
2023-07-07,Jun-23,Wells Fargo Bank NA,Jay H Bryson,260
2023-07-07,Jun-23,Westpac Banking Corp,,190
2023-07-07,Jun-23,Wrightson ICAP LLC,Crandall/Jordan,350
2023-08-04,Jul-23,4CAST/Continuum Economics,David H Sloan,250
2023-08-04,Jul-23,Acciones y Valores SA/Colombia,,200
2023-08-04,Jul-23,Action Economics LLC,Michael R Englund,180
2023-08-04,Jul-23,Ameriprise Financial Inc,Russell T Price,220
2023-08-04,Jul-23,BMO Harris Bank NA,Scott A Anderson,200
2023-08-04,Jul-23,BNP Paribas SA,,225
2023-08-04,Jul-23,Bank of Montreal,Douglas Porter,200
2023-08-04,Jul-23,Bantleon AG,Daniel Hartmann,210
2023-08-04,Jul-23,Barclays Capital Inc.,Marc Giannoni,250
2023-08-04,Jul-23,Bloomberg Economics,,200
2023-08-04,Jul-23,BofA Securities Inc,Michael Gapen,200
2023-08-04,Jul-23,Canadian Imperial Bank of Commerce,Avery Shenfeld,185
2023-08-04,Jul-23,Capital Economics Ltd,,200
2023-08-04,Jul-23,Casa de Bolsa Banorte SA de CV,Katia Goya,224
2023-08-04,Jul-23,Citigroup Inc,,290
2023-08-04,Jul-23,Comerica Bank,William Adams,200
2023-08-04,Jul-23,Credit Agricole CIB,Nicholas Van Ness,190
2023-08-04,Jul-23,Credit Suisse Securities (USA) LLC,,200
2023-08-04,Jul-23,Dai-Ichi Life Research Institute Inc,Seiji Katsurahata,245
2023-08-04,Jul-23,Daiwa Capital Mkts,Michael Moran,200
2023-08-04,Jul-23,Danske Bank A/S,,170
2023-08-04,Jul-23,Dekabank Deutsche Girozentrale,Besch/Luetje,200
2023-08-04,Jul-23,Deutsche Bank Securities Inc,Brett Ryan,175
2023-08-04,Jul-23,Evercore ISI,Stan Shipley,220
2023-08-04,Jul-23,FHN Financial,Christopher Low,200
2023-08-04,Jul-23,First Trust Portfolios LP,Stein/Wesbury,220
2023-08-04,Jul-23,Goldman Sachs & Co LLC,,250
2023-08-04,Jul-23,HSBC Securities (USA) Inc,Ryan Wang,240
2023-08-04,Jul-23,Helaba Frankfurt,Patrick Franke,150
2023-08-04,Jul-23,Herrmann Forecasting LLC,John D Herrmann,223
2023-08-04,Jul-23,High Frequency Economics,Rubeela Farooqi,180
2023-08-04,Jul-23,Hugh Johnson Economics LLC,Hugh A Johnson,165
2023-08-04,Jul-23,ING Financial Markets LLC,James Knightley,200
2023-08-04,Jul-23,Intesa Sanpaolo Spa,Sergio Capaldi,190
2023-08-04,Jul-23,Investec Bank PLC,Shaw/Henderson,200
2023-08-04,Jul-23,Itau Unibanco SA,,260
2023-08-04,Jul-23,JP Morgan Securities LLC,Michael E Feroli,175
2023-08-04,Jul-23,JPMorgan Asset Management Inc,David P Kelly,228
2023-08-04,Jul-23,Jefferies LLC,Thomas Simons,235
2023-08-04,Jul-23,Kennesaw State University,Mikhail I Melnik,150
2023-08-04,Jul-23,Landesbank Baden-Wuerttemberg,Dirk Chlench,300
2023-08-04,Jul-23,Lloyds Bank PLC,Rhys Herbert,230
2023-08-04,Jul-23,Market Securities LLP,Christophe Barraud,215
2023-08-04,Jul-23,Mizrahi Tefahot Bank Limited,Yonie Fanning,185
2023-08-04,Jul-23,Mizuho Securities USA LLC,Steven R Ricchiuto,240
2023-08-04,Jul-23,Moody's Analytics Inc,,225
2023-08-04,Jul-23,Morgan Stanley Group Inc,,190
2023-08-04,Jul-23,National Bank of Canada Financial Inc,Marion/Paquet,215
2023-08-04,Jul-23,Nationwide Mutual Insurance Co,Kathleen Bostjancic,225
2023-08-04,Jul-23,Nomura Securities International Inc,,220
2023-08-04,Jul-23,Nord / LB,Bernd Krampen,180
2023-08-04,Jul-23,Oxford Economics USA Inc,,205
2023-08-04,Jul-23,PNC Finl Services Group INC,Augustine Faucher,240
2023-08-04,Jul-23,Pantheon Macroeconomics Ltd,Ian C Shepherdson,275
2023-08-04,Jul-23,Paragon Research Ltd,Colm Fitzgerald,220
2023-08-04,Jul-23,Prestige Economics LLC,Jason M Schenker,185
2023-08-04,Jul-23,RBC Capital Markets LLC,Michael Reid,185
2023-08-04,Jul-23,RSM US LLp,Joe Brusuelas/Tuan Nguyen,175
2023-08-04,Jul-23,Regions Financial Corp,Richard F Moody,212
2023-08-04,Jul-23,SMBC Nikko Securities Inc,Yoshimasa Maruyama,170
2023-08-04,Jul-23,Santander US CM (ex-Amherst Pierpont),Stephen L Stanley,270
2023-08-04,Jul-23,Scotiabank,Derek Holt,250
2023-08-04,Jul-23,Societe Generale,Stephen Gallagher,190
2023-08-04,Jul-23,Southbay Research,Andrew Zatlin,194
2023-08-04,Jul-23,Stifel Nicolaus & Co Inc,Lindsey Piegza,185
2023-08-04,Jul-23,TD Securities (USA) LLC,Oscar Munoz,260
2023-08-04,Jul-23,UBS Securities LLC,,150
2023-08-04,Jul-23,University of Maryland,Peter G Morici,180
2023-08-04,Jul-23,University of Michigan,Daniil Manaenkov,230
2023-08-04,Jul-23,Visa USA Inc,Michael Brown,220
2023-08-04,Jul-23,Wells Fargo Bank NA,Jay H Bryson,210
2023-08-04,Jul-23,Westpac Banking Corp,,210
2023-08-04,Jul-23,Wrightson ICAP LLC,Crandall/Jordan,200
2023-09-01,Aug-23,4CAST/Continuum Economics,David H Sloan,195
2023-09-01,Aug-23,ABN Amro Bank NV,Bill Diviney,150
2023-09-01,Aug-23,Acciones y Valores SA/Colombia,,200
2023-09-01,Aug-23,Action Economics LLC,Michael R Englund,160
2023-09-01,Aug-23,Ameriprise Financial Inc,Russell T Price,180
2023-09-01,Aug-23,BMO Harris Bank NA,Scott A Anderson,165
2023-09-01,Aug-23,BNP Paribas SA,,140
2023-09-01,Aug-23,Bank of Montreal,Douglas Porter,170
2023-09-01,Aug-23,Bantleon AG,Daniel Hartmann,180
2023-09-01,Aug-23,Barclays Capital Inc.,Marc Giannoni,200
2023-09-01,Aug-23,Berliner Sparkasse,Uwe Duerkop,125
2023-09-01,Aug-23,Bloomberg Economics,,182
2023-09-01,Aug-23,Briefing.com,,185
2023-09-01,Aug-23,Canadian Imperial Bank of Commerce,Avery Shenfeld,175
2023-09-01,Aug-23,Capital Economics Ltd,,170
2023-09-01,Aug-23,Citigroup Inc,,130
2023-09-01,Aug-23,Credit Agricole CIB,Nicholas Van Ness,165
2023-09-01,Aug-23,Credit Suisse Securities (USA) LLC,,170
2023-09-01,Aug-23,Cti Capital Securities Inc,Stephan Buu,210
2023-09-01,Aug-23,Dai-Ichi Life Research Institute Inc,Seiji Katsurahata,175
2023-09-01,Aug-23,Danske Bank A/S,,160
2023-09-01,Aug-23,Desjardins Financial Group,Jean/Genereux,155
2023-09-01,Aug-23,Deutsche Bank Securities Inc,Brett Ryan,150
2023-09-01,Aug-23,Evercore ISI,Stan Shipley,180
2023-09-01,Aug-23,FHN Financial,Christopher Low,180
2023-09-01,Aug-23,First Trust Portfolios LP,Stein/Wesbury,160
2023-09-01,Aug-23,Goldman Sachs & Co LLC,,149
2023-09-01,Aug-23,HSBC Securities (USA) Inc,Ryan Wang,175
2023-09-01,Aug-23,Helaba Frankfurt,Patrick Franke,150
2023-09-01,Aug-23,Herrmann Forecasting LLC,John D Herrmann,147
2023-09-01,Aug-23,High Frequency Economics,Rubeela Farooqi,160
2023-09-01,Aug-23,Hugh Johnson Economics LLC,Hugh A Johnson,160
2023-09-01,Aug-23,ING Financial Markets LLC,James Knightley,175
2023-09-01,Aug-23,Itau Unibanco SA,,175
2023-09-01,Aug-23,JP Morgan Securities LLC,Michael E Feroli,125
2023-09-01,Aug-23,JPMorgan Asset Management Inc,David P Kelly,165
2023-09-01,Aug-23,Jefferies LLC,Thomas Simons,165
2023-09-01,Aug-23,Landesbank Baden-Wuerttemberg,Dirk Chlench,170
2023-09-01,Aug-23,Lloyds Bank PLC,Rhys Herbert,190
2023-09-01,Aug-23,Market Securities LLP,Christophe Barraud,180
2023-09-01,Aug-23,Mizrahi Tefahot Bank Limited,Yonie Fanning,150
2023-09-01,Aug-23,Mizuho Securities USA LLC,Steven R Ricchiuto,225
2023-09-01,Aug-23,Morgan Stanley Group Inc,,155
2023-09-01,Aug-23,National Bank of Canada Financial Inc,Marion/Paquet,175
2023-09-01,Aug-23,Nationwide Mutual Insurance Co,Kathleen Bostjancic,170
2023-09-01,Aug-23,Nomura Securities International Inc,,165
2023-09-01,Aug-23,Nord / LB,Bernd Krampen,150
2023-09-01,Aug-23,Oxford Economics USA Inc,,185
2023-09-01,Aug-23,PNC Finl Services Group INC,Augustine Faucher,150
2023-09-01,Aug-23,Pantheon Macroeconomics Ltd,Ian C Shepherdson,200
2023-09-01,Aug-23,Paragon Research Ltd,Colm Fitzgerald,145
2023-09-01,Aug-23,Prestige Economics LLC,Jason M Schenker,170
2023-09-01,Aug-23,RBC Capital Markets LLC,Michael Reid,150
2023-09-01,Aug-23,RSM US LLp,Joe Brusuelas/Tuan Nguyen,150
2023-09-01,Aug-23,Regions Financial Corp,Richard F Moody,158
2023-09-01,Aug-23,SMBC Nikko Securities Inc,Yoshimasa Maruyama,120
2023-09-01,Aug-23,Santander US CM (ex-Amherst Pierpont),Stephen L Stanley,230
2023-09-01,Aug-23,Scotiabank,Derek Holt,200
2023-09-01,Aug-23,Societe Generale,Stephen Gallagher,215
2023-09-01,Aug-23,Southbay Research,Andrew Zatlin,190
2023-09-01,Aug-23,Standard Chartered PLC,,160
2023-09-01,Aug-23,TD Securities (USA) LLC,Oscar Munoz,180
2023-09-01,Aug-23,UBS Securities LLC,,200
2023-09-01,Aug-23,University of Maryland,Peter G Morici,170
2023-09-01,Aug-23,University of Michigan,Daniil Manaenkov,227
2023-09-01,Aug-23,Visa USA Inc,Michael Brown,210
2023-09-01,Aug-23,Wells Fargo Bank NA,Jay H Bryson,160
2023-09-01,Aug-23,Westpac Banking Corp,,190
2023-09-01,Aug-23,Wrightson ICAP LLC,Crandall/Jordan,150
2023-10-06,Sep-23,4CAST/Continuum Economics,David H Sloan,210
2023-10-06,Sep-23,ABN Amro Bank NV,Bill Diviney,150
2023-10-06,Sep-23,Acciones y Valores SA/Colombia,,170
2023-10-06,Sep-23,Action Economics LLC,Michael R Englund,140
2023-10-06,Sep-23,Ameriprise Financial Inc,Russell T Price,90
2023-10-06,Sep-23,BNP Paribas SA,,150
2023-10-06,Sep-23,Bank of Montreal,D. Porter/S. Anderson,175
2023-10-06,Sep-23,Bantleon AG,Daniel Hartmann,160
2023-10-06,Sep-23,Barclays Capital Inc.,Marc Giannoni,225
2023-10-06,Sep-23,Berliner Sparkasse,Uwe Duerkop,175
2023-10-06,Sep-23,Bloomberg Economics,,173
2023-10-06,Sep-23,BofA Securities Inc,Michael Gapen,185
2023-10-06,Sep-23,Briefing.com,,160
2023-10-06,Sep-23,Canadian Imperial Bank of Commerce,Avery Shenfeld,165
2023-10-06,Sep-23,Capital Economics Ltd,,170
2023-10-06,Sep-23,Citigroup Inc,,240
2023-10-06,Sep-23,Comerica Bank,William Adams,150
2023-10-06,Sep-23,Credit Agricole CIB,Nicholas Van Ness,160
2023-10-06,Sep-23,Dai-Ichi Life Research Institute Inc,Seiji Katsurahata,208
2023-10-06,Sep-23,Daiwa Capital Mkts,Michael Moran,160
2023-10-06,Sep-23,Danske Bank A/S,,140
2023-10-06,Sep-23,Dekabank Deutsche Girozentrale,Besch/Luetje,150
2023-10-06,Sep-23,Desjardins Financial Group,Jean/Genereux,180
2023-10-06,Sep-23,Deutsche Bank Securities Inc,Brett Ryan,150
2023-10-06,Sep-23,Evercore ISI,Stan Shipley,150
2023-10-06,Sep-23,FHN Financial,Christopher Low,175
2023-10-06,Sep-23,First Trust Portfolios LP,Stein/Wesbury,160
2023-10-06,Sep-23,Goldman Sachs & Co LLC,,200
2023-10-06,Sep-23,HSBC Securities (USA) Inc,Ryan Wang,190
2023-10-06,Sep-23,Helaba Frankfurt,Patrick Franke,150
2023-10-06,Sep-23,Herrmann Forecasting LLC,John D Herrmann,218
2023-10-06,Sep-23,High Frequency Economics,Rubeela Farooqi,155
2023-10-06,Sep-23,Hugh Johnson Economics LLC,Hugh A Johnson,140
2023-10-06,Sep-23,ING Financial Markets LLC,James Knightley,175
2023-10-06,Sep-23,Intesa Sanpaolo Spa,Sergio Capaldi,170
2023-10-06,Sep-23,Investec Bank PLC,Shaw/Henderson,155
2023-10-06,Sep-23,Itau Unibanco SA,,200
2023-10-06,Sep-23,JP Morgan Securities LLC,Michael E Feroli,175
2023-10-06,Sep-23,JPMorgan Asset Management Inc,David P Kelly,155
2023-10-06,Sep-23,Jefferies LLC,Thomas Simons,150
2023-10-06,Sep-23,Kennesaw State University,Mikhail I Melnik,135
2023-10-06,Sep-23,Landesbank Baden-Wuerttemberg,Dirk Chlench,140
2023-10-06,Sep-23,Lloyds Bank PLC,Rhys Herbert,190
2023-10-06,Sep-23,Market Securities LLP,Christophe Barraud,175
2023-10-06,Sep-23,Mizrahi Tefahot Bank Limited,Yonie Fanning,153
2023-10-06,Sep-23,Mizuho Securities USA LLC,Steven R Ricchiuto,205
2023-10-06,Sep-23,Moody's Analytics Inc,,160
2023-10-06,Sep-23,Morgan Stanley Group Inc,,180
2023-10-06,Sep-23,National Bank of Canada Financial Inc,Marion/Paquet,200
2023-10-06,Sep-23,Nationwide Mutual Insurance Co,Kathleen Bostjancic,165
2023-10-06,Sep-23,Natixis North America LLC,Christopher Hodge,195
2023-10-06,Sep-23,Nomura Securities International Inc,,170
2023-10-06,Sep-23,Nord / LB,Bernd Krampen,150
2023-10-06,Sep-23,Oxford Economics USA Inc,,180
2023-10-06,Sep-23,PNC Finl Services Group INC,Augustine Faucher,225
2023-10-06,Sep-23,Pantheon Macroeconomics Ltd,Ian C Shepherdson,250
2023-10-06,Sep-23,Paragon Research Ltd,Colm Fitzgerald,190
2023-10-06,Sep-23,Prestige Economics LLC,Jason M Schenker,165
2023-10-06,Sep-23,RBC Capital Markets LLC,Michael Reid,177
2023-10-06,Sep-23,RSM US LLp,Joe Brusuelas/Tuan Nguyen,195
2023-10-06,Sep-23,Regions Financial Corp,Richard F Moody,181
2023-10-06,Sep-23,SMBC Nikko Securities Inc,Yoshimasa Maruyama,105
2023-10-06,Sep-23,Santander US CM (ex-Amherst Pierpont),Stephen L Stanley,250
2023-10-06,Sep-23,Scotiabank,Derek Holt,175
2023-10-06,Sep-23,Societe Generale,Stephen Gallagher,190
2023-10-06,Sep-23,Southbay Research,Andrew Zatlin,242
2023-10-06,Sep-23,Standard Chartered PLC,,155
2023-10-06,Sep-23,Stifel Nicolaus & Co Inc,Lindsey Piegza,160
2023-10-06,Sep-23,TD Securities (USA) LLC,Oscar Munoz,210
2023-10-06,Sep-23,UBS Securities LLC,,200
2023-10-06,Sep-23,UniCredit Group,Daniel Vernazza,150
2023-10-06,Sep-23,University of Maryland,Peter G Morici,150
2023-10-06,Sep-23,University of Michigan,Daniil Manaenkov,170
2023-10-06,Sep-23,Visa USA Inc,Michael Brown,200
2023-10-06,Sep-23,Wells Fargo Bank NA,Jay H Bryson,150
2023-10-06,Sep-23,Westpac Banking Corp,,160
2023-10-06,Sep-23,Wrightson ICAP LLC,Crandall/Jordan,170
2023-11-03,Oct-23,4CAST/Continuum Economics,David H Sloan,150
2023-11-03,Oct-23,Acciones y Valores SA/Colombia,,190
2023-11-03,Oct-23,Action Economics LLC,Michael R Englund,160
2023-11-03,Oct-23,Ameriprise Financial Inc,Russell T Price,180
2023-11-03,Oct-23,BNP Paribas SA,,190
2023-11-03,Oct-23,Bank of Montreal,D. Porter/S. Anderson,170
2023-11-03,Oct-23,Bantleon AG,Daniel Hartmann,150
2023-11-03,Oct-23,Barclays Capital Inc.,Marc Giannoni,225
2023-11-03,Oct-23,Bloomberg Economics,,157
2023-11-03,Oct-23,BofA Securities Inc,Michael Gapen,230
2023-11-03,Oct-23,Canadian Imperial Bank of Commerce,Avery Shenfeld,190
2023-11-03,Oct-23,Capital Economics Ltd,,200
2023-11-03,Oct-23,Citigroup Inc,,160
2023-11-03,Oct-23,Comerica Bank,William Adams,150
2023-11-03,Oct-23,Cti Capital Securities Inc,Stephan Buu,215
2023-11-03,Oct-23,Dai-Ichi Life Research Institute Inc,Seiji Katsurahata,206
2023-11-03,Oct-23,Daiwa Capital Mkts,Michael Moran,180
2023-11-03,Oct-23,Danske Bank A/S,,180
2023-11-03,Oct-23,Dekabank Deutsche Girozentrale,Besch/Luetje,160
2023-11-03,Oct-23,Desjardins Financial Group,Jean/Genereux,170
2023-11-03,Oct-23,Deutsche Bank Securities Inc,Brett Ryan,140
2023-11-03,Oct-23,Evercore ISI,Stan Shipley,150
2023-11-03,Oct-23,FHN Financial,Christopher Low,190
2023-11-03,Oct-23,First Trust Portfolios LP,Stein/Wesbury,177
2023-11-03,Oct-23,Goldman Sachs & Co LLC,,195
2023-11-03,Oct-23,HSBC Securities (USA) Inc,Ryan Wang,195
2023-11-03,Oct-23,Helaba Frankfurt,Patrick Franke,150
2023-11-03,Oct-23,Herrmann Forecasting LLC,John D Herrmann,168
2023-11-03,Oct-23,High Frequency Economics,Rubeela Farooqi,180
2023-11-03,Oct-23,Hugh Johnson Economics LLC,Hugh A Johnson,160
2023-11-03,Oct-23,ING Financial Markets LLC,James Knightley,200
2023-11-03,Oct-23,Investec Bank PLC,Shaw/Henderson,200
2023-11-03,Oct-23,Itau Unibanco SA,,215
2023-11-03,Oct-23,JP Morgan Securities LLC,Michael E Feroli,160
2023-11-03,Oct-23,JPMorgan Asset Management Inc,David P Kelly,158
2023-11-03,Oct-23,Jefferies LLC,Thomas Simons,200
2023-11-03,Oct-23,Lloyds Bank PLC,Rhys Herbert,210
2023-11-03,Oct-23,Market Securities LLP,Christophe Barraud,168
2023-11-03,Oct-23,Mizuho Securities USA LLC,Steven R Ricchiuto,220
2023-11-03,Oct-23,Moody's Analytics Inc,,200
2023-11-03,Oct-23,Morgan Stanley Group Inc,,190
2023-11-03,Oct-23,National Bank of Canada Financial Inc,Marion/Paquet,175
2023-11-03,Oct-23,Nationwide Mutual Insurance Co,Kathleen Bostjancic,130
2023-11-03,Oct-23,Natixis North America LLC,Christopher Hodge,170
2023-11-03,Oct-23,Natwest Markets,Kevin Cummins,140
2023-11-03,Oct-23,Nomura Securities International Inc,,210
2023-11-03,Oct-23,Nord / LB,Bernd Krampen,160
2023-11-03,Oct-23,Oxford Economics USA Inc,,170
2023-11-03,Oct-23,PNC Finl Services Group INC,Augustine Faucher,180
2023-11-03,Oct-23,Pantheon Macroeconomics Ltd,Ian C Shepherdson,125
2023-11-03,Oct-23,Paragon Research Ltd,Colm Fitzgerald,20
2023-11-03,Oct-23,Prestige Economics LLC,Jason M Schenker,235
2023-11-03,Oct-23,RBC Capital Markets LLC,Michael Reid,208
2023-11-03,Oct-23,RSM US LLp,Joe Brusuelas/Tuan Nguyen,160
2023-11-03,Oct-23,Regions Financial Corp,Richard F Moody,187
2023-11-03,Oct-23,SMBC Nikko Securities Inc,Yoshimasa Maruyama,140
2023-11-03,Oct-23,Santander US CM (ex-Amherst Pierpont),Stephen L Stanley,185
2023-11-03,Oct-23,Scotiabank,Derek Holt,200
2023-11-03,Oct-23,Societe Generale,Stephen Gallagher,190
2023-11-03,Oct-23,Southbay Research,Andrew Zatlin,181
2023-11-03,Oct-23,TD Securities (USA) LLC,Oscar Munoz,140
2023-11-03,Oct-23,UBS Securities LLC,,160
2023-11-03,Oct-23,University of Maryland,Peter G Morici,155
2023-11-03,Oct-23,Visa USA Inc,Michael Brown,175
2023-11-03,Oct-23,Wells Fargo Bank NA,Jay H Bryson,175
2023-11-03,Oct-23,Westpac Banking Corp,,190
2023-11-03,Oct-23,Wrightson ICAP LLC,Crandall/Jordan,190
2023-12-08,Nov-23,4CAST/Continuum Economics,David H Sloan,200
2023-12-08,Nov-23,ABN Amro Bank NV,Bill Diviney,150
2023-12-08,Nov-23,Acciones y Valores SA/Colombia,,210
2023-12-08,Nov-23,Action Economics LLC,Michael R Englund,140
2023-12-08,Nov-23,Ameriprise Financial Inc,Russell T Price,150
2023-12-08,Nov-23,BNP Paribas SA,,185
2023-12-08,Nov-23,Banco BTG Pactual SA,,173
2023-12-08,Nov-23,Bank of Montreal,D. Porter/S. Anderson,170
2023-12-08,Nov-23,Bantleon AG,Daniel Hartmann,175
2023-12-08,Nov-23,Barclays Capital Inc.,Marc Giannoni,225
2023-12-08,Nov-23,Berliner Sparkasse,Uwe Duerkop,175
2023-12-08,Nov-23,Bloomberg Economics,,161
2023-12-08,Nov-23,BofA Securities Inc,Michael Gapen,200
2023-12-08,Nov-23,Briefing.com,,140
2023-12-08,Nov-23,Canadian Imperial Bank of Commerce,Avery Shenfeld,170
2023-12-08,Nov-23,Capital Economics Ltd,,200
2023-12-08,Nov-23,Citigroup Inc,,195
2023-12-08,Nov-23,Comerica Bank,William Adams,110
2023-12-08,Nov-23,Credit Agricole CIB,Nicholas Van Ness,175
2023-12-08,Nov-23,Cti Capital Securities Inc,Stephan Buu,245
2023-12-08,Nov-23,Dai-Ichi Life Research Institute Inc,Seiji Katsurahata,218
2023-12-08,Nov-23,Daiwa Capital Mkts,Michael Moran,180
2023-12-08,Nov-23,Danske Bank A/S,,140
2023-12-08,Nov-23,Dekabank Deutsche Girozentrale,Besch/Luetje,190
2023-12-08,Nov-23,Desjardins Financial Group,Jean/Genereux,140
2023-12-08,Nov-23,Deutsche Bank Securities Inc,Brett Ryan,130
2023-12-08,Nov-23,Evercore ISI,Stan Shipley,130
2023-12-08,Nov-23,FHN Financial,Christopher Low,210
2023-12-08,Nov-23,First Trust Portfolios LP,Stein/Wesbury,190
2023-12-08,Nov-23,Goldman Sachs & Co LLC,,238
2023-12-08,Nov-23,HSBC Securities (USA) Inc,Ryan Wang,200
2023-12-08,Nov-23,Helaba Frankfurt,Patrick Franke,125
2023-12-08,Nov-23,Herrmann Forecasting LLC,John D Herrmann,189
2023-12-08,Nov-23,High Frequency Economics,Rubeela Farooqi,190
2023-12-08,Nov-23,Hugh Johnson Economics LLC,Hugh A Johnson,135
2023-12-08,Nov-23,ING Financial Markets LLC,James Knightley,180
2023-12-08,Nov-23,Investec Bank PLC,Shaw/Henderson,200
2023-12-08,Nov-23,Itau Unibanco SA,,190
2023-12-08,Nov-23,JP Morgan Securities LLC,Michael E Feroli,150
2023-12-08,Nov-23,JPMorgan Asset Management Inc,David P Kelly,195
2023-12-08,Nov-23,Jefferies LLC,Thomas Simons,140
2023-12-08,Nov-23,Landesbank Baden-Wuerttemberg,Dirk Chlench,130
2023-12-08,Nov-23,Lloyds Bank PLC,Rhys Herbert,200
2023-12-08,Nov-23,Market Securities (France) SA,Christophe Barraud,185
2023-12-08,Nov-23,Mizrahi Tefahot Bank Limited,Yonie Fanning,164
2023-12-08,Nov-23,Mizuho Securities USA LLC,Steven R Ricchiuto,225
2023-12-08,Nov-23,Moody's Analytics Inc,,190
2023-12-08,Nov-23,Morgan Stanley Group Inc,,200
2023-12-08,Nov-23,National Bank of Canada Financial Inc,Marion/Paquet,150
2023-12-08,Nov-23,Nationwide Mutual Insurance Co,Kathleen Bostjancic,180
2023-12-08,Nov-23,Natixis North America LLC,Christopher Hodge,210
2023-12-08,Nov-23,Natwest Markets,Kevin Cummins,240
2023-12-08,Nov-23,Nomura Securities International Inc,,195
2023-12-08,Nov-23,Nord / LB,Bernd Krampen,175
2023-12-08,Nov-23,Oxford Economics USA Inc,,205
2023-12-08,Nov-23,PNC Finl Services Group INC,Augustine Faucher,195
2023-12-08,Nov-23,Pantheon Macroeconomics Ltd,Ian C Shepherdson,275
2023-12-08,Nov-23,Paragon Research Ltd,Colm Fitzgerald,45
2023-12-08,Nov-23,Prestige Economics LLC,Jason M Schenker,175
2023-12-08,Nov-23,RBC Capital Markets LLC,Michael Reid,185
2023-12-08,Nov-23,RSM US LLp,Joe Brusuelas/Tuan Nguyen,187
2023-12-08,Nov-23,Regions Financial Corp,Richard F Moody,177
2023-12-08,Nov-23,SMBC Nikko Securities Inc,Yoshimasa Maruyama,110
2023-12-08,Nov-23,Santander US CM (ex-Amherst Pierpont),Stephen L Stanley,230
2023-12-08,Nov-23,Scotiabank,Derek Holt,210
2023-12-08,Nov-23,Societe Generale,Stephen Gallagher,210
2023-12-08,Nov-23,Southbay Research,Andrew Zatlin,169
2023-12-08,Nov-23,Standard Chartered PLC,,165
2023-12-08,Nov-23,Stifel Nicolaus & Co Inc,Lindsey Piegza,175
2023-12-08,Nov-23,TD Securities (USA) LLC,Oscar Munoz,230
2023-12-08,Nov-23,UBS Securities LLC,,220
2023-12-08,Nov-23,UniCredit Group,Daniel Vernazza,170
2023-12-08,Nov-23,University of Maryland,Peter G Morici,150
2023-12-08,Nov-23,University of Michigan,Daniil Manaenkov,175
2023-12-08,Nov-23,Visa USA Inc,Michael Brown,225
2023-12-08,Nov-23,Wells Fargo Bank NA,Jay H Bryson,215
2023-12-08,Nov-23,Westpac Banking Corp,,180
2023-12-08,Nov-23,Wolfe Research LLC,Stephanie Roth,215
2023-12-08,Nov-23,Wrightson ICAP LLC,Crandall/Jordan,200
2024-01-05,Dec-23,4CAST/Continuum Economics,David H Sloan,175
2024-01-05,Dec-23,Acciones y Valores SA/Colombia,,180
2024-01-05,Dec-23,Action Economics LLC,Michael R Englund,140
2024-01-05,Dec-23,Ameriprise Financial Inc,Russell T Price,170
2024-01-05,Dec-23,BNP Paribas SA,,165
2024-01-05,Dec-23,Banco BTG Pactual SA,,200
2024-01-05,Dec-23,Bank of Montreal,D. Porter/S. Anderson,172
2024-01-05,Dec-23,Bantleon AG,Daniel Hartmann,180
2024-01-05,Dec-23,Barclays Capital Inc.,Marc Giannoni,175
2024-01-05,Dec-23,Berenberg,Holger Schmieding,170
2024-01-05,Dec-23,Berliner Sparkasse,Uwe Duerkop,150
2024-01-05,Dec-23,Bloomberg Economics,,140
2024-01-05,Dec-23,BofA Securities Inc,Michael Gapen,175
2024-01-05,Dec-23,Briefing.com,,140
2024-01-05,Dec-23,Canadian Imperial Bank of Commerce,Avery Shenfeld,180
2024-01-05,Dec-23,Capital Economics Ltd,,150
2024-01-05,Dec-23,Citigroup Inc,,190
2024-01-05,Dec-23,Credit Agricole CIB,Nicholas Van Ness,175
2024-01-05,Dec-23,Dai-Ichi Life Research Institute Inc,Seiji Katsurahata,178
2024-01-05,Dec-23,Daiwa Capital Mkts,Lawrence Werther,165
2024-01-05,Dec-23,Danske Bank A/S,,170
2024-01-05,Dec-23,Dekabank Deutsche Girozentrale,Besch/Luetje,150
2024-01-05,Dec-23,Desjardins Financial Group,Jean/Genereux,140
2024-01-05,Dec-23,Deutsche Bank Securities Inc,Brett Ryan,150
2024-01-05,Dec-23,First Trust Portfolios LP,Stein/Wesbury,164
2024-01-05,Dec-23,Goldman Sachs & Co LLC,,190
2024-01-05,Dec-23,HSBC Securities (USA) Inc,Ryan Wang,175
2024-01-05,Dec-23,Herrmann Forecasting LLC,John D Herrmann,197
2024-01-05,Dec-23,High Frequency Economics,Rubeela Farooqi,160
2024-01-05,Dec-23,Hugh Johnson Economics LLC,Hugh A Johnson,135
2024-01-05,Dec-23,ING Financial Markets LLC,James Knightley,160
2024-01-05,Dec-23,Investec Bank PLC,Shaw/Henderson,180
2024-01-05,Dec-23,Itau Unibanco SA,,145
2024-01-05,Dec-23,JP Morgan Securities LLC,Michael E Feroli,150
2024-01-05,Dec-23,JPMorgan Asset Management Inc,David P Kelly,145
2024-01-05,Dec-23,Jefferies LLC,Thomas Simons,185
2024-01-05,Dec-23,Landesbank Baden-Wuerttemberg,Dirk Chlench,140
2024-01-05,Dec-23,Lloyds Bank PLC,Rhys Herbert,190
2024-01-05,Dec-23,Market Securities Monaco Sam,Christophe Barraud,173
2024-01-05,Dec-23,Mizuho Securities USA LLC,Steven R Ricchiuto,175
2024-01-05,Dec-23,Moody's Analytics Inc,,170
2024-01-05,Dec-23,Morgan Stanley Group Inc,,180
2024-01-05,Dec-23,National Bank of Canada Financial Inc,Marion/Paquet,175
2024-01-05,Dec-23,Nationwide Mutual Insurance Co,Kathleen Bostjancic,180
2024-01-05,Dec-23,Natixis North America LLC,Christopher Hodge,195
2024-01-05,Dec-23,Nomura Securities International Inc,,160
2024-01-05,Dec-23,Oxford Economics USA Inc,,145
2024-01-05,Dec-23,PNC Finl Services Group INC,Augustine Faucher,170
2024-01-05,Dec-23,Pantheon Macroeconomics Ltd,Ian C Shepherdson,225
2024-01-05,Dec-23,Paragon Research Ltd,Colm Fitzgerald,235
2024-01-05,Dec-23,Prestige Economics LLC,Jason M Schenker,177
2024-01-05,Dec-23,RBC Capital Markets LLC,Michael Reid,186
2024-01-05,Dec-23,RSM US LLp,Joe Brusuelas/Tuan Nguyen,135
2024-01-05,Dec-23,Regions Financial Corp,Richard F Moody,133
2024-01-05,Dec-23,SMBC Nikko Securities Inc,Yoshimasa Maruyama,80
2024-01-05,Dec-23,Santander US CM (ex-Amherst Pierpont),Stephen L Stanley,190
2024-01-05,Dec-23,Scotiabank,Derek Holt,200
2024-01-05,Dec-23,Societe Generale,Stephen Gallagher,185
2024-01-05,Dec-23,Southbay Research,Andrew Zatlin,200
2024-01-05,Dec-23,Standard Chartered PLC,,150
2024-01-05,Dec-23,TD Securities (USA) LLC,Oscar Munoz,180
2024-01-05,Dec-23,UBS Securities LLC,,210
2024-01-05,Dec-23,University of Maryland,Peter G Morici,150
2024-01-05,Dec-23,University of Michigan,Daniil Manaenkov,175
2024-01-05,Dec-23,Visa USA Inc,Michael Brown,185
2024-01-05,Dec-23,Wells Fargo Bank NA,Jay H Bryson,170
2024-01-05,Dec-23,Wrightson ICAP LLC,Crandall/Jordan,200
2024-02-02,Jan-24,4CAST/Continuum Economics,David H Sloan,200
2024-02-02,Jan-24,ABN Amro Bank NV,Bill Diviney,180
2024-02-02,Jan-24,Acciones y Valores SA/Colombia,,200
2024-02-02,Jan-24,Action Economics LLC,Michael R Englund,140
2024-02-02,Jan-24,Ameriprise Financial Inc,Russell T Price,180
2024-02-02,Jan-24,BNP Paribas SA,,220
2024-02-02,Jan-24,Banco BTG Pactual SA,,285
2024-02-02,Jan-24,Bank of Montreal,D. Porter/S. Anderson,170
2024-02-02,Jan-24,Bantleon AG,Daniel Hartmann,195
2024-02-02,Jan-24,Barclays Capital Inc.,Marc Giannoni,200
2024-02-02,Jan-24,Berenberg,Holger Schmieding,170
2024-02-02,Jan-24,Berliner Sparkasse,Uwe Duerkop,150
2024-02-02,Jan-24,Bloomberg Economics,,160
2024-02-02,Jan-24,BofA Securities Inc,Michael Gapen,175
2024-02-02,Jan-24,Briefing.com,,180
2024-02-02,Jan-24,Canadian Imperial Bank of Commerce,Avery Shenfeld,170
2024-02-02,Jan-24,Capital Economics Ltd,,150
2024-02-02,Jan-24,Citigroup Inc,,240
2024-02-02,Jan-24,Comerica Bank,William Adams,185
2024-02-02,Jan-24,Credit Agricole CIB,Nicholas Van Ness,170
2024-02-02,Jan-24,Cti Capital Securities Inc,Stephan Buu,281
2024-02-02,Jan-24,Dai-Ichi Life Research Institute Inc,Seiji Katsurahata,228
2024-02-02,Jan-24,Daiwa Capital Mkts,Lawrence Werther,185
2024-02-02,Jan-24,Danske Bank A/S,,180
2024-02-02,Jan-24,Dekabank Deutsche Girozentrale,Besch/Luetje,140
2024-02-02,Jan-24,Desjardins Financial Group,Jean/Genereux,175
2024-02-02,Jan-24,Deutsche Bank Securities Inc,Brett Ryan,200
2024-02-02,Jan-24,Evercore ISI,Stan Shipley,175
2024-02-02,Jan-24,FHN Financial,Christopher Low,180
2024-02-02,Jan-24,First Trust Portfolios LP,Stein/Wesbury,173
2024-02-02,Jan-24,Goldman Sachs & Co LLC,,250
2024-02-02,Jan-24,HSBC Securities (USA) Inc,Ryan Wang,190
2024-02-02,Jan-24,Helaba Frankfurt,Patrick Franke,150
2024-02-02,Jan-24,Herrmann Forecasting LLC,John D Herrmann,263
2024-02-02,Jan-24,High Frequency Economics,Rubeela Farooqi,175
2024-02-02,Jan-24,Hugh Johnson Economics LLC,Hugh A Johnson,150
2024-02-02,Jan-24,ING Financial Markets LLC,James Knightley,200
2024-02-02,Jan-24,Investec Bank PLC,Shaw/Henderson,195
2024-02-02,Jan-24,Itau Unibanco SA,,250
2024-02-02,Jan-24,JP Morgan Securities LLC,Michael E Feroli,225
2024-02-02,Jan-24,JPMorgan Asset Management Inc,David P Kelly,160
2024-02-02,Jan-24,Jefferies LLC,Thomas Simons,225
2024-02-02,Jan-24,Landesbank Baden-Wuerttemberg,Dirk Chlench,120
2024-02-02,Jan-24,Lloyds Bank PLC,Rhys Herbert,200
2024-02-02,Jan-24,Market Securities Monaco Sam,Christophe Barraud,190
2024-02-02,Jan-24,Mizrahi Tefahot Bank Limited,Yonie Fanning,172
2024-02-02,Jan-24,Mizuho Securities USA LLC,Steven R Ricchiuto,195
2024-02-02,Jan-24,Moody's Analytics Inc,,185
2024-02-02,Jan-24,Morgan Stanley Group Inc,,215
2024-02-02,Jan-24,National Bank of Canada Financial Inc,Marion/Paquet,185
2024-02-02,Jan-24,Nationwide Mutual Insurance Co,Kathleen Bostjancic,185
2024-02-02,Jan-24,Natixis North America LLC,Christopher Hodge,300
2024-02-02,Jan-24,Natwest Markets,Kevin Cummins,205
2024-02-02,Jan-24,Nomura Securities International Inc,,160
2024-02-02,Jan-24,Oxford Economics USA Inc,,205
2024-02-02,Jan-24,PNC Finl Services Group INC,Augustine Faucher,215
2024-02-02,Jan-24,Pantheon Macroeconomics Ltd,Ian C Shepherdson,225
2024-02-02,Jan-24,Paragon Research Ltd,Colm Fitzgerald,205
2024-02-02,Jan-24,Prestige Economics LLC,Jason M Schenker,180
2024-02-02,Jan-24,RBC Capital Markets LLC,Michael Reid,195
2024-02-02,Jan-24,RSM US LLp,Joe Brusuelas/Tuan Nguyen,260
2024-02-02,Jan-24,Regions Financial Corp,Richard F Moody,233
2024-02-02,Jan-24,SMBC Nikko Securities Inc,Yoshimasa Maruyama,120
2024-02-02,Jan-24,Santander US CM (ex-Amherst Pierpont),Stephen L Stanley,285
2024-02-02,Jan-24,Scotiabank,Derek Holt,220
2024-02-02,Jan-24,Societe Generale,Stephen Gallagher,165
2024-02-02,Jan-24,Southbay Research,Andrew Zatlin,296
2024-02-02,Jan-24,Standard Chartered PLC,,160
2024-02-02,Jan-24,TD Securities (USA) LLC,Oscar Munoz,230
2024-02-02,Jan-24,UBS Securities LLC,,290
2024-02-02,Jan-24,UniCredit Group,Daniel Vernazza,160
2024-02-02,Jan-24,University of Maryland,Peter G Morici,155
2024-02-02,Jan-24,University of Michigan,Daniil Manaenkov,168
2024-02-02,Jan-24,Visa USA Inc,Michael Brown,225
2024-02-02,Jan-24,Wells Fargo Bank NA,Jay H Bryson,155
2024-02-02,Jan-24,Westpac Banking Corp,,150
2024-02-02,Jan-24,Wrightson ICAP LLC,Crandall/Jordan,225
2024-03-08,Feb-24,4CAST/Continuum Economics,David H Sloan,200
2024-03-08,Feb-24,ABN Amro Bank NV,Bill Diviney,190
2024-03-08,Feb-24,Acciones y Valores SA/Colombia,,230
2024-03-08,Feb-24,Action Economics LLC,Michael R Englund,160
2024-03-08,Feb-24,Ameriprise Financial Inc,Russell T Price,180
2024-03-08,Feb-24,BNP Paribas SA,,220
2024-03-08,Feb-24,Banco BTG Pactual SA,,240
2024-03-08,Feb-24,Bank of Montreal,D. Porter/S. Anderson,190
2024-03-08,Feb-24,Bantleon AG,Daniel Hartmann,210
2024-03-08,Feb-24,Barclays Capital Inc.,Marc Giannoni,225
2024-03-08,Feb-24,Berliner Sparkasse,Uwe Duerkop,175
2024-03-08,Feb-24,Bloomberg Economics,,185
2024-03-08,Feb-24,BofA Securities Inc,Michael Gapen,215
2024-03-08,Feb-24,Briefing.com,,210
2024-03-08,Feb-24,Canadian Imperial Bank of Commerce,Avery Shenfeld,220
2024-03-08,Feb-24,Capital Economics Ltd,,250
2024-03-08,Feb-24,Citigroup Inc,,145
2024-03-08,Feb-24,Comerica Bank,William Adams,180
2024-03-08,Feb-24,Credit Agricole CIB,Nicholas Van Ness,205
2024-03-08,Feb-24,Dai-Ichi Life Research Institute Inc,Seiji Katsurahata,286
2024-03-08,Feb-24,Daiwa Capital Mkts,Lawrence Werther,175
2024-03-08,Feb-24,Danske Bank A/S,,180
2024-03-08,Feb-24,Dekabank Deutsche Girozentrale,Besch/Luetje,200
2024-03-08,Feb-24,Desjardins Financial Group,Jean/Genereux,200
2024-03-08,Feb-24,Deutsche Bank Securities Inc,Brett Ryan,200
2024-03-08,Feb-24,Evercore ISI,Stan Shipley,225
2024-03-08,Feb-24,FHN Financial,Christopher Low,200
2024-03-08,Feb-24,First Trust Portfolios LP,Stein/Wesbury,185
2024-03-08,Feb-24,Goldman Sachs & Co LLC,,215
2024-03-08,Feb-24,HSBC Securities (USA) Inc,Ryan Wang,200
2024-03-08,Feb-24,Helaba Frankfurt,Patrick Franke,150
2024-03-08,Feb-24,Herrmann Forecasting LLC,John D Herrmann,198
2024-03-08,Feb-24,High Frequency Economics,Rubeela Farooqi,225
2024-03-08,Feb-24,Hugh Johnson Economics LLC,Hugh A Johnson,150
2024-03-08,Feb-24,ING Financial Markets LLC,James Knightley,200
2024-03-08,Feb-24,Investec Bank PLC,Shaw/Henderson,235
2024-03-08,Feb-24,Itau Unibanco SA,,225
2024-03-08,Feb-24,JP Morgan Securities LLC,Michael E Feroli,200
2024-03-08,Feb-24,JPMorgan Asset Management Inc,David P Kelly,188
2024-03-08,Feb-24,Jefferies LLC,Thomas Simons,210
2024-03-08,Feb-24,Landesbank Baden-Wuerttemberg,Dirk Chlench,220
2024-03-08,Feb-24,Lloyds Bank PLC,Rhys Herbert,210
2024-03-08,Feb-24,Market Securities Monaco Sam,Christophe Barraud,215
2024-03-08,Feb-24,Mizuho Securities USA LLC,Steven R Ricchiuto,215
2024-03-08,Feb-24,Moody's Analytics Inc,,180
2024-03-08,Feb-24,Morgan Stanley Group Inc,,205
2024-03-08,Feb-24,National Bank of Canada Financial Inc,Marion/Paquet,190
2024-03-08,Feb-24,Nationwide Mutual Insurance Co,Kathleen Bostjancic,180
2024-03-08,Feb-24,Natixis North America LLC,Christopher Hodge,200
2024-03-08,Feb-24,Natwest Markets,Kevin Cummins,170
2024-03-08,Feb-24,Nomura Securities International Inc,,205
2024-03-08,Feb-24,Oxford Economics USA Inc,,225
2024-03-08,Feb-24,PNC Finl Services Group INC,Augustine Faucher,210
2024-03-08,Feb-24,Pantheon Macroeconomics Ltd,Ian C Shepherdson,125
2024-03-08,Feb-24,Paragon Research Ltd,Colm Fitzgerald,110
2024-03-08,Feb-24,Prestige Economics LLC,Jason M Schenker,195
2024-03-08,Feb-24,RBC Capital Markets LLC,Michael Reid,260
2024-03-08,Feb-24,RSM US LLp,Joe Brusuelas/Tuan Nguyen,180
2024-03-08,Feb-24,Regions Financial Corp,Richard F Moody,249
2024-03-08,Feb-24,SMBC Nikko Securities Inc,Yoshimasa Maruyama,148
2024-03-08,Feb-24,Santander US CM (ex-Amherst Pierpont),Stephen L Stanley,210
2024-03-08,Feb-24,Scotiabank,Derek Holt,210
2024-03-08,Feb-24,Societe Generale,Stephen Gallagher,200
2024-03-08,Feb-24,Southbay Research,Andrew Zatlin,214
2024-03-08,Feb-24,Standard Chartered PLC,,190
2024-03-08,Feb-24,TD Securities (USA) LLC,Oscar Munoz,190
2024-03-08,Feb-24,UBS Securities LLC,,200
2024-03-08,Feb-24,UniCredit Group,Daniel Vernazza,170
2024-03-08,Feb-24,University of Maryland,Peter G Morici,180
2024-03-08,Feb-24,University of Michigan,Daniil Manaenkov,245
2024-03-08,Feb-24,Vinland Capital Management International Gestora de Recursos Ltda,,220
2024-03-08,Feb-24,Visa USA Inc,Michael Brown,200
2024-03-08,Feb-24,Wells Fargo Bank NA,Jay H Bryson,195
2024-03-08,Feb-24,Westpac Banking Corp,,170
2024-03-08,Feb-24,Wolfe Research LLC,Stephanie Roth,170
2024-03-08,Feb-24,Wrightson ICAP LLC,Crandall/Jordan,130
2024-04-05,Mar-24,4CAST/Continuum Economics,David H Sloan,230
2024-04-05,Mar-24,ABN Amro Bank NV,Bill Diviney,200
2024-04-05,Mar-24,Acciones y Valores SA/Colombia,,220
2024-04-05,Mar-24,Action Economics LLC,Michael R Englund,170
2024-04-05,Mar-24,Ameriprise Financial Inc,Russell T Price,190
2024-04-05,Mar-24,BNP Paribas SA,,180
2024-04-05,Mar-24,Banco BTG Pactual SA,,215
2024-04-05,Mar-24,Bank of Montreal,D. Porter/S. Anderson,225
2024-04-05,Mar-24,Bantleon AG,Daniel Hartmann,195
2024-04-05,Mar-24,Barclays Capital Inc.,Marc Giannoni,225
2024-04-05,Mar-24,Berliner Sparkasse,Uwe Duerkop,175
2024-04-05,Mar-24,Bloomberg Economics,,187
2024-04-05,Mar-24,BofA Securities Inc,Michael Gapen,200
2024-04-05,Mar-24,Briefing.com,,210
2024-04-05,Mar-24,Canadian Imperial Bank of Commerce,Avery Shenfeld,175
2024-04-05,Mar-24,Casa de Bolsa Banorte SA de CV,Katia Goya,220
2024-04-05,Mar-24,Citigroup Inc,,150
2024-04-05,Mar-24,Comerica Bank,William Adams,225
2024-04-05,Mar-24,Credit Agricole CIB,Nicholas Van Ness,225
2024-04-05,Mar-24,Cti Capital Securities Inc,Stephan Buu,145
2024-04-05,Mar-24,Dai-Ichi Life Research Institute Inc,Seiji Katsurahata,228
2024-04-05,Mar-24,Danske Bank A/S,,180
2024-04-05,Mar-24,Desjardins Financial Group,Jean/Genereux,200
2024-04-05,Mar-24,Deutsche Bank Securities Inc,Brett Ryan,200
2024-04-05,Mar-24,Evercore ISI,Stan Shipley,225
2024-04-05,Mar-24,First Trust Portfolios LP,Stein/Wesbury,212
2024-04-05,Mar-24,Goldman Sachs & Co LLC,,240
2024-04-05,Mar-24,HSBC Securities (USA) Inc,Ryan Wang,215
2024-04-05,Mar-24,Helaba Frankfurt,Patrick Franke,175
2024-04-05,Mar-24,Herrmann Forecasting LLC,John D Herrmann,252
2024-04-05,Mar-24,High Frequency Economics,Rubeela Farooqi,200
2024-04-05,Mar-24,Hugh Johnson Economics LLC,Hugh A Johnson,180
2024-04-05,Mar-24,ING Financial Markets LLC,James Knightley,200
2024-04-05,Mar-24,Investec Bank PLC,Shaw/Henderson,235
2024-04-05,Mar-24,Itau Unibanco SA,,220
2024-04-05,Mar-24,JP Morgan Securities LLC,Michael E Feroli,200
2024-04-05,Mar-24,JPMorgan Asset Management Inc,David P Kelly,210
2024-04-05,Mar-24,Jefferies LLC,Thomas Simons,235
2024-04-05,Mar-24,Jobdig Inc,Toby Dayton,290
2024-04-05,Mar-24,Landesbank Baden-Wuerttemberg,Dirk Chlench,195
2024-04-05,Mar-24,Lloyds Bank PLC,Rhys Herbert,225
2024-04-05,Mar-24,Market Securities Monaco Sam,Christophe Barraud,220
2024-04-05,Mar-24,Mizrahi Tefahot Bank Limited,Yonie Fanning,246
2024-04-05,Mar-24,Mizuho Securities USA LLC,Steven R Ricchiuto,235
2024-04-05,Mar-24,Moody's Analytics Inc,,200
2024-04-05,Mar-24,Morgan Stanley Group Inc,,245
2024-04-05,Mar-24,National Bank of Canada Financial Inc,Marion/Paquet,190
2024-04-05,Mar-24,Nationwide Mutual Insurance Co,Kathleen Bostjancic,220
2024-04-05,Mar-24,Natixis North America LLC,Christopher Hodge,230
2024-04-05,Mar-24,Natwest Markets,Kevin Cummins,200
2024-04-05,Mar-24,Nomura Securities International Inc,,205
2024-04-05,Mar-24,Oxford Economics USA Inc,,195
2024-04-05,Mar-24,PNC Finl Services Group INC,Augustine Faucher,210
2024-04-05,Mar-24,Pantheon Macroeconomics Ltd,Ian C Shepherdson,225
2024-04-05,Mar-24,Paragon Research Ltd,Colm Fitzgerald,220
2024-04-05,Mar-24,Prestige Economics LLC,Jason M Schenker,216
2024-04-05,Mar-24,RBC Capital Markets LLC,Michael Reid,213
2024-04-05,Mar-24,RSM US LLp,Joe Brusuelas/Tuan Nguyen,215
2024-04-05,Mar-24,Regions Financial Corp,Richard F Moody,186
2024-04-05,Mar-24,SMBC Nikko Securities Inc,Yoshimasa Maruyama,150
2024-04-05,Mar-24,Santander US CM (ex-Amherst Pierpont),Stephen L Stanley,215
2024-04-05,Mar-24,Scotiabank,Derek Holt,225
2024-04-05,Mar-24,Societe Generale,Stephen Gallagher,215
2024-04-05,Mar-24,Southbay Research,Andrew Zatlin,249
2024-04-05,Mar-24,TD Securities (USA) LLC,Oscar Munoz,180
2024-04-05,Mar-24,UBS Securities LLC,,240
2024-04-05,Mar-24,University of Maryland,Peter G Morici,180
2024-04-05,Mar-24,University of Michigan,Daniil Manaenkov,205
2024-04-05,Mar-24,Vinland Capital Management International Gestora de Recursos Ltda,,205
2024-04-05,Mar-24,Visa USA Inc,Michael Brown,225
2024-04-05,Mar-24,Wells Fargo Bank NA,Jay H Bryson,220
2024-04-05,Mar-24,Westpac Banking Corp,,180
2024-04-05,Mar-24,Wolfe Research LLC,Stephanie Roth,230
2024-04-05,Mar-24,Wrightson ICAP LLC,Crandall/Jordan,250
2024-05-03,Apr-24,4CAST/Continuum Economics,David H Sloan,255
2024-05-03,Apr-24,ABN Amro Bank NV,Bill Diviney,200
2024-05-03,Apr-24,Acciones y Valores SA/Colombia,,255
2024-05-03,Apr-24,Action Economics LLC,Michael R Englund,200
2024-05-03,Apr-24,Ameriprise Financial Inc,Russell T Price,220
2024-05-03,Apr-24,BNP Paribas SA,,260
2024-05-03,Apr-24,Banco BTG Pactual SA,,265
2024-05-03,Apr-24,Bank of Montreal,D. Porter/S. Anderson,250
2024-05-03,Apr-24,Bantleon AG,Daniel Hartmann,220
2024-05-03,Apr-24,Barclays Capital Inc.,Marc Giannoni,250
2024-05-03,Apr-24,Berliner Sparkasse,Uwe Duerkop,200
2024-05-03,Apr-24,Bloomberg Economics,,200
2024-05-03,Apr-24,BofA Securities Inc,Michael Gapen,250
2024-05-03,Apr-24,Briefing.com,,225
2024-05-03,Apr-24,Canadian Imperial Bank of Commerce,Avery Shenfeld,200
2024-05-03,Apr-24,Capital Economics Ltd,,200
2024-05-03,Apr-24,Citigroup Inc,,215
2024-05-03,Apr-24,Comerica Bank,William Adams,250
2024-05-03,Apr-24,Credit Agricole CIB,Nicholas Van Ness,255
2024-05-03,Apr-24,Cti Capital Securities Inc,Stephan Buu,145
2024-05-03,Apr-24,Dai-Ichi Life Research Institute Inc,Seiji Katsurahata,256
2024-05-03,Apr-24,Daiwa Capital Mkts,Lawrence Werther,235
2024-05-03,Apr-24,Danske Bank A/S,,200
2024-05-03,Apr-24,Dekabank Deutsche Girozentrale,Besch/Luetje,230
2024-05-03,Apr-24,Desjardins Financial Group,Jean/Genereux,250
2024-05-03,Apr-24,Deutsche Bank Securities Inc,Brett Ryan,240
2024-05-03,Apr-24,Evercore ISI,Stan Shipley,200
2024-05-03,Apr-24,FHN Financial,Christopher Low,275
2024-05-03,Apr-24,First Trust Portfolios LP,Stein/Wesbury,225
2024-05-03,Apr-24,Goldman Sachs & Co LLC,,275
2024-05-03,Apr-24,HSBC Securities (USA) Inc,Ryan Wang,245
2024-05-03,Apr-24,Helaba Frankfurt,Patrick Franke,200
2024-05-03,Apr-24,Herrmann Forecasting LLC,John D Herrmann,266
2024-05-03,Apr-24,High Frequency Economics,Rubeela Farooqi,220
2024-05-03,Apr-24,Hugh Johnson Economics LLC,Hugh A Johnson,200
2024-05-03,Apr-24,ING Financial Markets LLC,James Knightley,210
2024-05-03,Apr-24,Investec Bank PLC,Shaw/Henderson,260
2024-05-03,Apr-24,Itau Unibanco SA,,270
2024-05-03,Apr-24,JP Morgan Securities LLC,Michael E Feroli,250
2024-05-03,Apr-24,JPMorgan Asset Management Inc,David P Kelly,260
2024-05-03,Apr-24,Japan Post Insurance Co Ltd,Yongxin Chen,200
2024-05-03,Apr-24,Jefferies LLC,Thomas Simons,280
2024-05-03,Apr-24,Landesbank Baden-Wuerttemberg,Dirk Chlench,260
2024-05-03,Apr-24,Lloyds Bank PLC,Rhys Herbert,255
2024-05-03,Apr-24,Market Securities Monaco Sam,Christophe Barraud,235
2024-05-03,Apr-24,Mizuho Securities USA LLC,Steven R Ricchiuto,215
2024-05-03,Apr-24,Moody's Analytics Inc,,250
2024-05-03,Apr-24,Morgan Stanley Group Inc,,250
2024-05-03,Apr-24,National Bank of Canada Financial Inc,Marion/Paquet,200
2024-05-03,Apr-24,Nationwide Mutual Insurance Co,Kathleen Bostjancic,265
2024-05-03,Apr-24,Natixis North America LLC,Christopher Hodge,235
2024-05-03,Apr-24,Natwest Markets,Kevin Cummins,250
2024-05-03,Apr-24,Nomura Securities International Inc,,255
2024-05-03,Apr-24,Oxford Economics USA Inc,,225
2024-05-03,Apr-24,Pantheon Macroeconomics Ltd,Ian C Shepherdson,150
2024-05-03,Apr-24,Paragon Research Ltd,Colm Fitzgerald,220
2024-05-03,Apr-24,Prestige Economics LLC,Jason M Schenker,242
2024-05-03,Apr-24,RBC Capital Markets LLC,Michael Reid,267
2024-05-03,Apr-24,RSM US LLp,Joe Brusuelas/Tuan Nguyen,240
2024-05-03,Apr-24,Regions Financial Corp,Richard F Moody,232
2024-05-03,Apr-24,SMBC Nikko Securities Inc,Yoshimasa Maruyama,230
2024-05-03,Apr-24,Santander US CM (ex-Amherst Pierpont),Stephen L Stanley,210
2024-05-03,Apr-24,Scotiabank,Derek Holt,250
2024-05-03,Apr-24,Societe Generale,Stephen Gallagher,235
2024-05-03,Apr-24,Southbay Research,Andrew Zatlin,255
2024-05-03,Apr-24,Standard Chartered PLC,,270
2024-05-03,Apr-24,TD Securities (USA) LLC,Oscar Munoz,190
2024-05-03,Apr-24,UBS Securities LLC,,200
2024-05-03,Apr-24,UniCredit Group,Daniel Vernazza,230
2024-05-03,Apr-24,University of Maryland,Peter G Morici,250
2024-05-03,Apr-24,University of Michigan,Daniil Manaenkov,200
2024-05-03,Apr-24,Vinland Capital Management International Gestora de Recursos Ltda,,265
2024-05-03,Apr-24,Visa USA Inc,Michael Brown,255
2024-05-03,Apr-24,Wells Fargo Bank NA,Jay H Bryson,250
2024-05-03,Apr-24,Westpac Banking Corp,,225
2024-05-03,Apr-24,Wrightson ICAP LLC,Crandall/Jordan,280
2024-06-07,May-24,4CAST/Continuum Economics,David H Sloan,205
2024-06-07,May-24,ABN Amro Bank NV,Bill Diviney,190
2024-06-07,May-24,Acciones y Valores SA/Colombia,,185
2024-06-07,May-24,Action Economics LLC,Michael R Englund,190
2024-06-07,May-24,Ameriprise Financial Inc,Russell T Price,175
2024-06-07,May-24,BNP Paribas SA,,200
2024-06-07,May-24,Banco BTG Pactual SA,,175
2024-06-07,May-24,Bank of Montreal,D. Porter/S. Anderson,170
2024-06-07,May-24,Bantleon AG,Daniel Hartmann,170
2024-06-07,May-24,Barclays Capital Inc.,Marc Giannoni,200
2024-06-07,May-24,Berliner Sparkasse,Uwe Duerkop,150
2024-06-07,May-24,Bloomberg Economics,,222
2024-06-07,May-24,BofA Securities Inc,Michael Gapen,200
2024-06-07,May-24,Briefing.com,,179
2024-06-07,May-24,Canadian Imperial Bank of Commerce,Avery Shenfeld,210
2024-06-07,May-24,Capital Economics Ltd,,175
2024-06-07,May-24,Citigroup Inc,,140
2024-06-07,May-24,Comerica Bank,William Adams,190
2024-06-07,May-24,Credit Agricole CIB,Nicholas Van Ness,180
2024-06-07,May-24,Dai-Ichi Life Research Institute Inc,Seiji Katsurahata,168
2024-06-07,May-24,Daiwa Capital Mkts,Lawrence Werther,175
2024-06-07,May-24,Danske Bank A/S,,190
2024-06-07,May-24,Dekabank Deutsche Girozentrale,Besch/Luetje,200
2024-06-07,May-24,Desjardins Financial Group,Jean/Genereux,185
2024-06-07,May-24,Deutsche Bank Securities Inc,Brett Ryan,200
2024-06-07,May-24,Evercore ISI,Stan Shipley,150
2024-06-07,May-24,FHN Financial,Christopher Low,200
2024-06-07,May-24,First Trust Portfolios LP,Stein/Wesbury,196
2024-06-07,May-24,Goldman Sachs & Co LLC,,160
2024-06-07,May-24,HSBC Securities (USA) Inc,Ryan Wang,180
2024-06-07,May-24,Helaba Frankfurt,Patrick Franke,175
2024-06-07,May-24,Herrmann Forecasting LLC,John D Herrmann,178
2024-06-07,May-24,High Frequency Economics,Rubeela Farooqi,215
2024-06-07,May-24,Hugh Johnson Economics LLC,Hugh A Johnson,160
2024-06-07,May-24,Investec Bank PLC,Shaw/Henderson,210
2024-06-07,May-24,Itau Unibanco SA,,185
2024-06-07,May-24,JP Morgan Securities LLC,Michael E Feroli,150
2024-06-07,May-24,JPMorgan Asset Management Inc,David P Kelly,164
2024-06-07,May-24,Japan Digital Design Inc,,163
2024-06-07,May-24,Japan Post Insurance Co Ltd,Yongxin Chen,150
2024-06-07,May-24,Jefferies LLC,Thomas Simons,155
2024-06-07,May-24,Landesbank Baden-Wuerttemberg,Dirk Chlench,150
2024-06-07,May-24,Lloyds Bank PLC,Rhys Herbert,225
2024-06-07,May-24,Market Securities Monaco Sam,Christophe Barraud,171
2024-06-07,May-24,Mizrahi Tefahot Bank Limited,Yonie Fanning,172
2024-06-07,May-24,Mizuho Securities USA LLC,Steven R Ricchiuto,205
2024-06-07,May-24,Moody's Analytics Inc,,200
2024-06-07,May-24,Morgan Stanley Group Inc,,220
2024-06-07,May-24,National Bank of Canada Financial Inc,Marion/Paquet,180
2024-06-07,May-24,Nationwide Mutual Insurance Co,Kathleen Bostjancic,175
2024-06-07,May-24,Natixis North America LLC,Christopher Hodge,175
2024-06-07,May-24,Nomura Securities International Inc,,205
2024-06-07,May-24,Oxford Economics USA Inc,,205
2024-06-07,May-24,PNC Finl Services Group INC,Augustine Faucher,200
2024-06-07,May-24,Pantheon Macroeconomics Ltd,Ian C Shepherdson,180
2024-06-07,May-24,Paragon Research Ltd,Colm Fitzgerald,195
2024-06-07,May-24,Prestige Economics LLC,Jason M Schenker,185
2024-06-07,May-24,RBC Capital Markets LLC,Michael Reid,160
2024-06-07,May-24,RSM US LLp,Joe Brusuelas/Tuan Nguyen,200
2024-06-07,May-24,Regions Financial Corp,Richard F Moody,258
2024-06-07,May-24,SMBC Nikko Securities Inc,Yoshimasa Maruyama,168
2024-06-07,May-24,Santander US CM (ex-Amherst Pierpont),Stephen L Stanley,120
2024-06-07,May-24,Scotiabank,Derek Holt,205
2024-06-07,May-24,Societe Generale,Stephen Gallagher,225
2024-06-07,May-24,Southbay Research,Andrew Zatlin,185
2024-06-07,May-24,Standard Chartered PLC,,195
2024-06-07,May-24,TD Securities (USA) LLC,Oscar Munoz,170
2024-06-07,May-24,UBS Securities LLC,,165
2024-06-07,May-24,UniCredit Group,Daniel Vernazza,180
2024-06-07,May-24,University of Maryland,Peter G Morici,180
2024-06-07,May-24,University of Michigan,Daniil Manaenkov,160
2024-06-07,May-24,Vinland Capital Management International Gestora de Recursos Ltda,,195
2024-06-07,May-24,Visa USA Inc,Michael Brown,165
2024-06-07,May-24,Wells Fargo Bank NA,Jay H Bryson,195
2024-06-07,May-24,Westpac Banking Corp,,165
2024-06-07,May-24,Wolfe Research LLC,Stephanie Roth,165
2024-06-07,May-24,Wrightson ICAP LLC,Crandall/Jordan,230
2024-07-05,Jun-24,4CAST/Continuum Economics,David H Sloan,185
2024-07-05,Jun-24,ABN Amro Bank NV,Rogier Quaedvlieg,215
2024-07-05,Jun-24,Acciones y Valores SA/Colombia,,210
2024-07-05,Jun-24,Action Economics LLC,Michael R Englund,190
2024-07-05,Jun-24,Ameriprise Financial Inc,Russell T Price,190
2024-07-05,Jun-24,BNP Paribas SA,,175
2024-07-05,Jun-24,Banco BTG Pactual SA,,170
2024-07-05,Jun-24,Bank of Montreal,D. Porter/S. Anderson,190
2024-07-05,Jun-24,Bantleon AG,Daniel Hartmann,195
2024-07-05,Jun-24,Barclays Capital Inc.,Marc Giannoni,200
2024-07-05,Jun-24,Berliner Sparkasse,Uwe Duerkop,150
2024-07-05,Jun-24,Bloomberg Economics,,218
2024-07-05,Jun-24,BofA Securities Inc,Michael Gapen,200
2024-07-05,Jun-24,Canadian Imperial Bank of Commerce,Avery Shenfeld,230
2024-07-05,Jun-24,Capital Economics Ltd,,200
2024-07-05,Jun-24,Citigroup Inc,,155
2024-07-05,Jun-24,Comerica Bank,William Adams,220
2024-07-05,Jun-24,Credit Agricole CIB,Nicholas Van Ness,200
2024-07-05,Jun-24,Dai-Ichi Life Research Institute Inc,Seiji Katsurahata,188
2024-07-05,Jun-24,Daiwa Capital Mkts,Lawrence Werther,190
2024-07-05,Jun-24,Danske Bank A/S,,180
2024-07-05,Jun-24,Dekabank Deutsche Girozentrale,Besch/Luetje,200
2024-07-05,Jun-24,Desjardins Financial Group,Jean/Genereux,175
2024-07-05,Jun-24,Deutsche Bank Securities Inc,Brett Ryan,225
2024-07-05,Jun-24,Evercore ISI,Stan Shipley,200
2024-07-05,Jun-24,First Trust Portfolios LP,Stein/Wesbury,194
2024-07-05,Jun-24,Goldman Sachs & Co LLC,,140
2024-07-05,Jun-24,HSBC Securities (USA) Inc,Ryan Wang,185
2024-07-05,Jun-24,Helaba Frankfurt,Patrick Franke,175
2024-07-05,Jun-24,Herrmann Forecasting LLC,John D Herrmann,191
2024-07-05,Jun-24,High Frequency Economics,Rubeela Farooqi,200
2024-07-05,Jun-24,Hugh Johnson Economics LLC,Hugh A Johnson,180
2024-07-05,Jun-24,Investec Bank PLC,Shaw/Henderson,190
2024-07-05,Jun-24,Itau Unibanco SA,,175
2024-07-05,Jun-24,JP Morgan Securities LLC,Michael E Feroli,200
2024-07-05,Jun-24,JPMorgan Asset Management Inc,David P Kelly,202
2024-07-05,Jun-24,Japan Digital Design Inc,,168
2024-07-05,Jun-24,Japan Post Insurance Co Ltd,Yongxin Chen,160
2024-07-05,Jun-24,Jefferies LLC,Thomas Simons,165
2024-07-05,Jun-24,Landesbank Baden-Wuerttemberg,Dirk Chlench,160
2024-07-05,Jun-24,Lloyds Bank PLC,Rhys Herbert,210
2024-07-05,Jun-24,Mizrahi Tefahot Bank Limited,Yonie Fanning,220
2024-07-05,Jun-24,Mizuho Securities USA LLC,Steven R Ricchiuto,230
2024-07-05,Jun-24,Moody's Analytics Inc,,200
2024-07-05,Jun-24,Morgan Stanley Group Inc,,210
2024-07-05,Jun-24,National Bank of Canada Financial Inc,Marion/Paquet,190
2024-07-05,Jun-24,Nationwide Mutual Insurance Co,Kathleen Bostjancic,195
2024-07-05,Jun-24,Natixis North America LLC,Christopher Hodge,175
2024-07-05,Jun-24,Nomura Securities International Inc,,225
2024-07-05,Jun-24,Oxford Economics USA Inc,,215
2024-07-05,Jun-24,PNC Finl Services Group INC,Augustine Faucher,225
2024-07-05,Jun-24,Pantheon Macroeconomics Ltd,Ian C Shepherdson,160
2024-07-05,Jun-24,Paragon Research Ltd,Colm Fitzgerald,125
2024-07-05,Jun-24,Prestige Economics LLC,Jason M Schenker,165
2024-07-05,Jun-24,RBC Capital Markets LLC,Michael Reid,237
2024-07-05,Jun-24,RSM US LLp,Joe Brusuelas/Tuan Nguyen,190
2024-07-05,Jun-24,Regions Financial Corp,Richard F Moody,224
2024-07-05,Jun-24,SMBC Nikko Securities Inc,Yoshimasa Maruyama,175
2024-07-05,Jun-24,Santander US CM (ex-Amherst Pierpont),Stephen L Stanley,175
2024-07-05,Jun-24,Scotiabank,Derek Holt,210
2024-07-05,Jun-24,Societe Generale,Stephen Gallagher,220
2024-07-05,Jun-24,Southbay Research,Andrew Zatlin,232
2024-07-05,Jun-24,Standard Chartered PLC,,190
2024-07-05,Jun-24,TD Securities (USA) LLC,Oscar Munoz,215
2024-07-05,Jun-24,UBS Securities LLC,,165
2024-07-05,Jun-24,UniCredit Group,Daniel Vernazza,190
2024-07-05,Jun-24,University of Maryland,Peter G Morici,180
2024-07-05,Jun-24,University of Michigan,Daniil Manaenkov,170
2024-07-05,Jun-24,Vinland Capital Management International Gestora de Recursos Ltda,,180
2024-07-05,Jun-24,Visa USA Inc,Michael Brown,175
2024-07-05,Jun-24,Wells Fargo Bank NA,Jay H Bryson,185
2024-07-05,Jun-24,Westpac Banking Corp,,165
2024-07-05,Jun-24,Wolfe Research LLC,Stephanie Roth,180
2024-07-05,Jun-24,Wrightson ICAP LLC,Crandall/Jordan,210
2024-08-02,Jul-24,4CAST/Continuum Economics,David H Sloan,175
2024-08-02,Jul-24,ABN Amro Bank NV,Rogier Quaedvlieg,195
2024-08-02,Jul-24,Acciones y Valores SA/Colombia,,190
2024-08-02,Jul-24,Action Economics LLC,Michael R Englund,185
2024-08-02,Jul-24,Ameriprise Financial Inc,Russell T Price,170
2024-08-02,Jul-24,BNP Paribas SA,,165
2024-08-02,Jul-24,Banco BTG Pactual SA,,160
2024-08-02,Jul-24,Bank of Montreal,D. Porter/S. Anderson,185
2024-08-02,Jul-24,Bantleon AG,Daniel Hartmann,170
2024-08-02,Jul-24,Barclays Capital Inc.,Marc Giannoni,175
2024-08-02,Jul-24,Berliner Sparkasse,Uwe Duerkop,175
2024-08-02,Jul-24,Bloomberg Economics,,142
2024-08-02,Jul-24,BofA Securities Inc,Michael Gapen,225
2024-08-02,Jul-24,Briefing.com,,160
2024-08-02,Jul-24,Capital Economics Ltd,,170
2024-08-02,Jul-24,Citigroup Inc,,150
2024-08-02,Jul-24,Comerica Bank,William Adams,180
2024-08-02,Jul-24,Credit Agricole CIB,Nicholas Van Ness,190
2024-08-02,Jul-24,Cti Capital Securities Inc,Stephan Buu,230
2024-08-02,Jul-24,Dai-Ichi Life Research Institute Inc,Seiji Katsurahata,168
2024-08-02,Jul-24,Daiwa Capital Mkts,Lawrence Werther,185
2024-08-02,Jul-24,Danske Bank A/S,,180
2024-08-02,Jul-24,Dekabank Deutsche Girozentrale,Besch/Luetje,170
2024-08-02,Jul-24,Deutsche Bank Securities Inc,Brett Ryan,175
2024-08-02,Jul-24,Evercore ISI,Stan Shipley,175
2024-08-02,Jul-24,FHN Financial,Christopher Low,175
2024-08-02,Jul-24,First Trust Portfolios LP,Stein/Wesbury,197
2024-08-02,Jul-24,Goldman Sachs & Co LLC,,165
2024-08-02,Jul-24,HSBC Securities (USA) Inc,Ryan Wang,180
2024-08-02,Jul-24,Helaba Frankfurt,Patrick Franke,175
2024-08-02,Jul-24,Herrmann Forecasting LLC,John D Herrmann,177
2024-08-02,Jul-24,High Frequency Economics,Rubeela Farooqi,195
2024-08-02,Jul-24,Hugh Johnson Economics LLC,Hugh A Johnson,170
2024-08-02,Jul-24,Investec Bank PLC,Shaw/Henderson,165
2024-08-02,Jul-24,Itau Unibanco SA,,170
2024-08-02,Jul-24,JP Morgan Securities LLC,Michael E Feroli,150
2024-08-02,Jul-24,JPMorgan Asset Management Inc,David P Kelly,224
2024-08-02,Jul-24,Japan Digital Design Inc,,185
2024-08-02,Jul-24,Japan Post Insurance Co Ltd,Yongxin Chen,200
2024-08-02,Jul-24,Jefferies LLC,Thomas Simons,135
2024-08-02,Jul-24,Landesbank Baden-Wuerttemberg,Dirk Chlench,70
2024-08-02,Jul-24,Lloyds Bank PLC,Rhys Herbert,200
2024-08-02,Jul-24,Market Securities Monaco Sam,Christophe Barraud,170
2024-08-02,Jul-24,Mizrahi Tefahot Bank Limited,Yonie Fanning,179
2024-08-02,Jul-24,Mizuho Securities USA LLC,Steven R Ricchiuto,210
2024-08-02,Jul-24,Moody's Analytics Inc,,175
2024-08-02,Jul-24,Morgan Stanley Group Inc,,195
2024-08-02,Jul-24,National Bank of Canada Financial Inc,Marion/Paquet,170
2024-08-02,Jul-24,Nationwide Mutual Insurance Co,Kathleen Bostjancic,185
2024-08-02,Jul-24,Natixis North America LLC,Christopher Hodge,165
2024-08-02,Jul-24,Natwest Markets,Kevin Cummins,170
2024-08-02,Jul-24,Nomura Securities International Inc,,165
2024-08-02,Jul-24,Oxford Economics USA Inc,,190
2024-08-02,Jul-24,PNC Finl Services Group INC,Augustine Faucher,185
2024-08-02,Jul-24,Pantheon Macroeconomics Ltd,Ian C Shepherdson,130
2024-08-02,Jul-24,Prestige Economics LLC,Jason M Schenker,165
2024-08-02,Jul-24,RBC Capital Markets LLC,Michael Reid,193
2024-08-02,Jul-24,RSM US LLp,Joe Brusuelas/Tuan Nguyen,200
2024-08-02,Jul-24,Regions Financial Corp,Richard F Moody,169
2024-08-02,Jul-24,SMBC Nikko Securities Inc,Yoshimasa Maruyama,165
2024-08-02,Jul-24,Santander US CM (ex-Amherst Pierpont),Stephen L Stanley,200
2024-08-02,Jul-24,Societe Generale,Stephen Gallagher,210
2024-08-02,Jul-24,Southbay Research,Andrew Zatlin,141
2024-08-02,Jul-24,Standard Chartered PLC,,175
2024-08-02,Jul-24,TD Securities (USA) LLC,Oscar Munoz,200
2024-08-02,Jul-24,UBS Securities LLC,,150
2024-08-02,Jul-24,UniCredit Group,Daniel Vernazza,180
2024-08-02,Jul-24,University of Maryland,Peter G Morici,190
2024-08-02,Jul-24,University of Michigan,Daniil Manaenkov,150
2024-08-02,Jul-24,Vinland Capital Management International Gestora de Recursos Ltda,,165
2024-08-02,Jul-24,Visa USA Inc,Michael Brown,175
2024-08-02,Jul-24,Wells Fargo Bank NA,Jay H Bryson,165
2024-08-02,Jul-24,Westpac Banking Corp,,170
2024-08-02,Jul-24,Wrightson ICAP LLC,Crandall/Jordan,125
2024-09-06,Aug-24,4CAST/Continuum Economics,David H Sloan,160
2024-09-06,Aug-24,ABN Amro Bank NV,Rogier Quaedvlieg,165
2024-09-06,Aug-24,Acciones y Valores SA/Colombia,,170
2024-09-06,Aug-24,Action Economics LLC,Michael R Englund,175
2024-09-06,Aug-24,Ameriprise Financial Inc,Russell T Price,155
2024-09-06,Aug-24,BNP Paribas SA,,175
2024-09-06,Aug-24,Banco BTG Pactual SA,,165
2024-09-06,Aug-24,Bank of America Corp,,200
2024-09-06,Aug-24,Bank of Montreal,D. Porter/S. Anderson,162
2024-09-06,Aug-24,Bantleon AG,Daniel Hartmann,155
2024-09-06,Aug-24,Barclays Capital Inc.,Marc Giannoni,175
2024-09-06,Aug-24,Berliner Sparkasse,Uwe Duerkop,140
2024-09-06,Aug-24,Bloomberg Economics,,145
2024-09-06,Aug-24,Briefing.com,,150
2024-09-06,Aug-24,Canadian Imperial Bank of Commerce,Avery Shenfeld,170
2024-09-06,Aug-24,Capital Economics Ltd,,170
2024-09-06,Aug-24,Citigroup Inc,,125
2024-09-06,Aug-24,Comerica Bank,William Adams,180
2024-09-06,Aug-24,Credit Agricole CIB,Nicholas Van Ness,165
2024-09-06,Aug-24,Cti Capital Securities Inc,Stephan Buu,130
2024-09-06,Aug-24,Dai-Ichi Life Research Institute Inc,Seiji Katsurahata,182
2024-09-06,Aug-24,Danske Bank A/S,,170
2024-09-06,Aug-24,Dekabank Deutsche Girozentrale,Besch/Luetje,175
2024-09-06,Aug-24,Desjardins Financial Group,Jean/Genereux,170
2024-09-06,Aug-24,Deutsche Bank Securities Inc,Brett Ryan,150
2024-09-06,Aug-24,Evercore ISI,Stan Shipley,200
2024-09-06,Aug-24,First Trust Portfolios LP,Stein/Wesbury,177
2024-09-06,Aug-24,Goldman Sachs & Co LLC,,155
2024-09-06,Aug-24,HSBC Securities (USA) Inc,Ryan Wang,160
2024-09-06,Aug-24,Helaba Frankfurt,Patrick Franke,150
2024-09-06,Aug-24,Herrmann Forecasting LLC,John D Herrmann,161
2024-09-06,Aug-24,High Frequency Economics,Rubeela Farooqi,150
2024-09-06,Aug-24,Hugh Johnson Economics LLC,Hugh A Johnson,140
2024-09-06,Aug-24,Investec Bank PLC,Shaw/Henderson,130
2024-09-06,Aug-24,Itau Unibanco SA,,160
2024-09-06,Aug-24,JP Morgan Securities LLC,Michael E Feroli,150
2024-09-06,Aug-24,JPMorgan Asset Management Inc,David P Kelly,179
2024-09-06,Aug-24,Japan Digital Design Inc,,118
2024-09-06,Aug-24,Japan Post Insurance Co Ltd,Yongxin Chen,200
2024-09-06,Aug-24,Jefferies LLC,Thomas Simons,175
2024-09-06,Aug-24,Landesbank Baden-Wuerttemberg,Dirk Chlench,100
2024-09-06,Aug-24,Lloyds Bank PLC,Rhys Herbert,195
2024-09-06,Aug-24,Market Securities Monaco Sam,Christophe Barraud,155
2024-09-06,Aug-24,Mizuho Securities USA LLC,Steven R Ricchiuto,175
2024-09-06,Aug-24,Moody's Analytics Inc,,190
2024-09-06,Aug-24,Morgan Stanley Group Inc,,185
2024-09-06,Aug-24,National Bank of Canada Financial Inc,Marion/Paquet,165
2024-09-06,Aug-24,Nationwide Mutual Insurance Co,Kathleen Bostjancic,160
2024-09-06,Aug-24,Natixis North America LLC,Christopher Hodge,160
2024-09-06,Aug-24,Natwest Markets,Kevin Cummins,120
2024-09-06,Aug-24,Nomura Securities International Inc,,130
2024-09-06,Aug-24,Oxford Economics USA Inc,,170
2024-09-06,Aug-24,Pantheon Macroeconomics Ltd,Ian C Shepherdson,140
2024-09-06,Aug-24,Prestige Economics LLC,Jason M Schenker,145
2024-09-06,Aug-24,RBC Capital Markets LLC,Michael Reid,159
2024-09-06,Aug-24,RSM US LLp,Joe Brusuelas/Tuan Nguyen,175
2024-09-06,Aug-24,Regions Financial Corp,Richard F Moody,208
2024-09-06,Aug-24,SMBC Nikko Securities Inc,Yoshimasa Maruyama,140
2024-09-06,Aug-24,Santander US CM (ex-Amherst Pierpont),Stephen L Stanley,190
2024-09-06,Aug-24,Scotiabank,Derek Holt,140
2024-09-06,Aug-24,Societe Generale,Stephen Gallagher,175
2024-09-06,Aug-24,Southbay Research,Andrew Zatlin,206
2024-09-06,Aug-24,Standard Chartered PLC,,170
2024-09-06,Aug-24,TD Securities (USA) LLC,Oscar Munoz,205
2024-09-06,Aug-24,UBS Securities LLC,,155
2024-09-06,Aug-24,University of Michigan,Daniil Manaenkov,110
2024-09-06,Aug-24,Vinland Capital Management International Gestora de Recursos Ltda,,180
2024-09-06,Aug-24,Visa USA Inc,Michael Brown,190
2024-09-06,Aug-24,Wells Fargo Bank NA,Jay H Bryson,145
2024-09-06,Aug-24,Westpac Banking Corp,,160
2024-09-06,Aug-24,Wilmington Trust Company,Nash Peyton,170
2024-09-06,Aug-24,Wolfe Research LLC,Stephanie Roth,175
2024-09-06,Aug-24,Wrightson ICAP LLC,Crandall/Jordan,160
2024-10-04,Sep-24,4CAST/Continuum Economics,David H Sloan,180
2024-10-04,Sep-24,ABN Amro Bank NV,Rogier Quaedvlieg,200
2024-10-04,Sep-24,Acciones y Valores SA/Colombia,,150
2024-10-04,Sep-24,Action Economics LLC,Michael R Englund,150
2024-10-04,Sep-24,Ameriprise Financial Inc,Russell T Price,155
2024-10-04,Sep-24,BNP Paribas SA,,150
2024-10-04,Sep-24,Banco BTG Pactual SA,,130
2024-10-04,Sep-24,Bank of America Corp,,150
2024-10-04,Sep-24,Bank of Montreal,D. Porter/S. Anderson,150
2024-10-04,Sep-24,Bantleon AG,Daniel Hartmann,140
2024-10-04,Sep-24,Barclays Capital Inc.,Marc Giannoni,150
2024-10-04,Sep-24,Berliner Sparkasse,Uwe Duerkop,125
2024-10-04,Sep-24,Bloomberg Economics,,188
2024-10-04,Sep-24,Briefing.com,,120
2024-10-04,Sep-24,Canadian Imperial Bank of Commerce,Avery Shenfeld,110
2024-10-04,Sep-24,Capital Economics Ltd,,100
2024-10-04,Sep-24,Citigroup Inc,,70
2024-10-04,Sep-24,Comerica Bank,William Adams,150
2024-10-04,Sep-24,Credit Agricole CIB,Nicholas Van Ness,145
2024-10-04,Sep-24,Cti Capital Securities Inc,Stephan Buu,130
2024-10-04,Sep-24,Dai-Ichi Life Research Institute Inc,Seiji Katsurahata,152
2024-10-04,Sep-24,Daiwa Capital Mkts,Lawrence Werther,140
2024-10-04,Sep-24,Dekabank Deutsche Girozentrale,Besch/Luetje,130
2024-10-04,Sep-24,Desjardins Financial Group,Jean/Genereux,150
2024-10-04,Sep-24,Deutsche Bank Securities Inc,Brett Ryan,150
2024-10-04,Sep-24,Evercore ISI,Stan Shipley,185
2024-10-04,Sep-24,FHN Financial,Christopher Low,175
2024-10-04,Sep-24,First Trust Portfolios LP,Stein/Wesbury,157
2024-10-04,Sep-24,Goldman Sachs & Co LLC,,165
2024-10-04,Sep-24,HSBC Securities (USA) Inc,Ryan Wang,140
2024-10-04,Sep-24,Helaba Frankfurt,Patrick Franke,100
2024-10-04,Sep-24,Herrmann Forecasting LLC,John D Herrmann,184
2024-10-04,Sep-24,High Frequency Economics,Rubeela Farooqi,100
2024-10-04,Sep-24,Hugh Johnson Economics LLC,Hugh A Johnson,140
2024-10-04,Sep-24,Investec Bank PLC,Shaw/Henderson,120
2024-10-04,Sep-24,Itau Unibanco SA,,160
2024-10-04,Sep-24,JP Morgan Securities LLC,Michael E Feroli,125
2024-10-04,Sep-24,JPMorgan Asset Management Inc,David P Kelly,158
2024-10-04,Sep-24,Japan Digital Design Inc,,148
2024-10-04,Sep-24,Japan Post Insurance Co Ltd,Yongxin Chen,100
2024-10-04,Sep-24,Jefferies LLC,Thomas Simons,220
2024-10-04,Sep-24,Landesbank Baden-Wuerttemberg,Dirk Chlench,100
2024-10-04,Sep-24,Lloyds Bank PLC,Rhys Herbert,150
2024-10-04,Sep-24,Market Securities Monaco Sam,Christophe Barraud,163
2024-10-04,Sep-24,Mizrahi Tefahot Bank Limited,Yonie Fanning,181
2024-10-04,Sep-24,Mizuho Securities USA LLC,Steven R Ricchiuto,160
2024-10-04,Sep-24,Moody's Analytics Inc,,150
2024-10-04,Sep-24,Morgan Stanley Group Inc,,160
2024-10-04,Sep-24,National Bank of Canada Financial Inc,Marion/Paquet,140
2024-10-04,Sep-24,Nationwide Mutual Insurance Co,Kathleen Bostjancic,140
2024-10-04,Sep-24,Natixis North America LLC,Christopher Hodge,175
2024-10-04,Sep-24,Natwest Markets,Kevin Cummins,100
2024-10-04,Sep-24,Nomura Securities International Inc,,155
2024-10-04,Sep-24,Oxford Economics USA Inc,,165
2024-10-04,Sep-24,PNC Finl Services Group INC,Augustine Faucher,155
2024-10-04,Sep-24,Pantheon Macroeconomics Ltd,Samuel Tombs,135
2024-10-04,Sep-24,Prestige Economics LLC,Jason M Schenker,124
2024-10-04,Sep-24,RBC Capital Markets LLC,Michael Reid,147
2024-10-04,Sep-24,RSM US LLp,Joe Brusuelas/Tuan Nguyen,165
2024-10-04,Sep-24,Regions Financial Corp,Richard F Moody,206
2024-10-04,Sep-24,SMBC Nikko Securities Inc,Yoshimasa Maruyama,93
2024-10-04,Sep-24,Santander US CM (ex-Amherst Pierpont),Stephen L Stanley,140
2024-10-04,Sep-24,Scotiabank,Derek Holt,165
2024-10-04,Sep-24,Societe Generale,Stephen Gallagher,150
2024-10-04,Sep-24,Southbay Research,Andrew Zatlin,159
2024-10-04,Sep-24,Standard Chartered PLC,,110
2024-10-04,Sep-24,TD Securities (USA) LLC,Oscar Munoz,160
2024-10-04,Sep-24,UBS Securities LLC,,180
2024-10-04,Sep-24,University of Maryland,Peter G Morici,153
2024-10-04,Sep-24,University of Michigan,Daniil Manaenkov,115
2024-10-04,Sep-24,Vinland Capital Management International Gestora de Recursos Ltda,,180
2024-10-04,Sep-24,Visa USA Inc,Michael Brown,150
2024-10-04,Sep-24,Wells Fargo Bank NA,Jay H Bryson,135
2024-10-04,Sep-24,Wilmington Trust Company,Nash Peyton,110
2024-10-04,Sep-24,Wolfe Research LLC,Stephanie Roth,145
2024-10-04,Sep-24,Wrightson ICAP LLC,Crandall/Jordan,100
2024-11-01,Oct-24,4CAST/Continuum Economics,David H Sloan,75
2024-11-01,Oct-24,ABN Amro Bank NV,Rogier Quaedvlieg,0
2024-11-01,Oct-24,Acciones y Valores SA/Colombia,,100
2024-11-01,Oct-24,Action Economics LLC,Michael R Englund,140
2024-11-01,Oct-24,Ameriprise Financial Inc,Russell T Price,60
2024-11-01,Oct-24,BNP Paribas SA,,120
2024-11-01,Oct-24,Banco BTG Pactual SA,,100
2024-11-01,Oct-24,Bank of Montreal,D. Porter/S. Anderson,140
2024-11-01,Oct-24,Bantleon AG,Daniel Hartmann,95
2024-11-01,Oct-24,Barclays Capital Inc.,Marc Giannoni,125
2024-11-01,Oct-24,Berliner Sparkasse,Uwe Duerkop,125
2024-11-01,Oct-24,Bloomberg Economics,,-10
2024-11-01,Oct-24,Briefing.com,,125
2024-11-01,Oct-24,Canadian Imperial Bank of Commerce,Avery Shenfeld,110
2024-11-01,Oct-24,Capital Economics Ltd,,100
2024-11-01,Oct-24,Citigroup Inc,,90
2024-11-01,Oct-24,Comerica Bank,William Adams,30
2024-11-01,Oct-24,Credit Agricole CIB,Nicholas Van Ness,110
2024-11-01,Oct-24,Cti Capital Securities Inc,Stephan Buu,159
2024-11-01,Oct-24,Dai-Ichi Life Research Institute Inc,Seiji Katsurahata,88
2024-11-01,Oct-24,Daiwa Capital Mkts,Lawrence Werther,110
2024-11-01,Oct-24,Danske Bank A/S,,130
2024-11-01,Oct-24,Dekabank Deutsche Girozentrale,Besch/Luetje,130
2024-11-01,Oct-24,Desjardins Financial Group,Jean/Genereux,135
2024-11-01,Oct-24,Deutsche Bank Securities Inc,Brett Ryan,100
2024-11-01,Oct-24,Evercore ISI,Stan Shipley,125
2024-11-01,Oct-24,FHN Financial,Christopher Low,120
2024-11-01,Oct-24,First Trust Portfolios LP,Stein/Wesbury,98
2024-11-01,Oct-24,Goldman Sachs & Co LLC,,95
2024-11-01,Oct-24,HSBC Securities (USA) Inc,Ryan Wang,110
2024-11-01,Oct-24,Helaba Frankfurt,Patrick Franke,150
2024-11-01,Oct-24,Herrmann Forecasting LLC,John D Herrmann,87
2024-11-01,Oct-24,High Frequency Economics,Rubeela Farooqi,100
2024-11-01,Oct-24,Hugh Johnson Economics LLC,Hugh A Johnson,150
2024-11-01,Oct-24,Investec Bank PLC,Shaw/Henderson,90
2024-11-01,Oct-24,Itau Unibanco SA,,75
2024-11-01,Oct-24,JP Morgan Securities LLC,Michael E Feroli,100
2024-11-01,Oct-24,JPMorgan Asset Management Inc,David P Kelly,157
2024-11-01,Oct-24,Japan Digital Design Inc,,133
2024-11-01,Oct-24,Japan Post Insurance Co Ltd,Yongxin Chen,150
2024-11-01,Oct-24,Jefferies LLC,Thomas Simons,115
2024-11-01,Oct-24,Landesbank Baden-Wuerttemberg,Dirk Chlench,160
2024-11-01,Oct-24,Lloyds Bank PLC,Rhys Herbert,130
2024-11-01,Oct-24,Market Securities Monaco Sam,Christophe Barraud,95
2024-11-01,Oct-24,Mizuho Securities USA LLC,Steven R Ricchiuto,180
2024-11-01,Oct-24,Moody's Analytics Inc,,80
2024-11-01,Oct-24,Morgan Stanley Group Inc,,75
2024-11-01,Oct-24,National Bank of Canada Financial Inc,Marion/Paquet,90
2024-11-01,Oct-24,Nationwide Mutual Insurance Co,Kathleen Bostjancic,100
2024-11-01,Oct-24,Natixis North America LLC,Christopher Hodge,90
2024-11-01,Oct-24,Nomura Securities International Inc,,110
2024-11-01,Oct-24,Oxford Economics USA Inc,,75
2024-11-01,Oct-24,PNC Finl Services Group INC,Augustine Faucher,90
2024-11-01,Oct-24,Pantheon Macroeconomics Ltd,Samuel Tombs,100
2024-11-01,Oct-24,Paragon Research Ltd,Colm Fitzgerald,180
2024-11-01,Oct-24,Prestige Economics LLC,Jason M Schenker,160
2024-11-01,Oct-24,RBC Capital Markets LLC,Michael Reid,164
2024-11-01,Oct-24,RSM US LLp,Joe Brusuelas/Tuan Nguyen,120
2024-11-01,Oct-24,Regions Financial Corp,Richard F Moody,44
2024-11-01,Oct-24,SMBC Nikko Securities Inc,Yoshimasa Maruyama,67
2024-11-01,Oct-24,Santander US CM (ex-Amherst Pierpont),Stephen L Stanley,135
2024-11-01,Oct-24,Scotiabank,Derek Holt,95
2024-11-01,Oct-24,Societe Generale,Stephen Gallagher,130
2024-11-01,Oct-24,Southbay Research,Andrew Zatlin,38
2024-11-01,Oct-24,Standard Chartered PLC,,115
2024-11-01,Oct-24,TD Securities (USA) LLC,Oscar Munoz,70
2024-11-01,Oct-24,UBS Securities LLC,,100
2024-11-01,Oct-24,University of Maryland,Peter G Morici,140
2024-11-01,Oct-24,University of Michigan,Daniil Manaenkov,90
2024-11-01,Oct-24,Vinland Capital Management International Gestora de Recursos Ltda,,100
2024-11-01,Oct-24,Visa USA Inc,Michael Brown,115
2024-11-01,Oct-24,Wells Fargo Bank NA,Jay H Bryson,75
2024-11-01,Oct-24,Wilmington Trust Company,Nash Peyton,135
2024-11-01,Oct-24,Wolfe Research LLC,Stephanie Roth,70
2024-11-01,Oct-24,Wrightson ICAP LLC,Crandall/Jordan,100
2024-12-06,Nov-24,4CAST/Continuum Economics,David H Sloan,260
2024-12-06,Nov-24,ABN Amro Bank NV,Rogier Quaedvlieg,170
2024-12-06,Nov-24,Acciones y Valores SA/Colombia,,180
2024-12-06,Nov-24,Action Economics LLC,Michael R Englund,180
2024-12-06,Nov-24,Ameriprise Financial Inc,Russell T Price,225
2024-12-06,Nov-24,BNP Paribas SA,,225
2024-12-06,Nov-24,Banco BTG Pactual SA,,200
2024-12-06,Nov-24,Bank of America Corp,,240
2024-12-06,Nov-24,Barclays Capital Inc.,Marc Giannoni,275
2024-12-06,Nov-24,Berliner Sparkasse,Uwe Duerkop,175
2024-12-06,Nov-24,Bloomberg Economics,,182
2024-12-06,Nov-24,Briefing.com,,220
2024-12-06,Nov-24,Capital Economics Ltd,,190
2024-12-06,Nov-24,Citigroup Inc,,155
2024-12-06,Nov-24,Comerica Bank,William Adams,250
2024-12-06,Nov-24,Credit Agricole CIB,Nicholas Van Ness,240
2024-12-06,Nov-24,Dai-Ichi Life Research Institute Inc,Seiji Katsurahata,168
2024-12-06,Nov-24,Daiwa Capital Mkts,Lawrence Werther,200
2024-12-06,Nov-24,Dekabank Deutsche Girozentrale,Besch/Luetje,180
2024-12-06,Nov-24,Desjardins Financial Group,Jean/Genereux,200
2024-12-06,Nov-24,Deutsche Bank Securities Inc,Brett Ryan,215
2024-12-06,Nov-24,Evercore ISI,Stan Shipley,225
2024-12-06,Nov-24,First Trust Portfolios LP,Stein/Wesbury,222
2024-12-06,Nov-24,Goldman Sachs & Co LLC,,235
2024-12-06,Nov-24,HSBC Securities (USA) Inc,Ryan Wang,190
2024-12-06,Nov-24,Helaba Frankfurt,Patrick Franke,225
2024-12-06,Nov-24,Herrmann Forecasting LLC,John D Herrmann,284
2024-12-06,Nov-24,High Frequency Economics,Rubeela Farooqi,190
2024-12-06,Nov-24,Hugh Johnson Economics LLC,Hugh A Johnson,170
2024-12-06,Nov-24,Investec Bank PLC,Shaw/Henderson,227
2024-12-06,Nov-24,Itau Unibanco SA,,230
2024-12-06,Nov-24,JGP Gestao de Recursos Ltda/Brazil,,250
2024-12-06,Nov-24,JP Morgan Securities LLC,Michael E Feroli,275
2024-12-06,Nov-24,JPMorgan Asset Management Inc,David P Kelly,213
2024-12-06,Nov-24,Japan Digital Design Inc,,191
2024-12-06,Nov-24,Japan Post Insurance Co Ltd,Yongxin Chen,150
2024-12-06,Nov-24,Jefferies LLC,Thomas Simons,210
2024-12-06,Nov-24,Landesbank Baden-Wuerttemberg,Dirk Chlench,180
2024-12-06,Nov-24,Lloyds Bank PLC,Rhys Herbert,215
2024-12-06,Nov-24,Market Securities Monaco Sam,Christophe Barraud,232
2024-12-06,Nov-24,Mizrahi Tefahot Bank Limited,Yonie Fanning,268
2024-12-06,Nov-24,Mizuho Securities USA LLC,Steven R Ricchiuto,260
2024-12-06,Nov-24,Morgan Stanley Group Inc,,270
2024-12-06,Nov-24,National Bank of Canada Financial Inc,Marion/Paquet,200
2024-12-06,Nov-24,Nationwide Mutual Insurance Co,Kathleen Bostjancic,200
2024-12-06,Nov-24,Natixis North America LLC,Christopher Hodge,240
2024-12-06,Nov-24,Nomura Securities International Inc,,220
2024-12-06,Nov-24,Novus Capital,,190
2024-12-06,Nov-24,Oxford Economics USA Inc,,205
2024-12-06,Nov-24,PNC Finl Services Group INC,Augustine Faucher,265
2024-12-06,Nov-24,Pantheon Macroeconomics Ltd,Samuel Tombs,250
2024-12-06,Nov-24,Prestige Economics LLC,Jason M Schenker,175
2024-12-06,Nov-24,RBC Capital Markets LLC,Michael Reid,157
2024-12-06,Nov-24,RSM US LLp,Joe Brusuelas/Tuan Nguyen,220
2024-12-06,Nov-24,Regions Financial Corp,Richard F Moody,274
2024-12-06,Nov-24,SMBC Nikko Securities Inc,Yoshimasa Maruyama,250
2024-12-06,Nov-24,Santander US CM (ex-Amherst Pierpont),Stephen L Stanley,225
2024-12-06,Nov-24,Scotiabank,Derek Holt,200
2024-12-06,Nov-24,Societe Generale,Stephen Gallagher,185
2024-12-06,Nov-24,Southbay Research,Andrew Zatlin,269
2024-12-06,Nov-24,Standard Chartered PLC,,165
2024-12-06,Nov-24,TD Securities (USA) LLC,Oscar Munoz,270
2024-12-06,Nov-24,UBS Securities LLC,,250
2024-12-06,Nov-24,University of Maryland,Peter G Morici,160
2024-12-06,Nov-24,University of Michigan,Daniil Manaenkov,235
2024-12-06,Nov-24,Vinland Capital Management International Gestora de Recursos Ltda,,270
2024-12-06,Nov-24,Visa USA Inc,Michael Brown,178
2024-12-06,Nov-24,Wells Fargo Bank NA,Jay H Bryson,230
2024-12-06,Nov-24,Wilmington Trust Company,Nash Peyton,190
2024-12-06,Nov-24,Wolfe Research LLC,Stephanie Roth,270
2024-12-06,Nov-24,Wrightson ICAP LLC,Crandall/Jordan,250
2025-01-10,Dec-24,4CAST/Continuum Economics,David H Sloan,175
2025-01-10,Dec-24,ABN Amro Bank NV,Rogier Quaedvlieg,225
2025-01-10,Dec-24,Action Economics LLC,Michael R Englund,165
2025-01-10,Dec-24,Ameriprise Financial Inc,Russell T Price,180
2025-01-10,Dec-24,BNP Paribas SA,,165
2025-01-10,Dec-24,Banco BTG Pactual SA,,196
2025-01-10,Dec-24,Bank of America Corp,,175
2025-01-10,Dec-24,Bank of Montreal,D. Porter/S. Anderson,150
2025-01-10,Dec-24,Bantleon AG,Daniel Hartmann,155
2025-01-10,Dec-24,Berliner Sparkasse,Uwe Duerkop,200
2025-01-10,Dec-24,Bloomberg Economics,,268
2025-01-10,Dec-24,Briefing.com,,165
2025-01-10,Dec-24,Canadian Imperial Bank of Commerce,Avery Shenfeld,150
2025-01-10,Dec-24,Capital Economics Ltd,,140
2025-01-10,Dec-24,Citigroup Inc,,120
2025-01-10,Dec-24,Comerica Bank,William Adams,170
2025-01-10,Dec-24,Credit Agricole CIB,Nicholas Van Ness,145
2025-01-10,Dec-24,Cti Capital Securities Inc,Stephan Buu,135
2025-01-10,Dec-24,Dai-Ichi Life Research Institute Inc,Seiji Katsurahata,182
2025-01-10,Dec-24,Daiwa Capital Mkts,Lawrence Werther,160
2025-01-10,Dec-24,Danske Bank A/S,,170
2025-01-10,Dec-24,Dekabank Deutsche Girozentrale,Besch/Luetje,140
2025-01-10,Dec-24,Desjardins Financial Group,Jean/Genereux,140
2025-01-10,Dec-24,Deutsche Bank Securities Inc,Brett Ryan,150
2025-01-10,Dec-24,Evercore ISI,Stan Shipley,175
2025-01-10,Dec-24,FHN Financial,Christopher Low,160
2025-01-10,Dec-24,First Trust Portfolios LP,Stein/Wesbury,151
2025-01-10,Dec-24,Goldman Sachs & Co LLC,,125
2025-01-10,Dec-24,HSBC Securities (USA) Inc,Ryan Wang,155
2025-01-10,Dec-24,Helaba Frankfurt,Patrick Franke,125
2025-01-10,Dec-24,Herrmann Forecasting LLC,John D Herrmann,184
2025-01-10,Dec-24,High Frequency Economics,Rubeela Farooqi,148
2025-01-10,Dec-24,Hugh Johnson Economics LLC,Hugh A Johnson,150
2025-01-10,Dec-24,Investec Bank PLC,Shaw/Henderson,135
2025-01-10,Dec-24,Itau Unibanco SA,,180
2025-01-10,Dec-24,JP Morgan Securities LLC,Michael E Feroli,150
2025-01-10,Dec-24,JPMorgan Asset Management Inc,David P Kelly,172
2025-01-10,Dec-24,Japan Digital Design Inc,,179
2025-01-10,Dec-24,Japan Post Insurance Co Ltd,Yongxin Chen,100
2025-01-10,Dec-24,Jefferies LLC,Thomas Simons,140
2025-01-10,Dec-24,Landesbank Baden-Wuerttemberg,Dirk Chlench,160
2025-01-10,Dec-24,Lloyds Bank PLC,Rhys Herbert,172
2025-01-10,Dec-24,Market Securities Monaco Sam,Christophe Barraud,177
2025-01-10,Dec-24,Mizrahi Tefahot Bank Limited,Yonie Fanning,162
2025-01-10,Dec-24,Mizuho Securities USA LLC,Steven R Ricchiuto,170
2025-01-10,Dec-24,Moody's Analytics Inc,,175
2025-01-10,Dec-24,Morgan Stanley Group Inc,,150
2025-01-10,Dec-24,National Bank of Canada Financial Inc,Marion/Paquet,160
2025-01-10,Dec-24,Nationwide Mutual Insurance Co,Kathleen Bostjancic,165
2025-01-10,Dec-24,Natixis North America LLC,Christopher Hodge,175
2025-01-10,Dec-24,Nomura Securities International Inc,,180
2025-01-10,Dec-24,Novus Capital,,200
2025-01-10,Dec-24,Oxford Economics USA Inc,,185
2025-01-10,Dec-24,PNC Finl Services Group INC,Augustine Faucher,160
2025-01-10,Dec-24,Pantheon Macroeconomics Ltd,Samuel Tombs,150
2025-01-10,Dec-24,Prestige Economics LLC,Jason M Schenker,187
2025-01-10,Dec-24,RBC Capital Markets LLC,Michael Reid,195
2025-01-10,Dec-24,RSM US LLp,Joe Brusuelas/Tuan Nguyen,180
2025-01-10,Dec-24,Regions Financial Corp,Richard F Moody,182
2025-01-10,Dec-24,SMBC Nikko Securities Inc,Yoshimasa Maruyama,150
2025-01-10,Dec-24,Santander US CM (ex-Amherst Pierpont),Stephen L Stanley,150
2025-01-10,Dec-24,Scotiabank,Derek Holt,205
2025-01-10,Dec-24,Societe Generale,Stephen Gallagher,190
2025-01-10,Dec-24,Southbay Research,Andrew Zatlin,234
2025-01-10,Dec-24,Standard Chartered PLC,,125
2025-01-10,Dec-24,TD Securities (USA) LLC,Oscar Munoz,180
2025-01-10,Dec-24,UBS Securities LLC,,180
2025-01-10,Dec-24,University of Maryland,Peter G Morici,160
2025-01-10,Dec-24,University of Michigan,Daniil Manaenkov,140
2025-01-10,Dec-24,Vinland Capital Management International Gestora de Recursos Ltda,,170
2025-01-10,Dec-24,Visa USA Inc,Michael Brown,175
2025-01-10,Dec-24,Wells Fargo Bank NA,Jay H Bryson,150
2025-01-10,Dec-24,Wilmington Trust Company,Nash Peyton,130
2025-01-10,Dec-24,Wolfe Research LLC,Stephanie Roth,175
2025-01-10,Dec-24,Wrightson ICAP LLC,Crandall/Jordan,150
2025-02-07,Jan-25,4CAST/Continuum Economics,David H Sloan,125
2025-02-07,Jan-25,ABN Amro Bank NV,Rogier Quaedvlieg,200
2025-02-07,Jan-25,Acciones y Valores SA/Colombia,,160
2025-02-07,Jan-25,Action Economics LLC,Michael R Englund,145
2025-02-07,Jan-25,Ameriprise Financial Inc,Russell T Price,185
2025-02-07,Jan-25,BNP Paribas SA,James Egelhof,170
2025-02-07,Jan-25,Banco BTG Pactual SA,,230
2025-02-07,Jan-25,Bank of America Corp,,200
2025-02-07,Jan-25,Bank of Montreal,D. Porter/S. Anderson,150
2025-02-07,Jan-25,Bantleon AG,Daniel Hartmann,180
2025-02-07,Jan-25,Barclays Capital Inc.,Marc Giannoni,175
2025-02-07,Jan-25,Berenberg,Atakan Bakiskan,195
2025-02-07,Jan-25,Berliner Sparkasse,Uwe Duerkop,200
2025-02-07,Jan-25,Bloomberg Economics,,215
2025-02-07,Jan-25,Briefing.com,,175
2025-02-07,Jan-25,Canadian Imperial Bank of Commerce,Avery Shenfeld,185
2025-02-07,Jan-25,Capital Economics Ltd,,170
2025-02-07,Jan-25,Citigroup Inc,,195
2025-02-07,Jan-25,Comerica Bank,William Adams,140
2025-02-07,Jan-25,Credit Agricole CIB,Nicholas Van Ness,200
2025-02-07,Jan-25,Dai-Ichi Life Research Institute Inc,Seiji Katsurahata,162
2025-02-07,Jan-25,Daiwa Capital Mkts,Lawrence Werther,140
2025-02-07,Jan-25,Danske Bank A/S,,150
2025-02-07,Jan-25,Dekabank Deutsche Girozentrale,Besch/Luetje,130
2025-02-07,Jan-25,Desjardins Financial Group,Jean/Genereux,155
2025-02-07,Jan-25,Deutsche Bank Securities Inc,Brett Ryan,175
2025-02-07,Jan-25,Evercore ISI,Stan Shipley,165
2025-02-07,Jan-25,FHN Financial,Christopher Low,170
2025-02-07,Jan-25,First Trust Portfolios LP,Stein/Wesbury,179
2025-02-07,Jan-25,Goldman Sachs & Co LLC,,190
2025-02-07,Jan-25,HSBC Securities (USA) Inc,Ryan Wang,140
2025-02-07,Jan-25,Helaba Frankfurt,Patrick Franke,125
2025-02-07,Jan-25,Herrmann Forecasting LLC,John D Herrmann,234
2025-02-07,Jan-25,High Frequency Economics,Carl B Weinberg,168
2025-02-07,Jan-25,Hugh Johnson Economics LLC,Hugh A Johnson,150
2025-02-07,Jan-25,Investec Bank PLC,Shaw/Henderson,175
2025-02-07,Jan-25,Itau Unibanco SA,,230
2025-02-07,Jan-25,JGP Gestao de Recursos Ltda/Brazil,,205
2025-02-07,Jan-25,JP Morgan Securities LLC,Michael E Feroli,150
2025-02-07,Jan-25,JPMorgan Asset Management Inc,David P Kelly,165
2025-02-07,Jan-25,Japan Digital Design Inc,,199
2025-02-07,Jan-25,Japan Post Insurance Co Ltd,Yongxin Chen,150
2025-02-07,Jan-25,Jefferies LLC,Thomas Simons,225
2025-02-07,Jan-25,Landesbank Baden-Wuerttemberg,Dirk Chlench,140
2025-02-07,Jan-25,Lloyds Bank PLC,Rhys Herbert,200
2025-02-07,Jan-25,Market Securities Monaco Sam,Christophe Barraud,185
2025-02-07,Jan-25,Mizrahi Tefahot Bank Limited,Yonie Fanning,232
2025-02-07,Jan-25,Mizuho Securities USA LLC,,135
2025-02-07,Jan-25,Moody's Analytics Inc,,150
2025-02-07,Jan-25,Morgan Stanley Group Inc,,140
2025-02-07,Jan-25,National Bank of Canada Financial Inc,Marion/Paquet,190
2025-02-07,Jan-25,Nationwide Mutual Insurance Co,Kathleen Bostjancic,105
2025-02-07,Jan-25,Natixis North America LLC,Christopher Hodge,240
2025-02-07,Jan-25,Nomura Securities International Inc,,225
2025-02-07,Jan-25,Novus Capital,,220
2025-02-07,Jan-25,Oxford Economics USA Inc,,195
2025-02-07,Jan-25,PNC Finl Services Group INC,Augustine Faucher,170
2025-02-07,Jan-25,Pantheon Macroeconomics Ltd,Samuel Tombs,125
2025-02-07,Jan-25,Prestige Economics LLC,Jason M Schenker,190
2025-02-07,Jan-25,RBC Capital Markets LLC,Michael Reid,190
2025-02-07,Jan-25,RSM US LLp,Joe Brusuelas/Tuan Nguyen,185
2025-02-07,Jan-25,Regions Financial Corp,Richard F Moody,201
2025-02-07,Jan-25,SMBC Nikko Securities Inc,Yoshimasa Maruyama,170
2025-02-07,Jan-25,Santander US CM (ex-Amherst Pierpont),Stephen L Stanley,135
2025-02-07,Jan-25,Scotiabank,Derek Holt,205
2025-02-07,Jan-25,Societe Generale,Stephen Gallagher,160
2025-02-07,Jan-25,Southbay Research,Andrew Zatlin,216
2025-02-07,Jan-25,Standard Chartered PLC,,140
2025-02-07,Jan-25,TD Securities (USA) LLC,Oscar Munoz,175
2025-02-07,Jan-25,UBS Securities LLC,,200
2025-02-07,Jan-25,University of Maryland,Peter G Morici,180
2025-02-07,Jan-25,University of Michigan,Daniil Manaenkov,210
2025-02-07,Jan-25,Vinland Capital Management International Gestora de Recursos Ltda,,188
2025-02-07,Jan-25,Visa USA Inc,Michael Brown,150
2025-02-07,Jan-25,Wells Fargo Bank NA,Jay H Bryson,200
2025-02-07,Jan-25,Westpac Banking Corp,,170
2025-02-07,Jan-25,Wilmington Trust Company,Nash Peyton,185
2025-02-07,Jan-25,Wolfe Research LLC,Stephanie Roth,170
2025-02-07,Jan-25,Wrightson ICAP LLC,Crandall/Jordan,125
2025-03-07,Feb-25,4CAST/Continuum Economics,David H Sloan,210
2025-03-07,Feb-25,ABN Amro Bank NV,Rogier Quaedvlieg,100
2025-03-07,Feb-25,Acciones y Valores SA/Colombia,,170
2025-03-07,Feb-25,Action Economics LLC,Michael R Englund,155
2025-03-07,Feb-25,Ameriprise Financial Inc,Russell T Price,140
2025-03-07,Feb-25,BNP Paribas SA,James Egelhof,170
2025-03-07,Feb-25,Banco BTG Pactual SA,,140
2025-03-07,Feb-25,Banco Bradesco SA,Fernando Honorato,140
2025-03-07,Feb-25,Bank of America Corp,,185
2025-03-07,Feb-25,Bank of Montreal,D. Porter/S. Anderson,135
2025-03-07,Feb-25,Bantleon AG,Daniel Hartmann,165
2025-03-07,Feb-25,Barclays Capital Inc.,Marc Giannoni,150
2025-03-07,Feb-25,Berenberg,Atakan Bakiskan,120
2025-03-07,Feb-25,Berliner Sparkasse,Uwe Duerkop,150
2025-03-07,Feb-25,Bloomberg Economics,,65
2025-03-07,Feb-25,Briefing.com,,150
2025-03-07,Feb-25,Canadian Imperial Bank of Commerce,Avery Shenfeld,130
2025-03-07,Feb-25,Capital Economics Ltd,,170
2025-03-07,Feb-25,Citigroup Inc,,135
2025-03-07,Feb-25,Comerica Bank,William Adams,150
2025-03-07,Feb-25,Credit Agricole CIB,Nicholas Van Ness,160
2025-03-07,Feb-25,Dai-Ichi Life Research Institute Inc,Seiji Katsurahata,186
2025-03-07,Feb-25,Daiwa Capital Mkts,Lawrence Werther,150
2025-03-07,Feb-25,Danske Bank A/S,,120
2025-03-07,Feb-25,Dekabank Deutsche Girozentrale,Besch/Luetje,150
2025-03-07,Feb-25,Desjardins Financial Group,Jean/Genereux,135
2025-03-07,Feb-25,Deutsche Bank Securities Inc,Brett Ryan,160
2025-03-07,Feb-25,Evercore ISI,Stan Shipley,145
2025-03-07,Feb-25,FHN Financial,Christopher Low,160
2025-03-07,Feb-25,First Trust Portfolios LP,Stein/Wesbury,165
2025-03-07,Feb-25,Goldman Sachs & Co LLC,,170
2025-03-07,Feb-25,HSBC Securities (USA) Inc,Ryan Wang,115
2025-03-07,Feb-25,Helaba Frankfurt,Patrick Franke,175
2025-03-07,Feb-25,Herrmann Forecasting LLC,John D Herrmann,144
2025-03-07,Feb-25,High Frequency Economics,Carl B Weinberg,30
2025-03-07,Feb-25,Hugh Johnson Economics LLC,Hugh A Johnson,130
2025-03-07,Feb-25,ING Financial Markets LLC,James Knightley,140
2025-03-07,Feb-25,Investec Bank PLC,Shaw/Henderson,205
2025-03-07,Feb-25,Itau Unibanco SA,,190
2025-03-07,Feb-25,JGP Gestao de Recursos Ltda/Brazil,,140
2025-03-07,Feb-25,JP Morgan Securities LLC,Michael E Feroli,175
2025-03-07,Feb-25,JPMorgan Asset Management Inc,David P Kelly,175
2025-03-07,Feb-25,Japan Digital Design Inc,,185
2025-03-07,Feb-25,Japan Post Insurance Co Ltd,Yongxin Chen,200
2025-03-07,Feb-25,Jefferies LLC,Thomas Simons,115
2025-03-07,Feb-25,Landesbank Baden-Wuerttemberg,Dirk Chlench,300
2025-03-07,Feb-25,Lloyds Bank PLC,Rhys Herbert,185
2025-03-07,Feb-25,Market Securities Monaco Sam,Christophe Barraud,146
2025-03-07,Feb-25,Mizrahi Tefahot Bank Limited,Yonie Fanning,130
2025-03-07,Feb-25,Mizuho Securities USA LLC,,150
2025-03-07,Feb-25,Moody's Analytics Inc,,180
2025-03-07,Feb-25,Morgan Stanley Group Inc,,200
2025-03-07,Feb-25,National Bank of Canada Financial Inc,Marion/Paquet,190
2025-03-07,Feb-25,Nationwide Mutual Insurance Co,Kathleen Bostjancic,200
2025-03-07,Feb-25,Natixis North America LLC,Christopher Hodge,180
2025-03-07,Feb-25,Nomura Securities International Inc,,185
2025-03-07,Feb-25,Novus Capital,,210
2025-03-07,Feb-25,Oxford Economics USA Inc,,173
2025-03-07,Feb-25,PNC Finl Services Group INC,Augustine Faucher,160
2025-03-07,Feb-25,Pantheon Macroeconomics Ltd,Samuel Tombs,175
2025-03-07,Feb-25,Prestige Economics LLC,Jason M Schenker,170
2025-03-07,Feb-25,RBC Capital Markets LLC,Michael Reid,140
2025-03-07,Feb-25,RSM US LLp,Joe Brusuelas/Tuan Nguyen,160
2025-03-07,Feb-25,Regions Financial Corp,Richard F Moody,192
2025-03-07,Feb-25,SMBC Nikko Securities Inc,Yoshimasa Maruyama,160
2025-03-07,Feb-25,Santander US CM (ex-Amherst Pierpont),Stephen L Stanley,135
2025-03-07,Feb-25,Scotiabank,Derek Holt,140
2025-03-07,Feb-25,Societe Generale,Stephen Gallagher,180
2025-03-07,Feb-25,Standard Chartered PLC,,130
2025-03-07,Feb-25,TD Securities (USA) LLC,Oscar Munoz,140
2025-03-07,Feb-25,UBS Securities LLC,,175
2025-03-07,Feb-25,University of Maryland,Peter G Morici,160
2025-03-07,Feb-25,University of Michigan,Daniil Manaenkov,149
2025-03-07,Feb-25,Vinland Capital Management International Gestora de Recursos Ltda,,170
2025-03-07,Feb-25,Visa USA Inc,Michael Brown,150
2025-03-07,Feb-25,Wells Fargo Bank NA,Jay H Bryson,170
2025-03-07,Feb-25,Westpac Banking Corp,,170
2025-03-07,Feb-25,Wolfe Research LLC,Stephanie Roth,180
2025-03-07,Feb-25,Wrightson ICAP LLC,Crandall/Jordan,100
2025-04-04,Mar-25,4CAST/Continuum Economics,David H Sloan,165
2025-04-04,Mar-25,ABN Amro Bank NV,Rogier Quaedvlieg,170
2025-04-04,Mar-25,Acciones y Valores SA/Colombia,,145
2025-04-04,Mar-25,Action Economics LLC,Michael R Englund,130
2025-04-04,Mar-25,Ameriprise Financial Inc,Russell T Price,130
2025-04-04,Mar-25,BNP Paribas SA,James Egelhof,145
2025-04-04,Mar-25,Banco BTG Pactual SA,,140
2025-04-04,Mar-25,Bank of America Corp,,185
2025-04-04,Mar-25,Bank of Montreal,D. Porter/S. Anderson,130
2025-04-04,Mar-25,Bantleon AG,Daniel Hartmann,150
2025-04-04,Mar-25,Barclays Capital Inc.,Marc Giannoni,125
2025-04-04,Mar-25,Berenberg,Atakan Bakiskan,140
2025-04-04,Mar-25,Berliner Sparkasse,Uwe Duerkop,80
2025-04-04,Mar-25,Bloomberg Economics,,200
2025-04-04,Mar-25,Briefing.com,,145
2025-04-04,Mar-25,Canadian Imperial Bank of Commerce,Avery Shenfeld,150
2025-04-04,Mar-25,Capital Economics Ltd,,140
2025-04-04,Mar-25,Citigroup Inc,,95
2025-04-04,Mar-25,Comerica Bank,William Adams,110
2025-04-04,Mar-25,Credit Agricole CIB,Nicholas Van Ness,135
2025-04-04,Mar-25,Dai-Ichi Life Research Institute Inc,Seiji Katsurahata,148
2025-04-04,Mar-25,Daiwa Capital Mkts,Lawrence Werther,125
2025-04-04,Mar-25,Danske Bank A/S,,110
2025-04-04,Mar-25,Dekabank Deutsche Girozentrale,Besch/Luetje,130
2025-04-04,Mar-25,Desjardins Financial Group,Jean/Genereux,160
2025-04-04,Mar-25,Deutsche Bank Securities Inc,Brett Ryan,150
2025-04-04,Mar-25,Evercore ISI,Stan Shipley,115
2025-04-04,Mar-25,FHN Financial,Christopher Low,140
2025-04-04,Mar-25,First Trust Portfolios LP,Stein/Wesbury,151
2025-04-04,Mar-25,Goldman Sachs & Co LLC,,150
2025-04-04,Mar-25,HSBC Securities (USA) Inc,Ryan Wang,140
2025-04-04,Mar-25,Helaba Frankfurt,Patrick Franke,100
2025-04-04,Mar-25,Herrmann Forecasting LLC,John D Herrmann,182
2025-04-04,Mar-25,High Frequency Economics,Carl B Weinberg,181
2025-04-04,Mar-25,Hugh Johnson Economics LLC,Hugh A Johnson,120
2025-04-04,Mar-25,ING Financial Markets LLC,James Knightley,125
2025-04-04,Mar-25,Investec Bank PLC,Shaw/Henderson,120
2025-04-04,Mar-25,Itau Unibanco SA,,120
2025-04-04,Mar-25,JGP Gestao de Recursos Ltda/Brazil,,160
2025-04-04,Mar-25,JP Morgan Securities LLC,Michael E Feroli,150
2025-04-04,Mar-25,JPMorgan Asset Management Inc,David P Kelly,144
2025-04-04,Mar-25,Japan Digital Design Inc,,166
2025-04-04,Mar-25,Japan Post Insurance Co Ltd,Yongxin Chen,150
2025-04-04,Mar-25,Jefferies LLC,Thomas Simons,165
2025-04-04,Mar-25,Landesbank Baden-Wuerttemberg,Dirk Chlench,80
2025-04-04,Mar-25,Lloyds Bank PLC,Rhys Herbert,155
2025-04-04,Mar-25,Market Securities Monaco Sam,Christophe Barraud,148
2025-04-04,Mar-25,Mizrahi Tefahot Bank Limited,Yonie Fanning,145
2025-04-04,Mar-25,Mizuho Securities USA LLC,,140
2025-04-04,Mar-25,Moody's Analytics Inc,,100
2025-04-04,Mar-25,Morgan Stanley Group Inc,,130
2025-04-04,Mar-25,National Bank of Canada Financial Inc,Marion/Paquet,155
2025-04-04,Mar-25,Nationwide Mutual Insurance Co,Kathleen Bostjancic,130
2025-04-04,Mar-25,Natixis North America LLC,Christopher Hodge,175
2025-04-04,Mar-25,Nomura Securities International Inc,,110
2025-04-04,Mar-25,Novus Capital,,190
2025-04-04,Mar-25,Oxford Economics USA Inc,,155
2025-04-04,Mar-25,PNC Finl Services Group INC,Augustine Faucher,115
2025-04-04,Mar-25,Pantheon Macroeconomics Ltd,Samuel Tombs,140
2025-04-04,Mar-25,Prestige Economics LLC,Jason M Schenker,125
2025-04-04,Mar-25,RBC Capital Markets LLC,Michael Reid,138
2025-04-04,Mar-25,RSM US LLp,Joe Brusuelas/Tuan Nguyen,175
2025-04-04,Mar-25,Regions Financial Corp,Richard F Moody,168
2025-04-04,Mar-25,SMBC Nikko Securities Inc,Yoshimasa Maruyama,140
2025-04-04,Mar-25,Santander US CM (ex-Amherst Pierpont),Stephen L Stanley,140
2025-04-04,Mar-25,Scotiabank,Derek Holt,175
2025-04-04,Mar-25,Societe Generale,Stephen Gallagher,170
2025-04-04,Mar-25,Southbay Research,Andrew Zatlin,171
2025-04-04,Mar-25,Standard Chartered PLC,,155
2025-04-04,Mar-25,TD Securities (USA) LLC,Oscar Munoz,110
2025-04-04,Mar-25,UBS Securities LLC,,180
2025-04-04,Mar-25,University of Maryland,Peter G Morici,125
2025-04-04,Mar-25,Visa USA Inc,Michael Brown,125
2025-04-04,Mar-25,Wells Fargo Bank NA,Jay H Bryson,125
2025-04-04,Mar-25,Westpac Banking Corp,,145
2025-04-04,Mar-25,Wilmington Trust Company,Nash Peyton,111
2025-04-04,Mar-25,Wolfe Research LLC,Stephanie Roth,130
2025-04-04,Mar-25,Wrightson ICAP LLC,Crandall/Jordan,80
2025-05-02,Apr-25,4CAST/Continuum Economics,David H Sloan,145
2025-05-02,Apr-25,Acciones y Valores SA/Colombia,,135
2025-05-02,Apr-25,Action Economics LLC,Michael R Englund,130
2025-05-02,Apr-25,Ameriprise Financial Inc,Russell T Price,145
2025-05-02,Apr-25,BNP Paribas SA,James Egelhof,135
2025-05-02,Apr-25,Banco BTG Pactual SA,,150
2025-05-02,Apr-25,Bank of America Corp,,165
2025-05-02,Apr-25,Bank of Montreal,D. Porter/S. Anderson,130
2025-05-02,Apr-25,Bantleon AG,Daniel Hartmann,140
2025-05-02,Apr-25,Barclays Capital Inc.,Marc Giannoni,125
2025-05-02,Apr-25,Berenberg,Atakan Bakiskan,170
2025-05-02,Apr-25,Berliner Sparkasse,Uwe Duerkop,50
2025-05-02,Apr-25,Bloomberg Economics,,165
2025-05-02,Apr-25,Briefing.com,,125
2025-05-02,Apr-25,Canadian Imperial Bank of Commerce,Avery Shenfeld,115
2025-05-02,Apr-25,Capital Economics Ltd,,150
2025-05-02,Apr-25,Citigroup Inc,,105
2025-05-02,Apr-25,Comerica Bank,William Adams,115
2025-05-02,Apr-25,Credit Agricole CIB,Nicholas Van Ness,150
2025-05-02,Apr-25,Dai-Ichi Life Research Institute Inc,Seiji Katsurahata,166
2025-05-02,Apr-25,Daiwa Capital Mkts,Lawrence Werther,125
2025-05-02,Apr-25,Danske Bank A/S,,130
2025-05-02,Apr-25,Dekabank Deutsche Girozentrale,Besch/Luetje,80
2025-05-02,Apr-25,Desjardins Financial Group,Jean/Genereux,140
2025-05-02,Apr-25,Deutsche Bank Securities Inc,Brett Ryan,125
2025-05-02,Apr-25,Evercore ISI,Stan Shipley,140
2025-05-02,Apr-25,FHN Financial,Christopher Low,130
2025-05-02,Apr-25,First Trust Portfolios LP,Stein/Wesbury,145
2025-05-02,Apr-25,Goldman Sachs & Co LLC,,140
2025-05-02,Apr-25,HSBC Securities (USA) Inc,Ryan Wang,75
2025-05-02,Apr-25,Helaba Frankfurt,Patrick Franke,125
2025-05-02,Apr-25,Herrmann Forecasting LLC,John D Herrmann,137
2025-05-02,Apr-25,High Frequency Economics,Carl B Weinberg,133
2025-05-02,Apr-25,Hugh Johnson Economics LLC,Hugh A Johnson,140
2025-05-02,Apr-25,ING Financial Markets LLC,James Knightley,110
2025-05-02,Apr-25,Investec Bank PLC,Shaw/Henderson,150
2025-05-02,Apr-25,Itau Unibanco SA,,165
2025-05-02,Apr-25,JP Morgan Securities LLC,Michael E Feroli,125
2025-05-02,Apr-25,JPMorgan Asset Management Inc,David P Kelly,170
2025-05-02,Apr-25,Japan Digital Design Inc,,142
2025-05-02,Apr-25,Japan Post Insurance Co Ltd,Yongxin Chen,150
2025-05-02,Apr-25,Jefferies LLC,Thomas Simons,100
2025-05-02,Apr-25,Landesbank Baden-Wuerttemberg,Dirk Chlench,50
2025-05-02,Apr-25,Lloyds Bank PLC,Rhys Herbert,145
2025-05-02,Apr-25,Market Securities Monaco Sam,Christophe Barraud,145
2025-05-02,Apr-25,Mizuho Securities USA LLC,,85
2025-05-02,Apr-25,Moody's Analytics Inc,,130
2025-05-02,Apr-25,Morgan Stanley Group Inc,,135
2025-05-02,Apr-25,National Bank of Canada Financial Inc,Marion/Paquet,115
2025-05-02,Apr-25,Nationwide Mutual Insurance Co,Kathleen Bostjancic,120
2025-05-02,Apr-25,Natixis North America LLC,Christopher Hodge,140
2025-05-02,Apr-25,Nomura Securities International Inc,,160
2025-05-02,Apr-25,Novus Capital,,160
2025-05-02,Apr-25,Oxford Economics USA Inc,,145
2025-05-02,Apr-25,PNC Finl Services Group INC,Augustine Faucher,150
2025-05-02,Apr-25,Pantheon Macroeconomics Ltd,Samuel Tombs,150
2025-05-02,Apr-25,Prestige Economics LLC,Jason M Schenker,150
2025-05-02,Apr-25,RBC Capital Markets LLC,Michael Reid,138
2025-05-02,Apr-25,RSM US LLp,Joe Brusuelas/Tuan Nguyen,140
2025-05-02,Apr-25,Regions Financial Corp,Richard F Moody,111
2025-05-02,Apr-25,SMBC Nikko Securities Inc,Yoshimasa Maruyama,80
2025-05-02,Apr-25,Santander US CM (ex-Amherst Pierpont),Stephen L Stanley,120
2025-05-02,Apr-25,Scotiabank,Derek Holt,165
2025-05-02,Apr-25,Societe Generale,Stephen Gallagher,160
2025-05-02,Apr-25,Southbay Research,Andrew Zatlin,171
2025-05-02,Apr-25,TD Securities (USA) LLC,Oscar Munoz,150
2025-05-02,Apr-25,UBS Securities LLC,,135
2025-05-02,Apr-25,University of Maryland,Peter G Morici,120
2025-05-02,Apr-25,Vinland Capital Management International Gestora de Recursos Ltda,,100
2025-05-02,Apr-25,Visa USA Inc,Michael Brown,130
2025-05-02,Apr-25,Wells Fargo Bank NA,Jay H Bryson,150
2025-05-02,Apr-25,Wilmington Trust Company,Nash Peyton,160
2025-05-02,Apr-25,Wolfe Research LLC,Stephanie Roth,90
2025-05-02,Apr-25,Wrightson ICAP LLC,Crandall/Jordan,60
2025-06-06,May-25,4CAST/Continuum Economics,David H Sloan,120
2025-06-06,May-25,ABN Amro Bank NV,Rogier Quaedvlieg,100
2025-06-06,May-25,Acciones y Valores SA/Colombia,,125
2025-06-06,May-25,Action Economics LLC,Michael R Englund,135
2025-06-06,May-25,Ameriprise Financial Inc,Russell T Price,130
2025-06-06,May-25,BNP Paribas SA,James Egelhof,125
2025-06-06,May-25,Banco BTG Pactual SA,,170
2025-06-06,May-25,Bank of America Corp,,150
2025-06-06,May-25,Bank of Montreal,D. Porter/S. Anderson,125
2025-06-06,May-25,Barclays Capital Inc.,Marc Giannoni,150
2025-06-06,May-25,Barings LLC,Jacob Meyer,120
2025-06-06,May-25,Berenberg,Atakan Bakiskan,170
2025-06-06,May-25,Berliner Sparkasse,Uwe Duerkop,75
2025-06-06,May-25,Bloomberg Economics,,96
2025-06-06,May-25,Briefing.com,,125
2025-06-06,May-25,Canadian Imperial Bank of Commerce,Avery Shenfeld,125
2025-06-06,May-25,Capital Economics Ltd,,150
2025-06-06,May-25,Citigroup Inc,,120
2025-06-06,May-25,Comerica Bank,William Adams,125
2025-06-06,May-25,Credit Agricole CIB,Nicholas Van Ness,115
2025-06-06,May-25,Dai-Ichi Life Research Institute Inc,Seiji Katsurahata,164
2025-06-06,May-25,Daiwa Capital Mkts,Lawrence Werther,145
2025-06-06,May-25,Danske Bank A/S,,130
2025-06-06,May-25,Dekabank Deutsche Girozentrale,Besch/Luetje,120
2025-06-06,May-25,Desjardins Financial Group,Jean/Genereux,160
2025-06-06,May-25,Deutsche Bank Securities Inc,Brett Ryan,125
2025-06-06,May-25,Evercore ISI,Stan Shipley,115
2025-06-06,May-25,FHN Financial,Christopher Low,140
2025-06-06,May-25,First Trust Portfolios LP,Stein/Wesbury,109
2025-06-06,May-25,Goldman Sachs & Co LLC,,110
2025-06-06,May-25,HSBC Securities (USA) Inc,Ryan Wang,130
2025-06-06,May-25,Helaba Frankfurt,Patrick Franke,100
2025-06-06,May-25,Herrmann Forecasting LLC,John D Herrmann,118
2025-06-06,May-25,High Frequency Economics,Carl B Weinberg,110
2025-06-06,May-25,Hugh Johnson Economics LLC,Hugh A Johnson,130
2025-06-06,May-25,ING Financial Markets LLC,James Knightley,145
2025-06-06,May-25,Investec Bank PLC,Shaw/Henderson,165
2025-06-06,May-25,Itau Unibanco SA,,165
2025-06-06,May-25,JGP Gestao de Recursos Ltda/Brazil,,135
2025-06-06,May-25,JP Morgan Securities LLC,Michael E Feroli,125
2025-06-06,May-25,JPMorgan Asset Management Inc,David P Kelly,153
2025-06-06,May-25,Japan Digital Design Inc,,155
2025-06-06,May-25,Japan Post Insurance Co Ltd,Yongxin Chen,150
2025-06-06,May-25,Jefferies LLC,Thomas Simons,95
2025-06-06,May-25,Kennesaw State University,Mikhail I Melnik,110
2025-06-06,May-25,Landesbank Baden-Wuerttemberg,Dirk Chlench,190
2025-06-06,May-25,Lloyds Bank PLC,Rhys Herbert,135
2025-06-06,May-25,Mizrahi Tefahot Bank Limited,Yonie Fanning,98
2025-06-06,May-25,Mizuho Securities USA LLC,,125
2025-06-06,May-25,Moody's Analytics Inc,,120
2025-06-06,May-25,Morgan Stanley Group Inc,,125
2025-06-06,May-25,National Bank of Canada Financial Inc,Marion/Paquet,115
2025-06-06,May-25,Nationwide Mutual Insurance Co,Kathleen Bostjancic,130
2025-06-06,May-25,Natwest Markets,Kevin Cummins,140
2025-06-06,May-25,Nomura Securities International Inc,,110
2025-06-06,May-25,Novus Capital,,160
2025-06-06,May-25,Oxford Economics USA Inc,,155
2025-06-06,May-25,PNC Finl Services Group INC,Augustine Faucher,134
2025-06-06,May-25,Pantheon Macroeconomics Ltd,Samuel Tombs,125
2025-06-06,May-25,Prestige Economics LLC,Jason M Schenker,145
2025-06-06,May-25,RBC Capital Markets LLC,Michael Reid,162
2025-06-06,May-25,RSM US LLp,Joe Brusuelas/Tuan Nguyen,125
2025-06-06,May-25,Regions Financial Corp,Richard F Moody,106
2025-06-06,May-25,SMBC Nikko Securities Inc,Yoshimasa Maruyama,110
2025-06-06,May-25,Santander US CM (ex-Amherst Pierpont),Stephen L Stanley,105
2025-06-06,May-25,Scotiabank,Derek Holt,180
2025-06-06,May-25,Societe Generale,Stephen Gallagher,170
2025-06-06,May-25,Southbay Research,Andrew Zatlin,126
2025-06-06,May-25,Standard Chartered PLC,,110
2025-06-06,May-25,TD Securities (USA) LLC,Oscar Munoz,110
2025-06-06,May-25,UBS Securities LLC,,155
2025-06-06,May-25,University of Maryland,Peter G Morici,120
2025-06-06,May-25,University of Michigan,Daniil Manaenkov,143
2025-06-06,May-25,Vinland Capital Management II Gestora de Recursos Ltda,,135
2025-06-06,May-25,Visa USA Inc,Michael Brown,155
2025-06-06,May-25,Wells Fargo Bank NA,Jay H Bryson,125
2025-06-06,May-25,Westpac Banking Corp,,150
2025-06-06,May-25,Wilmington Trust Company,Nash Peyton,145
2025-06-06,May-25,Wrightson ICAP LLC,Crandall/Jordan,150
2025-07-03,Jun-25,4CAST/Continuum Economics,David H Sloan,75
2025-07-03,Jun-25,ABN Amro Bank NV,Rogier Quaedvlieg,120
2025-07-03,Jun-25,Acciones y Valores SA/Colombia,,115
2025-07-03,Jun-25,Action Economics LLC,Michael R Englund,130
2025-07-03,Jun-25,Ameriprise Financial Inc,Russell T Price,100
2025-07-03,Jun-25,BNP Paribas SA,James Egelhof,125
2025-07-03,Jun-25,Banco BTG Pactual SA,,90
2025-07-03,Jun-25,Bank of America Corp,,95
2025-07-03,Jun-25,Bank of Montreal,D. Porter/S. Anderson,120
2025-07-03,Jun-25,Bantleon AG,Daniel Hartmann,125
2025-07-03,Jun-25,Barclays Capital Inc.,Marc Giannoni,100
2025-07-03,Jun-25,Barings LLC,Jacob Meyer,125
2025-07-03,Jun-25,Berliner Sparkasse,Uwe Duerkop,75
2025-07-03,Jun-25,Bloomberg Economics,,120
2025-07-03,Jun-25,Briefing.com,,127
2025-07-03,Jun-25,Canadian Imperial Bank of Commerce,Avery Shenfeld,125
2025-07-03,Jun-25,Capital Economics Ltd,,130
2025-07-03,Jun-25,Citigroup Inc,,85
2025-07-03,Jun-25,Comerica Bank,William Adams,105
2025-07-03,Jun-25,Credit Agricole CIB,Nicholas Van Ness,100
2025-07-03,Jun-25,Dai-Ichi Life Research Institute Inc,Seiji Katsurahata,128
2025-07-03,Jun-25,Daiwa Capital Mkts,Lawrence Werther,110
2025-07-03,Jun-25,Danske Bank A/S,,110
2025-07-03,Jun-25,Dekabank Deutsche Girozentrale,Besch/Luetje,130
2025-07-03,Jun-25,Desjardins Financial Group,Jean/Genereux,90
2025-07-03,Jun-25,Deutsche Bank Securities Inc,Brett Ryan,100
2025-07-03,Jun-25,Evercore ISI,Stan Shipley,75
2025-07-03,Jun-25,FHN Financial,Christopher Low,100
2025-07-03,Jun-25,First Trust Portfolios LP,Stein/Wesbury,93
2025-07-03,Jun-25,Goldman Sachs & Co LLC,,85
2025-07-03,Jun-25,HSBC Securities (USA) Inc,Ryan Wang,110
2025-07-03,Jun-25,Helaba Frankfurt,Patrick Franke,100
2025-07-03,Jun-25,Herrmann Forecasting LLC,John D Herrmann,94
2025-07-03,Jun-25,High Frequency Economics,Carl B Weinberg,124
2025-07-03,Jun-25,Hugh Johnson Economics LLC,Hugh A Johnson,125
2025-07-03,Jun-25,ING Financial Markets LLC,James Knightley,100
2025-07-03,Jun-25,Investec Bank PLC,Shaw/Henderson,90
2025-07-03,Jun-25,Itau Unibanco SA,,110
2025-07-03,Jun-25,JGP Gestao de Recursos Ltda/Brazil,,117
2025-07-03,Jun-25,JP Morgan Securities LLC,Michael E Feroli,125
2025-07-03,Jun-25,JPMorgan Asset Management Inc,David P Kelly,131
2025-07-03,Jun-25,Japan Digital Design Inc,,102
2025-07-03,Jun-25,Japan Post Insurance Co Ltd,Yongxin Chen,110
2025-07-03,Jun-25,Jefferies LLC,Thomas Simons,90
2025-07-03,Jun-25,Landesbank Baden-Wuerttemberg,Dirk Chlench,90
2025-07-03,Jun-25,Lloyds Bank PLC,Rhys Herbert,130
2025-07-03,Jun-25,Market Securities Monaco Sam,Christophe Barraud,122
2025-07-03,Jun-25,Mizuho Securities USA LLC,,100
2025-07-03,Jun-25,Moody's Analytics Inc,,110
2025-07-03,Jun-25,Morgan Stanley Group Inc,,140
2025-07-03,Jun-25,National Bank of Canada Financial Inc,Marion/Paquet,115
2025-07-03,Jun-25,Nationwide Mutual Insurance Co,Kathleen Bostjancic,105
2025-07-03,Jun-25,Natixis North America LLC,Christopher Hodge,83
2025-07-03,Jun-25,Nomura Securities International Inc,,90
2025-07-03,Jun-25,Novus Capital,,80
2025-07-03,Jun-25,Oxford Economics USA Inc,,115
2025-07-03,Jun-25,PNC Finl Services Group INC,Augustine Faucher,105
2025-07-03,Jun-25,Pantheon Macroeconomics Ltd,Samuel Tombs,100
2025-07-03,Jun-25,Prestige Economics LLC,Jason M Schenker,122
2025-07-03,Jun-25,RBC Capital Markets LLC,Michael Reid,106
2025-07-03,Jun-25,RSM US LLp,Joe Brusuelas/Tuan Nguyen,100
2025-07-03,Jun-25,Regions Financial Corp,Richard F Moody,98
2025-07-03,Jun-25,SMBC Nikko Securities Inc,Yoshimasa Maruyama,95
2025-07-03,Jun-25,Santander US CM (ex-Amherst Pierpont),Stephen L Stanley,70
2025-07-03,Jun-25,Scotiabank,Derek Holt,160
2025-07-03,Jun-25,Societe Generale,Stephen Gallagher,125
2025-07-03,Jun-25,Southbay Research,Andrew Zatlin,78
2025-07-03,Jun-25,Standard Chartered PLC,,95
2025-07-03,Jun-25,TD Securities (USA) LLC,Oscar Munoz,125
2025-07-03,Jun-25,UBS Securities LLC,,100
2025-07-03,Jun-25,University of Maryland,Peter G Morici,130
2025-07-03,Jun-25,University of Michigan,Daniil Manaenkov,111
2025-07-03,Jun-25,Vinland Capital Management II Gestora de Recursos Ltda,,90
2025-07-03,Jun-25,Visa USA Inc,Michael Brown,120
2025-07-03,Jun-25,Wells Fargo Bank NA,Jay H Bryson,100
2025-07-03,Jun-25,Westpac Banking Corp,,130
2025-07-03,Jun-25,Wilmington Trust Company,Nash Peyton,80
2025-07-03,Jun-25,Wolfe Research LLC,Stephanie Roth,130
2025-07-03,Jun-25,Wrightson ICAP LLC,Crandall/Jordan,110
2025-08-01,Jul-25,4CAST/Continuum Economics,David H Sloan,125
2025-08-01,Jul-25,ABN Amro Bank NV,Rogier Quaedvlieg,170
2025-08-01,Jul-25,Acciones y Valores SA/Colombia,,115
2025-08-01,Jul-25,Action Economics LLC,Michael R Englund,120
2025-08-01,Jul-25,Ameriprise Financial Inc,Russell T Price,120
2025-08-01,Jul-25,BNP Paribas SA,James Egelhof,130
2025-08-01,Jul-25,Bank of America Corp,,60
2025-08-01,Jul-25,Bank of Montreal,D. Porter/S. Anderson,114
2025-08-01,Jul-25,Bantleon AG,Daniel Hartmann,120
2025-08-01,Jul-25,Barclays Capital Inc.,Marc Giannoni,75
2025-08-01,Jul-25,Barings LLC,Jacob Meyer,100
2025-08-01,Jul-25,Berenberg,Atakan Bakiskan,140
2025-08-01,Jul-25,Berliner Sparkasse,Uwe Duerkop,75
2025-08-01,Jul-25,Bloomberg Economics,,160
2025-08-01,Jul-25,Briefing.com,,95
2025-08-01,Jul-25,Canadian Imperial Bank of Commerce,Avery Shenfeld,120
2025-08-01,Jul-25,Capital Economics Ltd,,130
2025-08-01,Jul-25,Citigroup Inc,,100
2025-08-01,Jul-25,Comerica Bank,William Adams,80
2025-08-01,Jul-25,Credit Agricole CIB,Nicholas Van Ness,105
2025-08-01,Jul-25,Dai-Ichi Life Research Institute Inc,Seiji Katsurahata,96
2025-08-01,Jul-25,Daiwa Capital Mkts,Lawrence Werther,110
2025-08-01,Jul-25,Dekabank Deutsche Girozentrale,Besch/Luetje,120
2025-08-01,Jul-25,Desjardins Financial Group,Jean/Genereux,75
2025-08-01,Jul-25,Deutsche Bank Securities Inc,Brett Ryan,75
2025-08-01,Jul-25,Evercore ISI,Stan Shipley,115
2025-08-01,Jul-25,FHN Financial,Christopher Low,90
2025-08-01,Jul-25,First Trust Portfolios LP,Stein/Wesbury,132
2025-08-01,Jul-25,Goldman Sachs & Co LLC,,100
2025-08-01,Jul-25,HSBC Securities (USA) Inc,Ryan Wang,130
2025-08-01,Jul-25,Helaba Frankfurt,Patrick Franke,75
2025-08-01,Jul-25,Herrmann Forecasting LLC,John D Herrmann,149
2025-08-01,Jul-25,High Frequency Economics,Carl B Weinberg,134
2025-08-01,Jul-25,ING Financial Markets LLC,James Knightley,115
2025-08-01,Jul-25,Investec Bank PLC,Shaw/Henderson,108
2025-08-01,Jul-25,Itau Unibanco SA,,75
2025-08-01,Jul-25,JP Morgan Securities LLC,Michael E Feroli,100
2025-08-01,Jul-25,JPMorgan Asset Management Inc,David P Kelly,138
2025-08-01,Jul-25,Japan Digital Design Inc,,133
2025-08-01,Jul-25,Japan Post Insurance Co Ltd,Takayuki Toji,105
2025-08-01,Jul-25,Jefferies LLC,Thomas Simons,125
2025-08-01,Jul-25,Landesbank Baden-Wuerttemberg,Dirk Chlench,140
2025-08-01,Jul-25,Lloyds Bank PLC,Rhys Herbert,130
2025-08-01,Jul-25,Market Securities Monaco Sam,Christophe Barraud,119
2025-08-01,Jul-25,Mizuho Securities USA LLC,,140
2025-08-01,Jul-25,Moody's Analytics Inc,,100
2025-08-01,Jul-25,Morgan Stanley Group Inc,,100
2025-08-01,Jul-25,National Bank of Canada Financial Inc,Marion/Paquet,130
2025-08-01,Jul-25,Nationwide Mutual Insurance Co,Kathleen Bostjancic,100
2025-08-01,Jul-25,Natixis North America LLC,Christopher Hodge,92
2025-08-01,Jul-25,Natwest Markets,Kevin Cummins,100
2025-08-01,Jul-25,Nomura Securities International Inc,,120
2025-08-01,Jul-25,Novus Capital,,100
2025-08-01,Jul-25,Oxford Economics USA Inc,,95
2025-08-01,Jul-25,PNC Finl Services Group INC,Augustine Faucher,95
2025-08-01,Jul-25,PPR Capital Management LLC,Spencer Staples,95
2025-08-01,Jul-25,Pantheon Macroeconomics Ltd,Samuel Tombs,75
2025-08-01,Jul-25,Prestige Economics LLC,Jason M Schenker,120
2025-08-01,Jul-25,RBC Capital Markets LLC,Michael Reid,101
2025-08-01,Jul-25,RSM US LLp,Joe Brusuelas/Tuan Nguyen,150
2025-08-01,Jul-25,Regions Financial Corp,Richard F Moody,82
2025-08-01,Jul-25,SMBC Nikko Securities Inc,Yoshimasa Maruyama,90
2025-08-01,Jul-25,Santander US CM (ex-Amherst Pierpont),Stephen L Stanley,0
2025-08-01,Jul-25,Scotiabank,Derek Holt,150
2025-08-01,Jul-25,Southbay Research,Andrew Zatlin,82
2025-08-01,Jul-25,Standard Chartered PLC,,75
2025-08-01,Jul-25,TD Securities (USA) LLC,Oscar Munoz,90
2025-08-01,Jul-25,UBS Securities LLC,,95
2025-08-01,Jul-25,University of Maryland,Peter G Morici,102
2025-08-01,Jul-25,University of Michigan,Daniil Manaenkov,145
2025-08-01,Jul-25,Vinland Capital Management II Gestora de Recursos Ltda,,99
2025-08-01,Jul-25,Visa USA Inc,Michael Brown,115
2025-08-01,Jul-25,Wells Fargo Bank NA,Jay H Bryson,110
2025-08-01,Jul-25,Westpac Banking Corp,,120
2025-08-01,Jul-25,Wilmington Trust Company,Nash Peyton,75
2025-08-01,Jul-25,Wolfe Research LLC,Stephanie Roth,80
2025-08-01,Jul-25,Wrightson ICAP LLC,Crandall/Jordan,100
2025-09-05,Aug-25,4CAST/Continuum Economics,David H Sloan,65
2025-09-05,Aug-25,ABN Amro Bank NV,Rogier Quaedvlieg,100
2025-09-05,Aug-25,Acciones y Valores SA/Colombia,,74
2025-09-05,Aug-25,Action Economics LLC,Michael R Englund,80
2025-09-05,Aug-25,Ameriprise Financial Inc,Russell T Price,65
2025-09-05,Aug-25,BNP Paribas SA,James Egelhof,90
2025-09-05,Aug-25,Banco BTG Pactual SA,,65
2025-09-05,Aug-25,Bank of America Corp,,90
2025-09-05,Aug-25,Bank of Montreal,D. Porter/S. Anderson,75
2025-09-05,Aug-25,Bantleon AG,Daniel Hartmann,80
2025-09-05,Aug-25,Barclays Capital Inc.,Marc Giannoni,75
2025-09-05,Aug-25,Barings LLC,Jacob Meyer,83
2025-09-05,Aug-25,Berenberg,Atakan Bakiskan,100
2025-09-05,Aug-25,Berliner Sparkasse,Uwe Duerkop,75
2025-09-05,Aug-25,Bloomberg Economics,,93
2025-09-05,Aug-25,Briefing.com,,63
2025-09-05,Aug-25,Canadian Imperial Bank of Commerce,Avery Shenfeld,65
2025-09-05,Aug-25,Capital Economics Ltd,,90
2025-09-05,Aug-25,Citigroup Inc,,45
2025-09-05,Aug-25,Comerica Bank,William Adams,45
2025-09-05,Aug-25,Credit Agricole CIB,Nicholas Van Ness,80
2025-09-05,Aug-25,Dai-Ichi Life Research Institute Inc,Seiji Katsurahata,86
2025-09-05,Aug-25,Daiwa Capital Mkts,Lawrence Werther,70
2025-09-05,Aug-25,Danske Bank A/S,,80
2025-09-05,Aug-25,Dekabank Deutsche Girozentrale,Besch/Luetje,60
2025-09-05,Aug-25,Desjardins Financial Group,Jean/Genereux,75
2025-09-05,Aug-25,Deutsche Bank Securities Inc,Brett Ryan,100
2025-09-05,Aug-25,Evercore ISI,Stan Shipley,115
2025-09-05,Aug-25,First Trust Portfolios LP,Stein/Wesbury,80
2025-09-05,Aug-25,Goldman Sachs & Co LLC,,60
2025-09-05,Aug-25,HSBC Securities (USA) Inc,Ryan Wang,70
2025-09-05,Aug-25,Helaba Frankfurt,Patrick Franke,75
2025-09-05,Aug-25,Herrmann Forecasting LLC,John D Herrmann,64
2025-09-05,Aug-25,High Frequency Economics,Carl B Weinberg,77
2025-09-05,Aug-25,Hugh Johnson Economics LLC,Hugh A Johnson,80
2025-09-05,Aug-25,Investec Bank PLC,Shaw/Henderson,60
2025-09-05,Aug-25,Itau Unibanco SA,,70
2025-09-05,Aug-25,JGP Gestao de Recursos Ltda/Brazil,,55
2025-09-05,Aug-25,JP Morgan Securities LLC,Michael E Feroli,75
2025-09-05,Aug-25,JPMorgan Asset Management Inc,David P Kelly,96
2025-09-05,Aug-25,Japan Digital Design Inc,,96
2025-09-05,Aug-25,Japan Post Insurance Co Ltd,Takayuki Toji,70
2025-09-05,Aug-25,Jefferies LLC,Thomas Simons,65
2025-09-05,Aug-25,Kennesaw State University,Mikhail I Melnik,90
2025-09-05,Aug-25,Landesbank Baden-Wuerttemberg,Dirk Chlench,60
2025-09-05,Aug-25,Lloyds Bank PLC,Rhys Herbert,105
2025-09-05,Aug-25,Market Securities Monaco Sam,Christophe Barraud,86
2025-09-05,Aug-25,Mizrahi Tefahot Bank Limited,Yonie Fanning,72
2025-09-05,Aug-25,Mizuho Securities USA LLC,,90
2025-09-05,Aug-25,Moody's Analytics Inc,,60
2025-09-05,Aug-25,Morgan Stanley Group Inc,,70
2025-09-05,Aug-25,National Bank of Canada Financial Inc,Marion/Paquet,100
2025-09-05,Aug-25,Nationwide Mutual Insurance Co,Kathleen Bostjancic,59
2025-09-05,Aug-25,Natixis North America LLC,Christopher Hodge,54
2025-09-05,Aug-25,Natwest Markets,Kevin Cummins,65
2025-09-05,Aug-25,Nomura Securities International Inc,,85
2025-09-05,Aug-25,Novus Capital,,90
2025-09-05,Aug-25,Oxford Economics USA Inc,,75
2025-09-05,Aug-25,PNC Finl Services Group INC,Augustine Faucher,85
2025-09-05,Aug-25,PPR Capital Management LLC,Spencer Staples,95
2025-09-05,Aug-25,Pantheon Macroeconomics Ltd,Samuel Tombs,75
2025-09-05,Aug-25,Prestige Economics LLC,Jason M Schenker,62
2025-09-05,Aug-25,RBC Capital Markets LLC,Michael Reid,64
2025-09-05,Aug-25,RSM US LLp,Joe Brusuelas/Tuan Nguyen,45
2025-09-05,Aug-25,Regions Financial Corp,Richard F Moody,144
2025-09-05,Aug-25,SMBC Nikko Securities Inc,Yoshimasa Maruyama,70
2025-09-05,Aug-25,Santander US CM (ex-Amherst Pierpont),Stephen L Stanley,95
2025-09-05,Aug-25,Scotiabank,Derek Holt,0
2025-09-05,Aug-25,Societe Generale,Stephen Gallagher,68
2025-09-05,Aug-25,Southbay Research,Andrew Zatlin,112
2025-09-05,Aug-25,TD Securities (USA) LLC,Oscar Munoz,25
2025-09-05,Aug-25,UBS Securities LLC,,70
2025-09-05,Aug-25,University of Michigan,Daniil Manaenkov,95
2025-09-05,Aug-25,Vinland Capital Management II Gestora de Recursos Ltda,,67
2025-09-05,Aug-25,Visa USA Inc,Michael Brown,85
2025-09-05,Aug-25,Wells Fargo Bank NA,Jay H Bryson,90
2025-09-05,Aug-25,Westpac Banking Corp,,90
2025-09-05,Aug-25,Wilmington Trust Company,Nash Peyton,50
2025-09-05,Aug-25,Wolfe Research LLC,Stephanie Roth,70
2025-09-05,Aug-25,Wrightson ICAP LLC,Crandall/Jordan,75
2025-11-20,Sep-25,4CAST/Continuum Economics,David H Sloan,45
2025-11-20,Sep-25,Action Economics LLC,Michael R Englund,40
2025-11-20,Sep-25,Ameriprise Financial Inc,Russell T Price,42
2025-11-20,Sep-25,BNP Paribas SA,James Egelhof,60
2025-11-20,Sep-25,Banco BTG Pactual SA,,60
2025-11-20,Sep-25,Bank of Montreal,D. Porter/S. Anderson,30
2025-11-20,Sep-25,Bantleon AG,Daniel Hartmann,48
2025-11-20,Sep-25,Barclays Capital Inc.,Marc Giannoni,50
2025-11-20,Sep-25,Barings LLC,Jacob Meyer,70
2025-11-20,Sep-25,Berenberg,Atakan Bakiskan,70
2025-11-20,Sep-25,Berliner Sparkasse,Uwe Duerkop,50
2025-11-20,Sep-25,Bloomberg Economics,,100
2025-11-20,Sep-25,Briefing.com,,57
2025-11-20,Sep-25,Canadian Imperial Bank of Commerce,Avery Shenfeld,40
2025-11-20,Sep-25,Capital Economics Ltd,,50
2025-11-20,Sep-25,Citigroup Inc,,105
2025-11-20,Sep-25,Credit Agricole CIB,Nicholas Van Ness,55
2025-11-20,Sep-25,Dai-Ichi Life Research Institute Inc,Seiji Katsurahata,52
2025-11-20,Sep-25,Dekabank Deutsche Girozentrale,Besch/Luetje,30
2025-11-20,Sep-25,Deutsche Bank Securities Inc,Brett Ryan,75
2025-11-20,Sep-25,Evercore ISI,Stan Shipley,75
2025-11-20,Sep-25,First Trust Portfolios LP,Stein/Wesbury,80
2025-11-20,Sep-25,Goldman Sachs & Co LLC,,80
2025-11-20,Sep-25,HSBC Securities (USA) Inc,Ryan Wang,60
2025-11-20,Sep-25,Herrmann Forecasting LLC,John D Herrmann,71
2025-11-20,Sep-25,High Frequency Economics,Carl B Weinberg,53
2025-11-20,Sep-25,Hugh Johnson Economics LLC,Hugh A Johnson,40
2025-11-20,Sep-25,Investec Bank PLC,Shaw/Henderson,35
2025-11-20,Sep-25,JGP Gestao de Recursos Ltda/Brazil,,57
2025-11-20,Sep-25,JP Morgan Securities LLC,Michael E Feroli,50
2025-11-20,Sep-25,JPMorgan Asset Management Inc,David P Kelly,59
2025-11-20,Sep-25,Japan Post Insurance Co Ltd,Takayuki Toji,50
2025-11-20,Sep-25,Jefferies LLC,Thomas Simons,65
2025-11-20,Sep-25,Lior Global Partners Sam,Christophe Barraud,62
2025-11-20,Sep-25,Lloyds Bank Corporate Markets PLC,Rhys Herbert,60
2025-11-20,Sep-25,Mitsubishi UFJ Ast Mgt Co Ltd,Yongxin Chen,100
2025-11-20,Sep-25,Mizuho Securities USA LLC,,40
2025-11-20,Sep-25,Moody's Analytics Inc,,30
2025-11-20,Sep-25,Morgan Stanley Group Inc,,50
2025-11-20,Sep-25,National Bank of Canada Financial Inc,Marion/Paquet,45
2025-11-20,Sep-25,Nationwide Mutual Insurance Co,Kathleen Bostjancic,45
2025-11-20,Sep-25,Natixis North America LLC,Christopher Hodge,48
2025-11-20,Sep-25,Natwest Markets,Kevin Cummins,35
2025-11-20,Sep-25,Nomura Securities International Inc,,65
2025-11-20,Sep-25,Novus Capital,,40
2025-11-20,Sep-25,Oxford Economics USA Inc,,85
2025-11-20,Sep-25,PPR Capital Management LLC,Spencer Staples,54
2025-11-20,Sep-25,Pantheon Macroeconomics Ltd,Samuel Tombs,50
2025-11-20,Sep-25,Prestige Economics LLC,Jason M Schenker,41
2025-11-20,Sep-25,RBC Capital Markets LLC,Michael Reid,51
2025-11-20,Sep-25,RSM US LLp,Joe Brusuelas/Tuan Nguyen,50
2025-11-20,Sep-25,Regions Financial Corp,Richard F Moody,102
2025-11-20,Sep-25,SMBC Nikko Securities Inc,Yoshimasa Maruyama,35
2025-11-20,Sep-25,Santander US CM (ex-Amherst Pierpont),Stephen L Stanley,75
2025-11-20,Sep-25,Scotiabank,Derek Holt,-20
2025-11-20,Sep-25,Southbay Research,Andrew Zatlin,109
2025-11-20,Sep-25,TD Securities (USA) LLC,Oscar Munoz,100
2025-11-20,Sep-25,UBS Securities LLC,,95
2025-11-20,Sep-25,University of Michigan,Daniil Manaenkov,55
2025-11-20,Sep-25,Vinland Capital Management II Gestora de Recursos Ltda,,67
2025-11-20,Sep-25,Visa USA Inc,Michael Brown,50
2025-11-20,Sep-25,Wells Fargo Bank NA,,45
2025-11-20,Sep-25,Wilmington Trust Company,Nash Peyton,25
2025-11-20,Sep-25,Wolfe Research LLC,Stephanie Roth,60
2025-11-20,Sep-25,Wrightson ICAP LLC,Crandall/Jordan,25
2025-12-16,Oct-25,4CAST/Continuum Economics,David H Sloan,-10
2025-12-16,Nov-25,4CAST/Continuum Economics,David H Sloan,40
2025-12-16,Oct-25,ABN Amro Bank NV,Rogier Quaedvlieg,0
2025-12-16,Nov-25,ABN Amro Bank NV,Rogier Quaedvlieg,110
2025-12-16,Nov-25,Acciones y Valores SA/Colombia,,60
2025-12-16,Oct-25,Action Economics LLC,Michael R Englund,-10
2025-12-16,Nov-25,Action Economics LLC,Michael R Englund,30
2025-12-16,Nov-25,Ameriprise Financial Inc,Russell T Price,50
2025-12-16,Oct-25,BNP Paribas SA,James Egelhof,-100
2025-12-16,Nov-25,BNP Paribas SA,James Egelhof,20
2025-12-16,Nov-25,Banco BTG Pactual SA,,80
2025-12-16,Oct-25,Bank of America Corp,,-65
2025-12-16,Nov-25,Bank of America Corp,,50
2025-12-16,Oct-25,Bank of Montreal,D. Porter/S. Anderson,-40
2025-12-16,Nov-25,Bank of Montreal,D. Porter/S. Anderson,30
2025-12-16,Nov-25,Bantleon AG,Daniel Hartmann,55
2025-12-16,Nov-25,Barclays Capital Inc.,Marc Giannoni,50
2025-12-16,Oct-25,Barings LLC,Jacob Meyer,0
2025-12-16,Nov-25,Barings LLC,Jacob Meyer,50
2025-12-16,Nov-25,Berenberg,Atakan Bakiskan,30
2025-12-16,Oct-25,Berliner Sparkasse,Uwe Duerkop,60
2025-12-16,Nov-25,Berliner Sparkasse,Uwe Duerkop,100
2025-12-16,Nov-25,Bloomberg Economics,,130
2025-12-16,Nov-25,Briefing.com,,10
2025-12-16,Nov-25,Canadian Imperial Bank of Commerce,Avery Shenfeld,60
2025-12-16,Nov-25,Capital Economics Ltd,,50
2025-12-16,Oct-25,Citigroup Inc,,-45
2025-12-16,Nov-25,Citigroup Inc,,80
2025-12-16,Oct-25,Comerica Bank,William Adams,-75
2025-12-16,Nov-25,Comerica Bank,William Adams,25
2025-12-16,Oct-25,Credit Agricole CIB,Nicholas Van Ness,-80
2025-12-16,Nov-25,Credit Agricole CIB,Nicholas Van Ness,65
2025-12-16,Nov-25,Dai-Ichi Life Research Institute Inc,Seiji Katsurahata,76
2025-12-16,Oct-25,Danske Bank A/S,,20
2025-12-16,Nov-25,Danske Bank A/S,,50
2025-12-16,Oct-25,Dekabank Deutsche Girozentrale,Besch/Luetje,60
2025-12-16,Nov-25,Dekabank Deutsche Girozentrale,Besch/Luetje,30
2025-12-16,Oct-25,Desjardins Financial Group,Jean/Genereux,-40
2025-12-16,Nov-25,Desjardins Financial Group,Jean/Genereux,50
2025-12-16,Oct-25,Deutsche Bank Securities Inc,Brett Ryan,-60
2025-12-16,Nov-25,Deutsche Bank Securities Inc,Brett Ryan,50
2025-12-16,Oct-25,Evercore ISI,Stan Shipley,-50
2025-12-16,Nov-25,Evercore ISI,Stan Shipley,10
2025-12-16,Nov-25,First Trust Portfolios LP,Stein/Wesbury,87
2025-12-16,Oct-25,Goldman Sachs & Co LLC,,10
2025-12-16,Nov-25,Goldman Sachs & Co LLC,,55
2025-12-16,Nov-25,HSBC Securities (USA) Inc,Ryan Wang,50
2025-12-16,Nov-25,Helaba Frankfurt,Patrick Franke,50
2025-12-16,Oct-25,Herrmann Forecasting LLC,John D Herrmann,-91
2025-12-16,Nov-25,Herrmann Forecasting LLC,John D Herrmann,63
2025-12-16,Nov-25,High Frequency Economics,Carl B Weinberg,43
2025-12-16,Oct-25,Hugh Johnson Economics LLC,Hugh A Johnson,60
2025-12-16,Nov-25,Hugh Johnson Economics LLC,Hugh A Johnson,20
2025-12-16,Nov-25,ING Financial Markets LLC,James Knightley,40
2025-12-16,Oct-25,Investec Bank PLC,Shaw/Henderson,-65
2025-12-16,Nov-25,Investec Bank PLC,Shaw/Henderson,25
2025-12-16,Oct-25,Itau Unibanco SA,,-90
2025-12-16,Nov-25,Itau Unibanco SA,,120
2025-12-16,Oct-25,JGP Gestao de Recursos Ltda/Brazil,,-60
2025-12-16,Nov-25,JGP Gestao de Recursos Ltda/Brazil,,55
2025-12-16,Oct-25,JP Morgan Securities LLC,Michael E Feroli,-25
2025-12-16,Nov-25,JP Morgan Securities LLC,Michael E Feroli,50
2025-12-16,Oct-25,JPMorgan Asset Management Inc,David P Kelly,-29
2025-12-16,Nov-25,JPMorgan Asset Management Inc,David P Kelly,39
2025-12-16,Nov-25,Japan Post Insurance Co Ltd,Takayuki Toji,80
2025-12-16,Oct-25,Jefferies LLC,Thomas Simons,85
2025-12-16,Nov-25,Jefferies LLC,Thomas Simons,115
2025-12-16,Nov-25,Kennesaw State University,Mikhail I Melnik,40
2025-12-16,Nov-25,Landesbank Baden-Wuerttemberg,Dirk Chlench,-20
2025-12-16,Nov-25,Lior Global Partners Sam,Christophe Barraud,66
2025-12-16,Nov-25,Lloyds Bank Corporate Markets PLC,Rhys Herbert,85
2025-12-16,Oct-25,Mitsubishi UFJ Ast Mgt Co Ltd,Yongxin Chen,79
2025-12-16,Nov-25,Mitsubishi UFJ Ast Mgt Co Ltd,Yongxin Chen,17
2025-12-16,Nov-25,Mizuho Securities USA LLC,,75
2025-12-16,Oct-25,Moody's Analytics Inc,,-25
2025-12-16,Nov-25,Moody's Analytics Inc,,-15
2025-12-16,Oct-25,Morgan Stanley Group Inc,Michael Gapen,-30
2025-12-16,Nov-25,Morgan Stanley Group Inc,,50
2025-12-16,Nov-25,National Bank of Canada Financial Inc,Marion/Paquet,40
2025-12-16,Oct-25,Nationwide Mutual Insurance Co,Kathleen Bostjancic,-25
2025-12-16,Nov-25,Nationwide Mutual Insurance Co,Kathleen Bostjancic,25
2025-12-16,Oct-25,Natixis North America LLC,Christopher Hodge,18
2025-12-16,Nov-25,Natixis North America LLC,Christopher Hodge,43
2025-12-16,Oct-25,Natwest Markets,Kevin Cummins,-25
2025-12-16,Nov-25,Natwest Markets,Kevin Cummins,100
2025-12-16,Oct-25,Nomura Securities International Inc,,20
2025-12-16,Nov-25,Nomura Securities International Inc,,40
2025-12-16,Oct-25,Novus Capital,,-40
2025-12-16,Nov-25,Novus Capital,,40
2025-12-16,Oct-25,Oxford Economics USA Inc,,35
2025-12-16,Nov-25,Oxford Economics USA Inc,,45
2025-12-16,Oct-25,PNC Finl Services Group INC,Augustine Faucher,-85
2025-12-16,Nov-25,PNC Finl Services Group INC,Augustine Faucher,15
2025-12-16,Oct-25,Pantheon Macroeconomics Ltd,Samuel Tombs,25
2025-12-16,Nov-25,Pantheon Macroeconomics Ltd,Samuel Tombs,50
2025-12-16,Oct-25,Prestige Economics LLC,Jason M Schenker,45
2025-12-16,Nov-25,Prestige Economics LLC,Jason M Schenker,20
2025-12-16,Oct-25,RBC Capital Markets LLC,Michael Reid,93
2025-12-16,Nov-25,RBC Capital Markets LLC,Michael Reid,89
2025-12-16,Oct-25,RSM US LLp,Joe Brusuelas/Tuan Nguyen,80
2025-12-16,Nov-25,RSM US LLp,Joe Brusuelas/Tuan Nguyen,40
2025-12-16,Nov-25,Regions Financial Corp,Richard F Moody,113
2025-12-16,Nov-25,SMBC Nikko Securities Inc,Yoshimasa Maruyama,25
2025-12-16,Oct-25,Santander US CM (ex-Amherst Pierpont),Stephen L Stanley,10
2025-12-16,Nov-25,Santander US CM (ex-Amherst Pierpont),Stephen L Stanley,65
2025-12-16,Oct-25,Scotiabank,Derek Holt,-90
2025-12-16,Nov-25,Scotiabank,Derek Holt,50
2025-12-16,Nov-25,Societe Generale London Branch,Klaus Baader,40
2025-12-16,Oct-25,Southbay Research,Andrew Zatlin,-50
2025-12-16,Nov-25,Southbay Research,Andrew Zatlin,127
2025-12-16,Oct-25,Standard Chartered PLC,,-10
2025-12-16,Nov-25,Standard Chartered PLC,,30
2025-12-16,Oct-25,TD Securities (USA) LLC,Oscar Munoz,-60
2025-12-16,Nov-25,TD Securities (USA) LLC,Oscar Munoz,70
2025-12-16,Oct-25,UBS Securities LLC,,-20
2025-12-16,Nov-25,UBS Securities LLC,,45
2025-12-16,Nov-25,UniCredit Bank GmbH,Daniel Vernazza,60
2025-12-16,Oct-25,University of Maryland,Peter G Morici,-5
2025-12-16,Nov-25,University of Maryland,Peter G Morici,35
2025-12-16,Oct-25,University of Michigan,Daniil Manaenkov,5
2025-12-16,Nov-25,University of Michigan,Daniil Manaenkov,55
2025-12-16,Nov-25,Vinland Capital Management II Gestora de Recursos Ltda,,67
2025-12-16,Oct-25,Visa USA Inc,Michael Brown,50
2025-12-16,Nov-25,Visa USA Inc,Michael Brown,45
2025-12-16,Oct-25,Wells Fargo Bank NA,,-60
2025-12-16,Nov-25,Wells Fargo Bank NA,,45
2025-12-16,Nov-25,Wilmington Trust Company,Nash Peyton,30
2025-12-16,Oct-25,Wolfe Research LLC,Stephanie Roth,-55
2025-12-16,Nov-25,Wolfe Research LLC,Stephanie Roth,50
2025-12-16,Nov-25,Wrightson ICAP LLC,Crandall/Jordan,-10
2026-01-09,Dec-25,4CAST/Continuum Economics,David H Sloan,75
2026-01-09,Dec-25,Acciones y Valores SA/Colombia,,50
2026-01-09,Dec-25,Action Economics LLC,Michael R Englund,30
2026-01-09,Dec-25,Ameriprise Financial Inc,Russell T Price,65
2026-01-09,Dec-25,BNP Paribas SA,James Egelhof,75
2026-01-09,Dec-25,Banco BTG Pactual SA,,75
2026-01-09,Dec-25,Bank of Montreal,D. Porter/S. Anderson,58
2026-01-09,Dec-25,Bantleon AG,Daniel Hartmann,75
2026-01-09,Dec-25,Barclays Capital Inc.,Marc Giannoni,50
2026-01-09,Dec-25,Bloomberg Economics,,100
2026-01-09,Dec-25,Briefing.com,,75
2026-01-09,Dec-25,Canadian Imperial Bank of Commerce,Avery Shenfeld,45
2026-01-09,Dec-25,Capital Economics Ltd,,60
2026-01-09,Dec-25,Citigroup Inc,,75
2026-01-09,Dec-25,Credit Agricole CIB,Nicholas Van Ness,70
2026-01-09,Dec-25,Dai-Ichi Life Research Institute Inc,Seiji Katsurahata,78
2026-01-09,Dec-25,Danske Bank A/S,,80
2026-01-09,Dec-25,Dekabank Deutsche Girozentrale,Besch/Luetje,60
2026-01-09,Dec-25,Deutsche Bank Securities Inc,Brett Ryan,50
2026-01-09,Dec-25,Evercore ISI,Stan Shipley,25
2026-01-09,Dec-25,First Trust Portfolios LP,Stein/Wesbury,73
2026-01-09,Dec-25,Goldman Sachs & Co LLC,,70
2026-01-09,Dec-25,HSBC Securities (USA) Inc,Ryan Wang,65
2026-01-09,Dec-25,Helaba Frankfurt,Patrick Franke,100
2026-01-09,Dec-25,Herrmann Forecasting LLC,John D Herrmann,98
2026-01-09,Dec-25,High Frequency Economics,Carl B Weinberg,23
2026-01-09,Dec-25,Hugh Johnson Economics LLC,Hugh A Johnson,30
2026-01-09,Dec-25,ING Financial Markets LLC,James Knightley,40
2026-01-09,Dec-25,Investec Bank PLC,Shaw/Henderson,55
2026-01-09,Dec-25,Itau Unibanco SA,,85
2026-01-09,Dec-25,JGP Gestao de Recursos Ltda/Brazil,,57
2026-01-09,Dec-25,JP Morgan Securities LLC,Michael E Feroli,75
2026-01-09,Dec-25,JPMorgan Asset Management Inc,David P Kelly,67
2026-01-09,Dec-25,Japan Digital Design Inc,,96
2026-01-09,Dec-25,Japan Post Insurance Co Ltd,Takayuki Toji,85
2026-01-09,Dec-25,Jefferies LLC,Thomas Simons,155
2026-01-09,Dec-25,Landesbank Baden-Wuerttemberg,Dirk Chlench,50
2026-01-09,Dec-25,Lior Global Partners Sam,Christophe Barraud,74
2026-01-09,Dec-25,Lloyds Bank Corporate Markets PLC,Rhys Herbert,112
2026-01-09,Dec-25,Mitsubishi UFJ Ast Mgt Co Ltd,Yongxin Chen,92
2026-01-09,Dec-25,Mizrahi Tefahot Bank Limited,Yonie Fanning,42
2026-01-09,Dec-25,Mizuho Securities USA LLC,,100
2026-01-09,Dec-25,Moody's Analytics Inc,,50
2026-01-09,Dec-25,Morgan Stanley Group Inc,,75
2026-01-09,Dec-25,National Bank of Canada Financial Inc,Marion/Paquet,55
2026-01-09,Dec-25,Nationwide Mutual Insurance Co,Kathleen Bostjancic,55
2026-01-09,Dec-25,Natixis North America LLC,Christopher Hodge,85
2026-01-09,Dec-25,Nomura Securities International Inc,,75
2026-01-09,Dec-25,Novus Capital,,110
2026-01-09,Dec-25,Oxford Economics USA Inc,,125
2026-01-09,Dec-25,PNC Finl Services Group INC,Augustine Faucher,55
2026-01-09,Dec-25,PPR Capital Management LLC,Spencer Staples,85
2026-01-09,Dec-25,Pantheon Macroeconomics Ltd,Samuel Tombs,75
2026-01-09,Dec-25,Prestige Economics LLC,Jason M Schenker,50
2026-01-09,Dec-25,RBC Capital Markets LLC,Michael Reid,70
2026-01-09,Dec-25,RSM US LLp,Joe Brusuelas/Tuan Nguyen,100
2026-01-09,Dec-25,Regions Financial Corp,Richard F Moody,112
2026-01-09,Dec-25,Santander US CM (ex-Amherst Pierpont),Stephen L Stanley,100
2026-01-09,Dec-25,Scotiabank,Derek Holt,25
2026-01-09,Dec-25,Southbay Research,Andrew Zatlin,114
2026-01-09,Dec-25,Standard Chartered PLC,,50
2026-01-09,Dec-25,TD Securities (USA) LLC,Oscar Munoz,40
2026-01-09,Dec-25,UBS Securities LLC,,90
2026-01-09,Dec-25,University of Maryland,Peter G Morici,40
2026-01-09,Dec-25,Vinland Capital Management II Gestora de Recursos Ltda,,111
2026-01-09,Dec-25,Visa USA Inc,Michael Brown,45
2026-01-09,Dec-25,Wells Fargo Bank NA,,70
2026-01-09,Dec-25,Westpac Banking Corp,,50
2026-01-09,Dec-25,Wilmington Trust Company,Nash Peyton,30
2026-01-09,Dec-25,Wolfe Research LLC,Stephanie Roth,75
2026-01-09,Dec-25,Wrightson ICAP LLC,Crandall/Jordan,50
2026-02-11,Jan-26,4CAST/Continuum Economics,David H Sloan,85
2026-02-11,Jan-26,ABN Amro Bank NV,Rogier Quaedvlieg,50
2026-02-11,Jan-26,Acciones y Valores SA/Colombia,,68
2026-02-11,Jan-26,Ameriprise Financial Inc,Russell T Price,55
2026-02-11,Jan-26,BNP Paribas SA,James Egelhof,105
2026-02-11,Jan-26,Banco BTG Pactual SA,,80
2026-02-11,Jan-26,Bank of America Corp,,45
2026-02-11,Jan-26,Bank of Montreal,D. Porter/S. Anderson,55
2026-02-11,Jan-26,Bantleon AG,Daniel Hartmann,70
2026-02-11,Jan-26,Barclays Capital Inc.,Marc Giannoni,50
2026-02-11,Jan-26,Barings LLC,Jacob Meyer,100
2026-02-11,Jan-26,Berenberg,Atakan Bakiskan,70
2026-02-11,Jan-26,Berliner Sparkasse,Uwe Duerkop,50
2026-02-11,Jan-26,Bloomberg Economics,,0
2026-02-11,Jan-26,Briefing.com,,75
2026-02-11,Jan-26,Canadian Imperial Bank of Commerce,Avery Shenfeld,50
2026-02-11,Jan-26,Capital Economics Ltd,,30
2026-02-11,Jan-26,Citigroup Inc,,135
2026-02-11,Jan-26,Credit Agricole CIB,Nicholas Van Ness,90
2026-02-11,Jan-26,Dai-Ichi Life Research Institute Inc,Seiji Katsurahata,72
2026-02-11,Jan-26,Daiwa Capital Mkts,Lawrence Werther,35
2026-02-11,Jan-26,Danske Bank A/S,,60
2026-02-11,Jan-26,Dekabank Deutsche Girozentrale,Besch/Luetje,60
2026-02-11,Jan-26,Desjardins Financial Group,Jean/Genereux,85
2026-02-11,Jan-26,Deutsche Bank Securities Inc,Brett Ryan,75
2026-02-11,Jan-26,Evercore ISI,Stan Shipley,75
2026-02-11,Jan-26,FHN Financial,Christopher Low,40
2026-02-11,Jan-26,Fifth Third Bank National Assoc,William Adams,80
2026-02-11,Jan-26,First Trust Portfolios LP,Stein/Wesbury,95
2026-02-11,Jan-26,Goldman Sachs & Co LLC,,45
2026-02-11,Jan-26,HSBC Securities (USA) Inc,Ryan Wang,65
2026-02-11,Jan-26,Helaba Frankfurt,Patrick Franke,70
2026-02-11,Jan-26,Herrmann Forecasting LLC,John D Herrmann,44
2026-02-11,Jan-26,High Frequency Economics,Carl B Weinberg,3
2026-02-11,Jan-26,Hugh Johnson Economics LLC,Hugh A Johnson,108
2026-02-11,Jan-26,ING Financial Markets LLC,James Knightley,80
2026-02-11,Jan-26,Investec Bank PLC,Shaw/Henderson,78
2026-02-11,Jan-26,Itau Unibanco SA,,40
2026-02-11,Jan-26,JP Morgan Securities LLC,Michael E Feroli,75
2026-02-11,Jan-26,JPMorgan Asset Management Inc,David P Kelly,52
2026-02-11,Jan-26,Japan Digital Design Inc,,96
2026-02-11,Jan-26,Japan Post Insurance Co Ltd,Takayuki Toji,65
2026-02-11,Jan-26,Jefferies LLC,Thomas Simons,110
2026-02-11,Jan-26,Kennesaw State University,Mikhail I Melnik,45
2026-02-11,Jan-26,Landesbank Baden-Wuerttemberg,Dirk Chlench,60
2026-02-11,Jan-26,Lior Global Partners Sam,Christophe Barraud,64
2026-02-11,Jan-26,Lloyds Bank Corporate Markets PLC,Rhys Herbert,85
2026-02-11,Jan-26,Mitsubishi UFJ Ast Mgt Co Ltd,Yongxin Chen,89
2026-02-11,Jan-26,Mizrahi Tefahot Bank Limited,Yonie Fanning,49
2026-02-11,Jan-26,Mizuho Securities USA LLC,,90
2026-02-11,Jan-26,Moody's Analytics Inc,,40
2026-02-11,Jan-26,Morgan Stanley Group Inc,,55
2026-02-11,Jan-26,National Bank of Canada Financial Inc,Marion/Paquet,65
2026-02-11,Jan-26,Nationwide Mutual Insurance Co,Kathleen Bostjancic,55
2026-02-11,Jan-26,Natixis North America LLC,Christopher Hodge,55
2026-02-11,Jan-26,Natwest Markets,Kevin Cummins,75
2026-02-11,Jan-26,Nomura Securities International Inc,,85
2026-02-11,Jan-26,Oxford Economics USA Inc,,30
2026-02-11,Jan-26,PNC Finl Services Group INC,Augustine Faucher,75
2026-02-11,Jan-26,PPR Capital Management LLC,Spencer Staples,65
2026-02-11,Jan-26,Pantheon Macroeconomics Ltd,Samuel Tombs,100
2026-02-11,Jan-26,Prestige Economics LLC,Jason M Schenker,62
2026-02-11,Jan-26,RBC Capital Markets LLC,Michael Reid,63
2026-02-11,Jan-26,RSM US LLp,Joe Brusuelas/Tuan Nguyen,30
2026-02-11,Jan-26,Regions Financial Corp,Richard F Moody,91
2026-02-11,Jan-26,SMBC Nikko Securities Inc,Yoshimasa Maruyama,37
2026-02-11,Jan-26,Santander US CM (ex-Amherst Pierpont),Stephen L Stanley,130
2026-02-11,Jan-26,Scotiabank,Derek Holt,0
2026-02-11,Jan-26,Societe Generale,Jan Groen,80
2026-02-11,Jan-26,Southbay Research,Andrew Zatlin,68
2026-02-11,Jan-26,Standard Chartered PLC,,-10
2026-02-11,Jan-26,TD Securities (USA) LLC,Oscar Munoz,45
2026-02-11,Jan-26,UBS Securities LLC,,90
2026-02-11,Jan-26,University of Maryland,Peter G Morici,55
2026-02-11,Jan-26,Vinland Capital Management II Gestora de Recursos Ltda,,73
2026-02-11,Jan-26,Visa USA Inc,Michael Brown,45
2026-02-11,Jan-26,Wells Fargo Bank NA,,80
2026-02-11,Jan-26,Wilmington Trust Company,Nash Peyton,60
2026-02-11,Jan-26,Wolfe Research LLC,Stephanie Roth,85
2026-02-11,Jan-26,Wrightson ICAP LLC,Crandall/Jordan,70
2026-03-06,Feb-26,4CAST/Continuum Economics,David H Sloan,35
2026-03-06,Feb-26,ABN Amro Bank NV,Rogier Quaedvlieg,15
2026-03-06,Feb-26,Acciones y Valores SA/Colombia,,54
2026-03-06,Feb-26,Ameriprise Financial Inc,Russell T Price,60
2026-03-06,Feb-26,BNP Paribas SA,James Egelhof,65
2026-03-06,Feb-26,Banco BTG Pactual SA,,41
2026-03-06,Feb-26,Bank of America Corp,,65
2026-03-06,Feb-26,Bank of Montreal,D. Porter/S. Anderson,58
2026-03-06,Feb-26,Bantleon AG,Daniel Hartmann,70
2026-03-06,Feb-26,Barclays Capital Inc.,Marc Giannoni,25
2026-03-06,Feb-26,Berenberg,Atakan Bakiskan,90
2026-03-06,Feb-26,Berliner Sparkasse,Uwe Duerkop,25
2026-03-06,Feb-26,Bloomberg Economics,,13
2026-03-06,Feb-26,Briefing.com,,77
2026-03-06,Feb-26,Canadian Imperial Bank of Commerce,Avery Shenfeld,40
2026-03-06,Feb-26,Capital Economics Ltd,,80
2026-03-06,Feb-26,Citigroup Inc,,30
2026-03-06,Feb-26,Credit Agricole CIB,Nicholas Van Ness,70
2026-03-06,Feb-26,Dai-Ichi Life Research Institute Inc,Seiji Katsurahata,86
2026-03-06,Feb-26,Daiwa Capital Mkts,Lawrence Werther,50
2026-03-06,Feb-26,Danske Bank A/S,,70
2026-03-06,Feb-26,Dekabank Deutsche Girozentrale,Besch/Luetje,50
2026-03-06,Feb-26,Desjardins Financial Group,Jean/Genereux,75
2026-03-06,Feb-26,Deutsche Bank Securities Inc,Brett Ryan,30
2026-03-06,Feb-26,Fifth Third Bank National Assoc,William Adams,70
2026-03-06,Feb-26,First Trust Portfolios LP,Stein/Wesbury,33
2026-03-06,Feb-26,Goldman Sachs & Co LLC,,45
2026-03-06,Feb-26,HSBC Securities (USA) Inc,Ryan Wang,40
2026-03-06,Feb-26,Helaba Frankfurt,Patrick Franke,75
2026-03-06,Feb-26,Herrmann Forecasting LLC,John D Herrmann,27
2026-03-06,Feb-26,High Frequency Economics,Carl B Weinberg,-9
2026-03-06,Feb-26,Hugh Johnson Economics LLC,Hugh A Johnson,104
2026-03-06,Feb-26,ING Financial Markets LLC,James Knightley,70
2026-03-06,Feb-26,Investec Bank PLC,Shaw/Henderson,75
2026-03-06,Feb-26,Itau Unibanco SA,,50
2026-03-06,Feb-26,JGP Gestao de Recursos Ltda/Brazil,,30
2026-03-06,Feb-26,JP Morgan Securities LLC,Michael E Feroli,50
2026-03-06,Feb-26,JPMorgan Asset Management Inc,David P Kelly,54
2026-03-06,Feb-26,Japan Digital Design Inc,,81
2026-03-06,Feb-26,Japan Post Insurance Co Ltd,Takayuki Toji,43
2026-03-06,Feb-26,Jefferies LLC,Thomas Simons,75
2026-03-06,Feb-26,Landesbank Baden-Wuerttemberg,Dirk Chlench,40
2026-03-06,Feb-26,Lior Global Partners Sam,Christophe Barraud,46
2026-03-06,Feb-26,Lloyds Bank Corporate Markets PLC,Rhys Herbert,80
2026-03-06,Feb-26,Mitsubishi UFJ Ast Mgt Co Ltd,Yongxin Chen,31
2026-03-06,Feb-26,Mizuho Securities USA LLC,,100
2026-03-06,Feb-26,Morgan Stanley Group Inc,,25
2026-03-06,Feb-26,National Bank of Canada Financial Inc,Marion/Paquet,30
2026-03-06,Feb-26,Nationwide Mutual Insurance Co,Kathleen Bostjancic,40
2026-03-06,Feb-26,Natixis North America LLC,Christopher Hodge,43
2026-03-06,Feb-26,Nomura Securities International Inc,,85
2026-03-06,Feb-26,Novus Capital,,70
2026-03-06,Feb-26,Oxford Economics USA Inc,,35
2026-03-06,Feb-26,PNC Finl Services Group INC,Augustine Faucher,70
2026-03-06,Feb-26,PPR Capital Management LLC,Spencer Staples,28
2026-03-06,Feb-26,Pantheon Macroeconomics Ltd,Samuel Tombs,25
2026-03-06,Feb-26,Prestige Economics LLC,Jason M Schenker,78
2026-03-06,Feb-26,RBC Capital Markets LLC,Michael Reid,65
2026-03-06,Feb-26,RSM US LLp,Joe Brusuelas/Tuan Nguyen,70
2026-03-06,Feb-26,Regions Financial Corp,Richard F Moody,104
2026-03-06,Feb-26,SMBC Nikko Securities Inc,Yoshimasa Maruyama,55
2026-03-06,Feb-26,Santander US CM (ex-Amherst Pierpont),Stephen L Stanley,60
2026-03-06,Feb-26,Scotiabank,Derek Holt,10
2026-03-06,Feb-26,Societe Generale,Jan Groen,55
2026-03-06,Feb-26,Southbay Research,Andrew Zatlin,113
2026-03-06,Feb-26,Standard Chartered PLC,,70
2026-03-06,Feb-26,TD Securities (USA) LLC,Oscar Munoz,60
2026-03-06,Feb-26,UBS Securities LLC,,35
2026-03-06,Feb-26,University of Michigan,Daniil Manaenkov,62
2026-03-06,Feb-26,Vinland Capital Management II Gestora de Recursos Ltda,,79
2026-03-06,Feb-26,Visa USA Inc,Michael Brown,50
2026-03-06,Feb-26,Wells Fargo Bank NA,,45
2026-03-06,Feb-26,Wilmington Trust Company,Nash Peyton,80
2026-03-06,Feb-26,Wolfe Research LLC,Stephanie Roth,30
2026-03-06,Feb-26,Wrightson ICAP LLC,Crandall/Jordan,60
2026-04-03,Mar-26,4CAST/Continuum Economics,David H Sloan,50
2026-04-03,Mar-26,ABN Amro Bank NV,Rogier Quaedvlieg,75
2026-04-03,Mar-26,Acciones y Valores SA/Colombia,,54
2026-04-03,Mar-26,Ameriprise Financial Inc,Russell T Price,85
2026-04-03,Mar-26,BNP Paribas SA,James Egelhof,70
2026-04-03,Mar-26,Banco BTG Pactual SA,,75
2026-04-03,Mar-26,Bank of America Corp,,65
2026-04-03,Mar-26,Bank of Montreal,D. Porter/S. Anderson,37
2026-04-03,Mar-26,Bantleon AG,Daniel Hartmann,75
2026-04-03,Mar-26,Barclays Capital Inc.,Marc Giannoni,50
2026-04-03,Mar-26,Barings LLC,Jacob Meyer,110
2026-04-03,Mar-26,Berenberg,Atakan Bakiskan,60
2026-04-03,Mar-26,Berliner Sparkasse,Uwe Duerkop,100
2026-04-03,Mar-26,Bloomberg Economics,,150
2026-04-03,Mar-26,Canadian Imperial Bank of Commerce,Avery Shenfeld,60
2026-04-03,Mar-26,Capital Economics Ltd,,125
2026-04-03,Mar-26,Citigroup Inc,,65
2026-04-03,Mar-26,Credit Agricole CIB,Nicholas Van Ness,60
2026-04-03,Mar-26,Dai-Ichi Life Research Institute Inc,Seiji Katsurahata,98
2026-04-03,Mar-26,Daiwa Capital Mkts,Lawrence Werther,25
2026-04-03,Mar-26,Danske Bank A/S,,30
2026-04-03,Mar-26,Dekabank Deutsche Girozentrale,Besch/Luetje,30
2026-04-03,Mar-26,Desjardins Financial Group,Jean/Genereux,100
2026-04-03,Mar-26,Deutsche Bank Securities Inc,Brett Ryan,50
2026-04-03,Mar-26,Evercore ISI,Stan Shipley,70
2026-04-03,Mar-26,Fifth Third Bank National Assoc,William Adams,52
2026-04-03,Mar-26,First Trust Portfolios LP,Stein/Wesbury,76
2026-04-03,Mar-26,Freedom Finance Global PLC,Iurii Ichkitidze,65
2026-04-03,Mar-26,Goldman Sachs & Co LLC,,70
2026-04-03,Mar-26,HSBC Securities (USA) Inc,Ryan Wang,70
2026-04-03,Mar-26,Helaba Frankfurt,Patrick Franke,75
2026-04-03,Mar-26,Herrmann Forecasting LLC,John D Herrmann,87
2026-04-03,Mar-26,High Frequency Economics,Carl B Weinberg,-16
2026-04-03,Mar-26,Hugh Johnson Economics LLC,Hugh A Johnson,14
2026-04-03,Mar-26,Investec Bank PLC,Shaw/Henderson,31
2026-04-03,Mar-26,Itau Unibanco SA,,45
2026-04-03,Mar-26,JGP Gestao de Recursos Ltda/Brazil,,90
2026-04-03,Mar-26,JP Morgan Securities LLC,Michael E Feroli,75
2026-04-03,Mar-26,JPMorgan Asset Management Inc,David P Kelly,85
2026-04-03,Mar-26,Japan Digital Design Inc,,65
2026-04-03,Mar-26,Japan Post Insurance Co Ltd,Takayuki Toji,74
2026-04-03,Mar-26,Jefferies LLC,Thomas Simons,115
2026-04-03,Mar-26,Kennesaw State University,Mikhail I Melnik,40
2026-04-03,Mar-26,Landesbank Baden-Wuerttemberg,Dirk Chlench,75
2026-04-03,Mar-26,Lior Global Partners Sam,Christophe Barraud,77
2026-04-03,Mar-26,Lloyds Bank Corporate Markets PLC,Rhys Herbert,60
2026-04-03,Mar-26,Mitsubishi UFJ Ast Mgt Co Ltd,Yongxin Chen,51
2026-04-03,Mar-26,Mizuho Securities USA LLC,,80
2026-04-03,Mar-26,Moody's Analytics Inc,,50
2026-04-03,Mar-26,Morgan Stanley Group Inc,,60
2026-04-03,Mar-26,National Bank of Canada Financial Inc,Marion/Paquet,50
2026-04-03,Mar-26,Nationwide Mutual Insurance Co,Kathleen Bostjancic,55
2026-04-03,Mar-26,Natixis North America LLC,Christopher Hodge,45
2026-04-03,Mar-26,Natwest Markets,Kevin Cummins,80
2026-04-03,Mar-26,Nomura Securities International Inc,,55
2026-04-03,Mar-26,Novus Capital,,60
2026-04-03,Mar-26,Oxford Economics USA Inc,,75
2026-04-03,Mar-26,PNC Finl Services Group INC,Augustine Faucher,55
2026-04-03,Mar-26,PPR Capital Management LLC,Spencer Staples,70
2026-04-03,Mar-26,Pantheon Macroeconomics Ltd,Samuel Tombs,75
2026-04-03,Mar-26,Prestige Economics LLC,Jason M Schenker,35
2026-04-03,Mar-26,RBC Capital Markets LLC,Michael Reid,50
2026-04-03,Mar-26,RSM US LLp,Joe Brusuelas/Tuan Nguyen,60
2026-04-03,Mar-26,Regions Financial Corp,Richard F Moody,109
2026-04-03,Mar-26,SMBC Nikko Securities Inc,Yoshimasa Maruyama,54
2026-04-03,Mar-26,Santander US CM (ex-Amherst Pierpont),Stephen L Stanley,100
2026-04-03,Mar-26,Scotiabank,Derek Holt,80
2026-04-03,Mar-26,Societe Generale,Jan Groen,75
2026-04-03,Mar-26,Southbay Research,Andrew Zatlin,151
2026-04-03,Mar-26,Standard Chartered PLC,,60
2026-04-03,Mar-26,TD Securities (USA) LLC,Oscar Munoz,30
2026-04-03,Mar-26,UBS Securities LLC,,100
2026-04-03,Mar-26,University of Michigan,Daniil Manaenkov,76
2026-04-03,Mar-26,Vinland Capital Management II Gestora de Recursos Ltda,,37
2026-04-03,Mar-26,Visa USA Inc,Michael Brown,55
2026-04-03,Mar-26,Wells Fargo Bank NA,,40
2026-04-03,Mar-26,Wilmington Trust Company,Nash Peyton,80
2026-04-03,Mar-26,Wolfe Research LLC,Stephanie Roth,80
2026-04-03,Mar-26,Wrightson ICAP LLC,Crandall/Jordan,95
2026-05-08,Apr-26,4CAST/Continuum Economics,David H Sloan,90
2026-05-08,Apr-26,ABN Amro Bank NV,Rogier Quaedvlieg,55
2026-05-08,Apr-26,Acciones y Valores SA/Colombia,,56
2026-05-08,Apr-26,Ameriprise Financial Inc,Russell T Price,100
2026-05-08,Apr-26,BNP Paribas SA,James Egelhof,65
2026-05-08,Apr-26,Banco BTG Pactual SA,,70
2026-05-08,Apr-26,Bank of America Corp,,80
2026-05-08,Apr-26,Bank of Montreal,D. Porter/S. Anderson,70
2026-05-08,Apr-26,Bantleon AG,Daniel Hartmann,65
2026-05-08,Apr-26,Barclays Capital Inc.,Marc Giannoni,0
2026-05-08,Apr-26,Barings LLC,Jacob Meyer,-10
2026-05-08,Apr-26,Berliner Sparkasse,Uwe Duerkop,50
2026-05-08,Apr-26,Bloomberg Economics,,57
2026-05-08,Apr-26,Canadian Imperial Bank of Commerce,Avery Shenfeld,45
2026-05-08,Apr-26,Capital Economics Ltd,,55
2026-05-08,Apr-26,Citigroup Inc,,-15
2026-05-08,Apr-26,Dai-Ichi Life Research Institute Inc,Seiji Katsurahata,86
2026-05-08,Apr-26,Daiwa Capital Mkts,Lawrence Werther,55
2026-05-08,Apr-26,Dekabank Deutsche Girozentrale,Besch/Luetje,0
2026-05-08,Apr-26,Desjardins Financial Group,Jean/Genereux,95
2026-05-08,Apr-26,Deutsche Bank Securities Inc,Brett Ryan,50
2026-05-08,Apr-26,Fifth Third Bank National Assoc,William Adams,120
2026-05-08,Apr-26,First Trust Portfolios LP,Stein/Wesbury,60
2026-05-08,Apr-26,Freedom Finance Global PLC,Iurii Ichkitidze,40
2026-05-08,Apr-26,Goldman Sachs & Co LLC,,75
2026-05-08,Apr-26,HSBC Securities (USA) Inc,Ryan Wang,100
2026-05-08,Apr-26,Helaba Frankfurt,Patrick Franke,100
2026-05-08,Apr-26,Herrmann Forecasting LLC,John D Herrmann,103
2026-05-08,Apr-26,High Frequency Economics,Carl B Weinberg,46
2026-05-08,Apr-26,Hugh Johnson Economics LLC,Hugh A Johnson,132
2026-05-08,Apr-26,Investec Bank PLC,Shaw/Henderson,60
2026-05-08,Apr-26,Itau Unibanco SA,,50
2026-05-08,Apr-26,JGP Gestao de Recursos Ltda/Brazil,,50
2026-05-08,Apr-26,JP Morgan Securities LLC,Michael E Feroli,50
2026-05-08,Apr-26,JPMorgan Asset Management Inc,David P Kelly,64
2026-05-08,Apr-26,Japan Digital Design Inc,,97
2026-05-08,Apr-26,Japan Post Insurance Co Ltd,Takayuki Toji,89
2026-05-08,Apr-26,Kennesaw State University,Mikhail I Melnik,120
2026-05-08,Apr-26,Landesbank Baden-Wuerttemberg,Dirk Chlench,70
2026-05-08,Apr-26,Lior Global Partners Sam,Christophe Barraud,77
2026-05-08,Apr-26,Mitsubishi UFJ Ast Mgt Co Ltd,Yongxin Chen,53
2026-05-08,Apr-26,Mizuho Securities USA LLC,,110
2026-05-08,Apr-26,Moody's Analytics Inc,,25
2026-05-08,Apr-26,Morgan Stanley Group Inc,,70
2026-05-08,Apr-26,National Bank of Canada Financial Inc,Marion/Paquet,80
2026-05-08,Apr-26,Nationwide Mutual Insurance Co,Kathleen Bostjancic,50
2026-05-08,Apr-26,Natixis North America LLC,Christopher Hodge,50
2026-05-08,Apr-26,Natwest Markets,Kevin Cummins,80
2026-05-08,Apr-26,Nomura Securities International Inc,,70
2026-05-08,Apr-26,Novus Capital,,80
2026-05-08,Apr-26,Oxford Economics USA Inc,,70
2026-05-08,Apr-26,PNC Finl Services Group INC,Augustine Faucher,65
2026-05-08,Apr-26,PPR Capital Management LLC,Spencer Staples,60
2026-05-08,Apr-26,Pantheon Macroeconomics Ltd,Samuel Tombs,75
2026-05-08,Apr-26,Prestige Economics LLC,Jason M Schenker,65
2026-05-08,Apr-26,RBC Capital Markets LLC,Michael Reid,26
2026-05-08,Apr-26,RSM US LLp,Joe Brusuelas/Tuan Nguyen,60
2026-05-08,Apr-26,Regions Financial Corp,Richard F Moody,114
2026-05-08,Apr-26,SMBC Nikko Securities Inc,Yoshimasa Maruyama,55
2026-05-08,Apr-26,Santander US CM (ex-Amherst Pierpont),Stephen L Stanley,45
2026-05-08,Apr-26,Scotiabank,Derek Holt,10
2026-05-08,Apr-26,Societe Generale,Jan Groen,40
2026-05-08,Apr-26,Southbay Research,Andrew Zatlin,133
2026-05-08,Apr-26,Standard Chartered PLC,,80
2026-05-08,Apr-26,TD Securities (USA) LLC,Oscar Munoz,80
2026-05-08,Apr-26,UBS Securities LLC,,100
2026-05-08,Apr-26,University of Michigan,Daniil Manaenkov,100
2026-05-08,Apr-26,Vinland Capital Management II Gestora de Recursos Ltda,,63
2026-05-08,Apr-26,Visa USA Inc,Michael Brown,60
2026-05-08,Apr-26,Wells Fargo Bank NA,,70
2026-05-08,Apr-26,Wilmington Trust Company,Nash Peyton,80
2026-05-08,Apr-26,Wolfe Research LLC,Stephanie Roth,80
2026-05-08,Apr-26,Wrightson ICAP LLC,Crandall/Jordan,90
2026-06-05,May-26,4CAST/Continuum Economics,David H Sloan,85
2026-06-05,May-26,ABN Amro Bank NV,Rogier Quaedvlieg,75
2026-06-05,May-26,Acciones y Valores SA/Colombia,,90
2026-06-05,May-26,Ameriprise Financial Inc,Russell T Price,120
2026-06-05,May-26,BNP Paribas SA,James Egelhof,85
2026-06-05,May-26,Banco BTG Pactual SA,,80
2026-06-05,May-26,Bank of America Corp,,95
2026-06-05,May-26,Bank of Montreal,D. Porter/S. Anderson,110
2026-06-05,May-26,Bantleon AG,Daniel Hartmann,65
2026-06-05,May-26,Barclays Capital Inc.,Marc Giannoni,75
2026-06-05,May-26,Barings LLC,Jacob Meyer,70
2026-06-05,May-26,Berliner Sparkasse,Uwe Duerkop,100
2026-06-05,May-26,Bloomberg Economics,,95
2026-06-05,May-26,Briefing.com,,105
2026-06-05,May-26,Canadian Imperial Bank of Commerce,Avery Shenfeld,80
2026-06-05,May-26,Capital Economics Ltd,,65
2026-06-05,May-26,Citigroup Inc,,60
2026-06-05,May-26,Credit Agricole CIB,Nicholas Van Ness,80
2026-06-05,May-26,Dai-Ichi Life Research Institute Inc,Seiji Katsurahata,98
2026-06-05,May-26,Daiwa Capital Mkts,Lawrence Werther,75
2026-06-05,May-26,Danske Bank A/S,,110
2026-06-05,May-26,Dekabank Deutsche Girozentrale,Besch/Luetje,60
2026-06-05,May-26,Desjardins Financial Group,Jean/Genereux,95
2026-06-05,May-26,Deutsche Bank Securities Inc,Brett Ryan,50
2026-06-05,May-26,Fifth Third Bank National Assoc,William Adams,85
2026-06-05,May-26,First Trust Portfolios LP,Stein/Wesbury,59
2026-06-05,May-26,Freedom Finance Global PLC,Iurii Ichkitidze,45
2026-06-05,May-26,Goldman Sachs & Co LLC,,60
2026-06-05,May-26,HSBC Securities (USA) Inc,Ryan Wang,110
2026-06-05,May-26,Helaba Frankfurt,Patrick Franke,100
2026-06-05,May-26,Herrmann Forecasting LLC,John D Herrmann,115
2026-06-05,May-26,High Frequency Economics,Carl B Weinberg,57
2026-06-05,May-26,Hugh Johnson Economics LLC,Hugh A Johnson,81
2026-06-05,May-26,ING Financial Markets LLC,James Knightley,100
2026-06-05,May-26,Investec Bank PLC,Shaw/Henderson,103
2026-06-05,May-26,Itau Unibanco SA,,95
2026-06-05,May-26,JGP Gestao de Recursos Ltda/Brazil,,60
2026-06-05,May-26,JP Morgan Securities LLC,Michael E Feroli,75
2026-06-05,May-26,JPMorgan Asset Management Inc,David P Kelly,88
2026-06-05,May-26,Japan Digital Design Inc,,105
2026-06-05,May-26,Jefferies LLC,Thomas Simons,125
2026-06-05,May-26,Kennesaw State University,Mikhail I Melnik,105
2026-06-05,May-26,Landesbank Baden-Wuerttemberg,Dirk Chlench,90
2026-06-05,May-26,Lior Global Partners Sam,Christophe Barraud,77
2026-06-05,May-26,Mitsubishi UFJ Ast Mgt Co Ltd,Yongxin Chen,93
2026-06-05,May-26,Mizuho Securities USA LLC,,70
2026-06-05,May-26,Moody's Analytics Inc,,50
2026-06-05,May-26,Morgan Stanley Group Inc,,65
2026-06-05,May-26,National Bank of Canada Financial Inc,Marion/Paquet,50
2026-06-05,May-26,Nationwide Mutual Insurance Company,Kathleen Bostjancic,85
2026-06-05,May-26,Natixis North America LLC,Christopher Hodge,75
2026-06-05,May-26,Natwest Markets,Kevin Cummins,60
2026-06-05,May-26,Nomura Securities International Inc,,110
2026-06-05,May-26,Oxford Economics USA Inc,,75
2026-06-05,May-26,PNC Finl Services Group INC,Augustine Faucher,85
2026-06-05,May-26,PPR Capital Management LLC,Spencer Staples,89
2026-06-05,May-26,Pantheon Macroeconomics Ltd,Samuel Tombs,50
2026-06-05,May-26,Prestige Economics LLC,Jason M Schenker,74
2026-06-05,May-26,RBC Capital Markets LLC,Michael Reid,99
2026-06-05,May-26,RSM US LLp,Joe Brusuelas/Tuan Nguyen,95
2026-06-05,May-26,Regions Financial Corp,Richard F Moody,112
2026-06-05,May-26,SMBC Nikko Securities Inc,Yoshimasa Maruyama,82
2026-06-05,May-26,Santander US CM (ex-Amherst Pierpont),Stephen L Stanley,95
2026-06-05,May-26,Scotiabank,Derek Holt,125
2026-06-05,May-26,Societe Generale,Jan Groen,125
2026-06-05,May-26,Southbay Research,Andrew Zatlin,94
2026-06-05,May-26,Standard Chartered PLC,,105
2026-06-05,May-26,TD Securities (USA) LLC,Oscar Munoz,60
2026-06-05,May-26,UBS Securities LLC,,95
2026-06-05,May-26,University of Maryland,Peter G Morici,65
2026-06-05,May-26,University of Michigan,Daniil Manaenkov,100
2026-06-05,May-26,Vinland Capital Management II Gestora de Recursos Ltda,,96
2026-06-05,May-26,Visa USA Inc,Michael Brown,80
2026-06-05,May-26,Wells Fargo Bank NA,,105
2026-06-05,May-26,Wilmington Trust Company,Nash Peyton,110
2026-06-05,May-26,Wolfe Research LLC,Stephanie Roth,105
2026-06-05,May-26,Wrightson ICAP LLC,Crandall/Jordan,110
2026-07-02,Jun-26,4CAST/Continuum Economics,David H Sloan,115
2026-07-02,Jun-26,ABN Amro Bank NV,Rogier Quaedvlieg,160
2026-07-02,Jun-26,Acciones y Valores SA/Colombia,,115
2026-07-02,Jun-26,Ameriprise Financial Inc,Russell T Price,125
2026-07-02,Jun-26,BNP Paribas SA,James Egelhof,130
2026-07-02,Jun-26,Bank of America Corp,,110
2026-07-02,Jun-26,Bank of Montreal,D. Porter/S. Anderson,125
2026-07-02,Jun-26,Bantleon AG,Daniel Hartmann,140
2026-07-02,Jun-26,Barclays Capital Inc.,Marc Giannoni,100
2026-07-02,Jun-26,Barings LLC,Jacob Meyer,70
2026-07-02,Jun-26,Berliner Sparkasse,Uwe Duerkop,75
2026-07-02,Jun-26,Bloomberg Economics,,200
2026-07-02,Jun-26,Briefing.com,,130
2026-07-02,Jun-26,Canadian Imperial Bank of Commerce,Avery Shenfeld,110
2026-07-02,Jun-26,Capital Economics Ltd,,110
2026-07-02,Jun-26,Citigroup Inc,,25
2026-07-02,Jun-26,Credit Agricole CIB,Nicholas Van Ness,105
2026-07-02,Jun-26,Dai-Ichi Life Research Institute Inc,Seiji Katsurahata,168
2026-07-02,Jun-26,Daiwa Capital Mkts,Lawrence Werther,105
2026-07-02,Jun-26,Danske Bank A/S,,100
2026-07-02,Jun-26,Dekabank Deutsche Girozentrale,Besch/Luetje,110
2026-07-02,Jun-26,Desjardins Financial Group,Jean/Genereux,80
2026-07-02,Jun-26,Deutsche Bank Securities Inc,Brett Ryan,75
2026-07-02,Jun-26,Fifth Third Bank National Assoc,William Adams,120
2026-07-02,Jun-26,First Trust Portfolios LP,Stein/Wesbury,72
2026-07-02,Jun-26,Freedom Finance Global PLC,Iurii Ichkitidze,110
2026-07-02,Jun-26,Goldman Sachs & Co LLC,,130
2026-07-02,Jun-26,HSBC Securities (USA) Inc,Ryan Wang,110
2026-07-02,Jun-26,Helaba Frankfurt,Patrick Franke,125
2026-07-02,Jun-26,Herrmann Forecasting LLC,John D Herrmann,124
2026-07-02,Jun-26,Hugh Johnson Economics LLC,Hugh A Johnson,83
2026-07-02,Jun-26,ING Financial Markets LLC,James Knightley,110
2026-07-02,Jun-26,Investec Bank PLC,Shaw/Henderson,160
2026-07-02,Jun-26,Itau Unibanco SA,,130
2026-07-02,Jun-26,JGP Gestao de Recursos Ltda/Brazil,,63
2026-07-02,Jun-26,JP Morgan Securities LLC,Michael E Feroli,125
2026-07-02,Jun-26,JPMorgan Asset Management Inc,David P Kelly,116
2026-07-02,Jun-26,Jefferies LLC,Thomas Simons,135
2026-07-02,Jun-26,Kennesaw State University,Mikhail I Melnik,165
2026-07-02,Jun-26,Landesbank Baden-Wuerttemberg,Dirk Chlench,150
2026-07-02,Jun-26,Lior Global Partners Sam,Christophe Barraud,124
2026-07-02,Jun-26,Mitsubishi UFJ Ast Mgt Co Ltd,Yongxin Chen,147
2026-07-02,Jun-26,Mizuho Securities USA LLC,,90
2026-07-02,Jun-26,Moody's Analytics Inc,,90
2026-07-02,Jun-26,Morgan Stanley Group Inc,,90
2026-07-02,Jun-26,National Bank of Canada Financial Inc,Marion/Paquet,90
2026-07-02,Jun-26,Nationwide Mutual Insurance Company,Kathleen Bostjancic,140
2026-07-02,Jun-26,Natixis North America LLC,Christopher Hodge,110
2026-07-02,Jun-26,Natwest Markets,Kevin Cummins,75
2026-07-02,Jun-26,Nomura Securities International Inc,,70
2026-07-02,Jun-26,Oxford Economics USA Inc,,85
2026-07-02,Jun-26,PNC Finl Services Group INC,Augustine Faucher,140
2026-07-02,Jun-26,PPR Capital Management LLC,Spencer Staples,119
2026-07-02,Jun-26,Pantheon Macroeconomics Ltd,Samuel Tombs,75
2026-07-02,Jun-26,Prestige Economics LLC,Jason M Schenker,145
2026-07-02,Jun-26,RBC Capital Markets LLC,Michael Reid,145
2026-07-02,Jun-26,RSM US LLp,Joe Brusuelas/Tuan Nguyen,180
2026-07-02,Jun-26,Regions Financial Corp,Richard F Moody,79
2026-07-02,Jun-26,SMBC Nikko Securities Inc,Yoshimasa Maruyama,130
2026-07-02,Jun-26,Santander US CM (ex-Amherst Pierpont),Stephen L Stanley,125
2026-07-02,Jun-26,Scotiabank,Derek Holt,90
2026-07-02,Jun-26,Societe Generale,Jan Groen,150
2026-07-02,Jun-26,Southbay Research,Andrew Zatlin,79
2026-07-02,Jun-26,Standard Chartered PLC,,80
2026-07-02,Jun-26,TD Securities (USA) LLC,Oscar Munoz,80
2026-07-02,Jun-26,UBS Securities LLC,,80
2026-07-02,Jun-26,University of Maryland,Peter G Morici,115
2026-07-02,Jun-26,University of Michigan,Daniil Manaenkov,90
2026-07-02,Jun-26,Vinland Capital Management II Gestora de Recursos Ltda,,100
2026-07-02,Jun-26,Visa USA Inc,Michael Brown,115
2026-07-02,Jun-26,Wells Fargo Bank NA,,120
2026-07-02,Jun-26,Wilmington Trust Company,Nash Peyton,100
2026-07-02,Jun-26,Wolfe Research LLC,Stephanie Roth,155
2026-07-02,Jun-26,Wrightson ICAP LLC,Crandall/Jordan,150
